2026-03-04 09:45:57,246 - ProfilingConsumer - INFO - Architecture: Debezium → Kafka → This Consumer → profiling_analysis
2026-03-04 09:45:57,247 - ProfilingConsumer - INFO - Mode: Real-time streaming (replaces DB triggers)
2026-03-04 09:45:57,248 - ProfilingConsumer - INFO - ============================================================
2026-03-04 09:45:57,248 - ProfilingConsumer - INFO - STARTING PROFILING CONSUMER
2026-03-04 09:45:57,249 - ProfilingConsumer - INFO - ============================================================
2026-03-04 09:45:57,460 - ProfilingConsumer - INFO - Profiling Consumer started. Waiting for messages...
2026-03-04 09:46:06,380 - ProfilingConsumer - WARNING - [CLAIM] Missing contract for claim 000c1e906fcbbe899d500195db7f137b
2026-03-04 09:46:06,425 - ProfilingConsumer - WARNING - [CLAIM] Missing contract for claim 001df4fb776bbe899d5001972c0e3d3a
2026-03-04 09:46:06,561 - ProfilingConsumer - WARNING - [CLAIM] Missing contract for claim 003ba7f90198be899d50018cab5b1f22
2026-03-04 09:46:06,621 - ProfilingConsumer - WARNING - [CLAIM] Missing contract for claim 00935d507b09be899d50018df27e44ed
2026-03-04 09:46:06,666 - ProfilingConsumer - WARNING - [CLAIM] Missing contract for claim 00e2a3fc1b9bbe899d50019925338c5d
2026-03-04 09:46:06,713 - ProfilingConsumer - WARNING - [CLAIM] Missing contract for claim 0e7eed673815be899d5001986ff53922
2026-03-04 09:46:06,756 - ProfilingConsumer - WARNING - [CLAIM] Missing contract for claim 0e885d705c0fbe899d5001957447fae1
2026-03-04 09:46:06,806 - ProfilingConsumer - WARNING - [CLAIM] Missing contract for claim 0e9e63b67b09be899d50018e02a99d2c
2026-03-04 09:46:06,846 - ProfilingConsumer - WARNING - [CLAIM] Missing contract for claim 0ed78e857a1bbe899d50019767560c3f
2026-03-04 09:46:06,917 - ProfilingConsumer - WARNING - [CLAIM] Missing contract for claim 0ee9ece04d25b6cbfa13019b53c36885
2026-03-04 09:46:06,977 - ProfilingConsumer - WARNING - [CLAIM] Missing contract for claim 0ef2ddf84588b6c00008019b0c758b13
2026-03-04 09:46:07,021 - ProfilingConsumer - WARNING - [CLAIM] Missing contract for claim 0f1d73f61b9bbe899d500198e5f5876b
2026-03-04 09:46:07,068 - ProfilingConsumer - WARNING - [CLAIM] Missing contract_object for claim 0f341efe6fcbbe899d50019637d95e40
2026-03-04 09:46:07,132 - ProfilingConsumer - WARNING - [CLAIM] Missing contract for claim 0f64f1042b7fbe899d50019134f0483e
2026-03-04 09:46:07,175 - ProfilingConsumer - WARNING - [CLAIM] Missing contract for claim 0f6b09026fcbbe899d500195cc68765e
2026-03-04 09:46:07,229 - ProfilingConsumer - WARNING - [CLAIM] Missing contract for claim 0f75e36675c8be899d50019569d2100d
2026-03-04 09:46:07,292 - ProfilingConsumer - WARNING - [CLAIM] Missing contract for claim 0f8301ff7a1bbe899d50019734065bf1
2026-03-04 09:46:07,343 - ProfilingConsumer - WARNING - [CLAIM] Missing contract for claim 0fa33b1256c5be899d5001998450f526
2026-03-04 09:46:07,410 - ProfilingConsumer - WARNING - [CLAIM] Missing contract for claim 0fdec3223ffdbe899d500198c786f210
2026-03-04 09:46:07,464 - ProfilingConsumer - WARNING - [CLAIM] Missing contract for claim 102e96fe2ffabe899d50019791c3e7f7
2026-03-04 09:46:07,515 - ProfilingConsumer - WARNING - [CLAIM] Missing contract for claim 1061d0035c0fbe899d500195741f844e
2026-03-04 09:46:07,565 - ProfilingConsumer - WARNING - [CLAIM] Missing contract for claim 10c0dcf81e92be899d500196b2423e7d
2026-03-04 09:46:07,612 - ProfilingConsumer - WARNING - [CLAIM] Missing contract for claim 10e106e4230dbe899d5001933e30684d
2026-03-04 09:46:07,661 - ProfilingConsumer - WARNING - [CLAIM] Missing contract for claim 11a5c9331b9bbe899d500198f3bbbfe5
2026-03-04 09:46:07,714 - ProfilingConsumer - WARNING - [CLAIM] Missing contract for claim 11c656ff1b9bbe899d50019919d5dfba
2026-03-04 09:46:07,762 - ProfilingConsumer - WARNING - [CLAIM] Missing contract for claim 11dd27f93e1dbe899d50018f3bfd2850
2026-03-04 09:46:07,816 - ProfilingConsumer - WARNING - [CLAIM] Missing contract for claim 122139956fcbbe899d5001963706f577
2026-03-04 09:46:07,859 - ProfilingConsumer - WARNING - [CLAIM] Missing contract for claim 123059fd1992be899d5001983b525fac
2026-03-04 09:46:07,901 - ProfilingConsumer - WARNING - [CLAIM] Missing contract for claim 123f2bfb1e92be899d500196ae14cc12
2026-03-04 09:46:07,945 - ProfilingConsumer - WARNING - [CLAIM] Missing contract for claim 1275dfe03ffdbe899d500198c7cb3983
2026-03-04 09:46:07,986 - ProfilingConsumer - WARNING - [CLAIM] Missing contract for claim 1278a77006bcb6c00008019b2bb53007
2026-03-04 09:46:08,045 - ProfilingConsumer - WARNING - [CLAIM] Missing contract for claim 12a3cefd1018be899d50018d0d650a7d
2026-03-04 09:46:08,095 - ProfilingConsumer - WARNING - [CLAIM] Missing contract for claim 1336ac601b9bbe899d500198e085abe4
2026-03-04 09:46:08,136 - ProfilingConsumer - WARNING - [CLAIM] Missing contract for claim 133a28fb51fcbe899d50019015eef495
2026-03-04 09:46:08,176 - ProfilingConsumer - WARNING - [CLAIM] Missing contract for claim 1352d7041b9bbe899d500199153c7d5b
2026-03-04 09:46:08,220 - ProfilingConsumer - WARNING - [CLAIM] Missing contract for claim 135972203815be899d5001986b545197
2026-03-04 09:46:08,262 - ProfilingConsumer - WARNING - [CLAIM] Missing contract for claim 13753cf73d48b529a2dd019b3ba677a6
2026-03-04 09:46:08,312 - ProfilingConsumer - WARNING - [CLAIM] Missing contract for claim 13e6dcf94bffbe899d50019804580c87
2026-03-04 09:46:08,354 - ProfilingConsumer - WARNING - [CLAIM] Missing contract for claim 13eb6fd23ffdbe899d500198cbeb651f
2026-03-04 09:46:08,394 - ProfilingConsumer - WARNING - [CLAIM] Missing contract for claim 13f620fc4e54b6c00008019b1b231dad
2026-03-04 09:46:08,437 - ProfilingConsumer - WARNING - [CLAIM] Missing contract for claim 140747ff776bbe899d500197314e84c3
2026-03-04 09:46:08,484 - ProfilingConsumer - WARNING - [CLAIM] Missing contract for claim 1410a2fc54ccbe899d50019523734983
2026-03-04 09:46:08,528 - ProfilingConsumer - WARNING - [CLAIM] Missing contract for claim 143c7bfa1c44b6cbfa13019b2fbb5bb6
2026-03-04 09:46:08,573 - ProfilingConsumer - WARNING - [CLAIM] Missing contract for claim 144fb2155c0fbe899d50019585b58428
2026-03-04 09:46:08,627 - ProfilingConsumer - WARNING - [CLAIM] Missing contract_object for claim 1473a8fc5941be899d5001983f631301
2026-03-04 09:46:08,679 - ProfilingConsumer - WARNING - [CLAIM] Missing contract for claim 147855fc682bbe899d5001994cb5f12f
2026-03-04 09:46:08,723 - ProfilingConsumer - WARNING - [CLAIM] Missing contract for claim 149b5ee21992be899d50019837daa7d5
2026-03-04 09:46:08,768 - ProfilingConsumer - WARNING - [CLAIM] Missing contract_object for claim 14bc43fe230dbe899d5001931bc3f0b1
2026-03-04 09:46:08,813 - ProfilingConsumer - WARNING - [CLAIM] Missing contract for claim 14cdc8643e1dbe899d50018f1e6b4da1
2026-03-04 09:46:08,866 - ProfilingConsumer - WARNING - [CLAIM] Missing contract for claim 14e629a6230dbe899d5001931a119cf6
2026-03-04 09:46:08,935 - ProfilingConsumer - WARNING - [CLAIM] Missing contract for claim 151d0ef56f20b6cbfa13019b2fc3d2a5
2026-03-04 09:46:09,016 - ProfilingConsumer - WARNING - [CLAIM] Missing contract for claim 1583eaff5b0cb6c00008019b30744f75
2026-03-04 09:46:09,067 - ProfilingConsumer - WARNING - [CLAIM] Missing contract_object for claim 15a4bde71d97be899d50018ff02e3862
2026-03-04 09:46:09,108 - ProfilingConsumer - WARNING - [CLAIM] Missing contract for claim 15b92c900ccbbe899d50018acf158817
2026-03-04 09:46:09,156 - ProfilingConsumer - WARNING - [CLAIM] Missing contract for claim 15cf73fb46d8b529a2dd019b3b70bdd6
2026-03-04 09:46:09,218 - ProfilingConsumer - WARNING - [CLAIM] Missing contract for claim 15db8d9513bebe899d50018db07bf29b
2026-03-04 09:46:09,267 - ProfilingConsumer - WARNING - [CLAIM] Missing contract_object for claim 15f199247f8bbe899d500194305e5988
2026-03-04 09:46:09,307 - ProfilingConsumer - WARNING - [CLAIM] Missing contract for claim 160563f97652be899d500191cb562e31
2026-03-04 09:46:09,345 - ProfilingConsumer - WARNING - [CLAIM] Missing contract for claim 164a3bfd6fcbbe899d500196345f6644
2026-03-04 09:46:09,384 - ProfilingConsumer - WARNING - [CLAIM] Missing contract for claim 1655e2c53b75be899d5001996b2d0708
2026-03-04 09:46:09,426 - ProfilingConsumer - WARNING - [CLAIM] Missing contract for claim 167064a654ccbe899d5001952153eca4
2026-03-04 09:46:09,467 - ProfilingConsumer - WARNING - [CLAIM] Missing contract for claim 169f95fd357cbe899d50019107f62ea6
2026-03-04 09:46:09,513 - ProfilingConsumer - WARNING - [CLAIM] Missing contract for claim 16a55dfe51fcbe899d500190346b55ff
2026-03-04 09:46:09,563 - ProfilingConsumer - WARNING - [CLAIM] Missing contract for claim 16c8b8b256c0be899d50019962521b32
2026-03-04 09:46:09,605 - ProfilingConsumer - WARNING - [CLAIM] Missing contract for claim 16e3afc01b9bbe899d5001991ed004b0
2026-03-04 09:46:09,648 - ProfilingConsumer - WARNING - [CLAIM] Missing contract for claim 16e74f551e92be899d500196d9abb8ed
2026-03-04 09:46:09,727 - ProfilingConsumer - WARNING - [CLAIM] Missing contract for claim 16ebf2f61018be899d50018d1bd90620
2026-03-04 09:46:09,781 - ProfilingConsumer - WARNING - [CLAIM] Missing contract_object for claim 16f6bdf834f5be899d50018c06e340ab
2026-03-04 09:46:09,821 - ProfilingConsumer - WARNING - [CLAIM] Missing contract for claim 180150731b9bbe899d5001990ecd2d32
2026-03-04 09:46:09,866 - ProfilingConsumer - WARNING - [CLAIM] Missing contract_object for claim 182d82ff1018be899d50018d02401ecc
2026-03-04 09:46:09,915 - ProfilingConsumer - WARNING - [CLAIM] Missing contract for claim 18700bd61b9bbe899d50019917f35bca
2026-03-04 09:46:09,983 - ProfilingConsumer - WARNING - [CLAIM] Missing contract for claim 1887e2fb7a1bbe899d5001974968adb9
2026-03-04 09:46:10,041 - ProfilingConsumer - WARNING - [CLAIM] Missing contract for claim 1889de736ef4b6c00008019b0c705d15
2026-03-04 09:46:10,088 - ProfilingConsumer - WARNING - [CLAIM] Missing contract for claim 188d59d77a13be899d5001946973381e
2026-03-04 09:46:10,139 - ProfilingConsumer - WARNING - [CLAIM] Missing contract for claim 18cc6cfa7a1bbe899d5001973de00542
2026-03-04 09:46:10,186 - ProfilingConsumer - WARNING - [CLAIM] Missing contract for claim 1900f1fc2f9bbe899d50018d5eab9886
2026-03-04 09:46:10,244 - ProfilingConsumer - WARNING - [CLAIM] Missing contract for claim 1949f8835941be899d5001984f2ff922
2026-03-04 09:46:10,285 - ProfilingConsumer - WARNING - [CLAIM] Missing contract for claim 194d76e61644be899d500197bfea788a
2026-03-04 09:46:10,368 - ProfilingConsumer - WARNING - [CLAIM] Missing contract for claim 19b9b2c57a13be899d50019481e3c511
2026-03-04 09:46:10,482 - ProfilingConsumer - WARNING - [CLAIM] Missing contract for claim 19be91537652be899d500191f3d6214b
2026-03-04 09:46:10,566 - ProfilingConsumer - WARNING - [CLAIM] Missing contract for claim 19ca47d617bdbe899d500194ca2eb104
2026-03-04 09:46:10,645 - ProfilingConsumer - WARNING - [CLAIM] Missing contract for claim 19e020fa6fcbbe899d5001963d582465
2026-03-04 09:46:10,766 - ProfilingConsumer - WARNING - [CLAIM] Missing contract for claim 1ab0b0fd1b9bbe899d500199127cd6b9
2026-03-04 09:46:10,838 - ProfilingConsumer - WARNING - [CLAIM] Missing contract for claim 1b0533f96fcbbe899d500196684f4c37
2026-03-04 09:46:10,885 - ProfilingConsumer - WARNING - [CLAIM] Missing contract_object for claim 1b35c7826a58be899d500199a302b1a4
2026-03-04 09:46:23,870 - ProfilingConsumer - WARNING - [CLAIM] Missing contract for claim 1e7ac1f43770b529a2dd019b4e85409a
2026-03-04 09:46:23,928 - ProfilingConsumer - WARNING - [CLAIM] Missing contract for claim 1eb49efe18b0b529a2dd019b4e78164a
2026-03-04 09:46:23,977 - ProfilingConsumer - WARNING - [CLAIM] Missing contract for claim 211254c53d48b529a2dd019b3ba4c95c
2026-03-04 09:46:24,030 - ProfilingConsumer - WARNING - [CLAIM] Missing contract for claim 21c5dfff2c64b529a2dd019b3b6bf1e5
2026-03-04 09:46:24,081 - ProfilingConsumer - WARNING - [CLAIM] Missing contract for claim 21f9a9fb2f4cb6c00008019b2f8aa126
2026-03-04 09:46:24,123 - ProfilingConsumer - WARNING - [CLAIM] Missing contract for claim 2234f8f81d26b6cbfa1301993c4a33f8
2026-03-04 09:46:24,173 - ProfilingConsumer - WARNING - [CLAIM] Missing contract for claim 232003fd5b0cb6c00008019b307246bc
2026-03-04 09:46:24,225 - ProfilingConsumer - WARNING - [CLAIM] Missing contract for claim 255a81c34e0cb6c00008019abf4f88c7
2026-03-04 09:46:24,282 - ProfilingConsumer - WARNING - [CLAIM] Missing contract for claim 257656fb28e8b6c00008019b3020695e
2026-03-04 09:46:24,321 - ProfilingConsumer - WARNING - [CLAIM] Missing contract for claim 27a5b35074a0b6c00008019b123c742f
2026-03-04 09:46:24,366 - ProfilingConsumer - WARNING - [CLAIM] Missing contract for claim 2aa291f8864cb6c00008019b1acc6107
2026-03-04 09:46:24,422 - ProfilingConsumer - WARNING - [CLAIM] Missing contract for claim 2b4b8a925338b529a2dd019b4e8b361f
2026-03-04 09:46:24,486 - ProfilingConsumer - WARNING - [CLAIM] Missing contract for claim 2c2d29d51f76b6cbfa13019b58ab279b
2026-03-04 09:46:24,539 - ProfilingConsumer - WARNING - [CLAIM] Missing contract for claim 2d125b960e0cb529a2dd019b4e6752f4
2026-03-04 09:46:24,584 - ProfilingConsumer - WARNING - [CLAIM] Missing contract for claim 2d3688fa4850b529a2dd019b4e89142e
2026-03-04 09:46:24,629 - ProfilingConsumer - WARNING - [CLAIM] Missing contract for claim 35565ca168acb529a2dd019b4e7f1490
2026-03-04 09:46:24,674 - ProfilingConsumer - WARNING - [CLAIM] Missing contract for claim 370258b16e98b6c00008019b3082e8ac
2026-03-04 09:46:24,718 - ProfilingConsumer - WARNING - [CLAIM] Missing contract for claim 3b40e2a265bcb529a2dd019b4e732fb8
2026-03-04 09:46:24,770 - ProfilingConsumer - WARNING - [CLAIM] Missing contract for claim 3f529cfe2a98b529a2dd019b3b899b3d
2026-03-04 09:46:24,818 - ProfilingConsumer - WARNING - [CLAIM] Missing contract for claim 3f901b6462feb6cbfa13019b58cf2139
2026-03-04 09:46:24,865 - ProfilingConsumer - WARNING - [CLAIM] Missing contract for claim 3fae6c833d48b529a2dd019b3ba46cb8
2026-03-04 09:46:24,925 - ProfilingConsumer - WARNING - [CLAIM] Missing contract for claim 3fe529f90969b6cbfa13019b2fc9eb3a
2026-03-04 09:46:24,978 - ProfilingConsumer - WARNING - [CLAIM] Missing contract for claim 4063f7fd03deb6cbfa13019b54273834
2026-03-04 09:46:25,037 - ProfilingConsumer - WARNING - [CLAIM] Missing contract for claim 419f51fb6020b529a2dd019b3b84ee78
2026-03-04 09:46:25,085 - ProfilingConsumer - WARNING - [CLAIM] Missing contract for claim 4455cdff9830b6c00008019b1b1ee163
2026-03-04 09:46:25,133 - ProfilingConsumer - WARNING - [CLAIM] Missing contract for claim 45da39fd7c14b6c00008019b122f0c00
2026-03-04 09:46:25,175 - ProfilingConsumer - WARNING - [CLAIM] Missing contract for claim 48353afa8680b6c00008019abf1cfa81
2026-03-04 09:46:25,231 - ProfilingConsumer - WARNING - [CLAIM] Missing contract for claim 483fcc161d60b6c00008019abf24cee6
2026-03-04 09:46:25,320 - ProfilingConsumer - WARNING - [CLAIM] Missing contract for claim 48502afe3770b529a2dd019b4e8004c5
2026-03-04 09:46:25,405 - ProfilingConsumer - WARNING - [CLAIM] Missing contract for claim 492dccf93af6b6cbfa13019c469ad5d7
2026-03-04 09:46:25,488 - ProfilingConsumer - WARNING - [CLAIM] Missing contract for claim 49ecfa6065bcb529a2dd019b4e71ec75
2026-03-04 09:46:25,534 - ProfilingConsumer - WARNING - [CLAIM] Missing contract for claim 4a4f48f90f58b6c00008019b0c74374a
2026-03-04 09:46:25,578 - ProfilingConsumer - WARNING - [CLAIM] Missing contract for claim 4aabe5655784b6c00008019b2bab75f7
2026-03-04 09:46:25,630 - ProfilingConsumer - WARNING - [CLAIM] Missing contract for claim 4c2879a1413cb529a2dd019b3b998117
2026-03-04 09:46:25,672 - ProfilingConsumer - WARNING - [CLAIM] Missing contract for claim 4d1adfa431e8b529a2dd019b3b8ec50e
2026-03-04 09:46:25,716 - ProfilingConsumer - WARNING - [CLAIM] Missing contract for claim 4d79d0fb5201b6cbfa13019b2f9feafa
2026-03-04 09:46:25,758 - ProfilingConsumer - WARNING - [CLAIM] Missing contract for claim 4efceff91f76b6cbfa13019b58a72718
2026-03-04 09:46:25,806 - ProfilingConsumer - WARNING - [CLAIM] Missing contract for claim 4f9170056668b6c00008019b20f7922b
2026-03-04 09:46:25,870 - ProfilingConsumer - WARNING - [CLAIM] Missing contract for claim 502655ff4e54b6c00008019b1b281823
2026-03-04 09:46:25,919 - ProfilingConsumer - WARNING - [CLAIM] Missing contract for claim 51fc00f86268b6c00008019b1ac2fef0
2026-03-04 09:46:25,962 - ProfilingConsumer - WARNING - [CLAIM] Missing contract for claim 55d7d8fa2b7cb6c00008019abf2aaf1a
2026-03-04 09:46:26,013 - ProfilingConsumer - WARNING - [CLAIM] Missing contract for claim 56cd50fe4d5cb6cbfa13019b53b11f51
2026-03-04 09:46:26,067 - ProfilingConsumer - WARNING - [CLAIM] Missing contract for claim 57fd53c56368b529a2dd019b3b8da570
2026-03-04 09:46:26,119 - ProfilingConsumer - WARNING - [CLAIM] Missing contract for claim 59a052fb1044b529a2dd019b3b75fc3d
2026-03-04 09:46:26,162 - ProfilingConsumer - WARNING - [CLAIM] Missing contract for claim 59bb90fd27a4b6c00008019b2b98b5de
2026-03-04 09:46:26,208 - ProfilingConsumer - WARNING - [CLAIM] Missing contract for claim 59d2e5f96a6db6cbfa13019b4e91ce79
2026-03-04 09:46:26,250 - ProfilingConsumer - WARNING - [CLAIM] Missing contract for claim 5a2087ff62f8b529a2dd019b53e0d631
2026-03-04 09:46:26,296 - ProfilingConsumer - WARNING - [CLAIM] Missing contract for claim 5a46bdf81d26b6cbfa1301993c590dd8
2026-03-04 09:46:26,336 - ProfilingConsumer - WARNING - [CLAIM] Missing contract for claim 5aa1f1d468e4b6c00008019b2bb799b7
2026-03-04 09:46:26,390 - ProfilingConsumer - WARNING - [CLAIM] Missing contract for claim 5be846fe7074b529a2dd019b53dfb78e
2026-03-04 09:46:26,437 - ProfilingConsumer - WARNING - [CLAIM] Missing contract for claim 5d9229f34e20b529a2dd019b53e283dc
2026-03-04 09:46:26,486 - ProfilingConsumer - WARNING - [CLAIM] Missing contract for claim 5f49caf96a74b6c00008019b0c6dbe1a
2026-03-04 09:46:26,536 - ProfilingConsumer - WARNING - [CLAIM] Missing contract for claim 5f8495fe669cb6c00008019b24e69533
2026-03-04 09:46:26,631 - ProfilingConsumer - WARNING - [CLAIM] Missing contract for claim 6064b4f92ddeb6cbfa13019b2bbe651a
2026-03-04 09:46:26,681 - ProfilingConsumer - WARNING - [CLAIM] Missing contract for claim 632dadd407bab6cbfa13019b68cd43fa
2026-03-04 09:46:26,730 - ProfilingConsumer - WARNING - [CLAIM] Missing contract for claim 682c6bfc369cb6c00008019b30805dbb
2026-03-04 09:46:26,775 - ProfilingConsumer - WARNING - [CLAIM] Missing contract for claim 68cc9ffd62f8b529a2dd019b53e061c8
2026-03-04 09:46:26,818 - ProfilingConsumer - WARNING - [CLAIM] Missing contract for claim 69856efc7074b529a2dd019b53ddf07c
2026-03-04 09:46:26,870 - ProfilingConsumer - WARNING - [CLAIM] Missing contract for claim 6d4956fd62feb6cbfa13019b58d4f0b0
2026-03-04 09:46:26,928 - ProfilingConsumer - WARNING - [CLAIM] Missing contract for claim 6d8921ff6288b6c00008019abf5c56d3
2026-03-04 09:46:26,976 - ProfilingConsumer - WARNING - [CLAIM] Missing contract for claim 6dc891f66020b529a2dd019b3b819982
2026-03-04 09:46:27,036 - ProfilingConsumer - WARNING - [CLAIM] Missing contract for claim 6ee405e22c64b529a2dd019b3b6fcaca
2026-03-04 09:46:27,136 - ProfilingConsumer - WARNING - [CLAIM] Missing contract for claim 71eb42f87c29b6cbfa13019b598cae05
2026-03-04 09:46:27,365 - ProfilingConsumer - WARNING - [CLAIM] Missing contract for claim 73d66e401e54b529a2dd019b3b7ca463
2026-03-04 09:46:27,869 - ProfilingConsumer - WARNING - [CLAIM] Missing contract for claim 743d9fc4cb944792a963f59184830a32
2026-03-04 09:46:28,053 - ProfilingConsumer - WARNING - [CLAIM] Missing contract for claim 763da1146408b529a2dd019b3b97d8e0
2026-03-04 09:46:28,240 - ProfilingConsumer - WARNING - [CLAIM] Missing contract for claim 76c883fa369cb6c00008019b307dbe34
2026-03-04 09:46:28,772 - ProfilingConsumer - WARNING - [CLAIM] Missing contract for claim 777059ff402cb529a2dd019b53c03645
2026-03-04 09:46:28,811 - ProfilingConsumer - WARNING - [CLAIM] Missing contract for claim 77e237733770b529a2dd019b4e823ec4
2026-03-04 09:46:29,365 - ProfilingConsumer - WARNING - [CLAIM] Missing contract for claim 796e88fb5201b6cbfa13019b2fac2885
2026-03-04 09:46:29,846 - ProfilingConsumer - WARNING - [CLAIM] Missing contract for claim 7abf08fe83e8b6c00008019b1ac621fd
2026-03-04 09:46:30,424 - ProfilingConsumer - WARNING - [CLAIM] Missing contract for claim 7c5f85fb4e54b6c00008019b1b2226c9
2026-03-04 09:46:30,511 - ProfilingConsumer - WARNING - [CLAIM] Missing contract for claim 814ed255017fb6cbfa13019b6841b4b6
2026-03-04 09:46:30,653 - ProfilingConsumer - WARNING - [CLAIM] Missing contract for claim 831bf6a6864cb6c00008019b1ac9118f
2026-03-04 09:46:30,806 - ProfilingConsumer - WARNING - [CLAIM] Missing contract for claim 833313d61c58b529a2dd019b4e87ea4d
2026-03-04 09:46:30,889 - ProfilingConsumer - WARNING - [CLAIM] Missing contract for claim 858f4f313770b529a2dd019b4e816f98
2026-03-04 09:46:30,989 - ProfilingConsumer - WARNING - [CLAIM] Missing contract for claim 87851cfe60f8b6c00008019b1ac4a15b
2026-03-04 09:46:31,068 - ProfilingConsumer - WARNING - [CLAIM] Missing contract for claim 8878fefc5240b529a2dd019b3b68df71
2026-03-04 09:46:31,118 - ProfilingConsumer - WARNING - [CLAIM] Missing contract for claim 89fa84fd5edcb529a2dd019b4e652b90
2026-03-04 09:46:31,169 - ProfilingConsumer - WARNING - [CLAIM] Missing contract for claim 8c529af83fa9b6cbfa13019b54db21d7
2026-03-04 09:46:31,234 - ProfilingConsumer - WARNING - [CLAIM] Missing contract for claim 8cc0a5f76668b6c00008019b20f90785
2026-03-04 09:46:31,290 - ProfilingConsumer - WARNING - [CLAIM] Missing contract for claim 8eb2f6424e0cb6c00008019abf4eba15
2026-03-04 09:46:31,338 - ProfilingConsumer - WARNING - [CLAIM] Missing contract for claim 8ffe08fc1f76b6cbfa13019b58ad9e23
2026-03-04 09:46:31,386 - ProfilingConsumer - WARNING - [CLAIM] Missing contract for claim 9085d7725dacb6c00008019abf00733a
2026-03-04 09:46:31,437 - ProfilingConsumer - WARNING - [CLAIM] Missing contract for claim 91737646432cb6c00008019abf522684
2026-03-04 09:46:31,496 - ProfilingConsumer - WARNING - [CLAIM] Missing contract for claim 950d3853022cb6c00008019b123b4620
2026-03-04 09:46:31,550 - ProfilingConsumer - WARNING - [CLAIM] Missing contract for claim 95b383e65f5bb6cbfa13019b5372c125
2026-03-04 09:46:31,616 - ProfilingConsumer - WARNING - [CLAIM] Missing contract for claim 96df77fe1044b529a2dd019b3b798a01
2026-03-04 09:46:31,665 - ProfilingConsumer - WARNING - [CLAIM] Missing contract for claim 9c5c9ba764a9b6cbfa13019b54876308
2026-03-04 09:46:31,721 - ProfilingConsumer - WARNING - [CLAIM] Missing contract for claim 9c8f12364e30b6c00008019b2106eb6c
2026-03-04 09:46:31,779 - ProfilingConsumer - WARNING - [CLAIM] Missing contract for claim 9cb3ca51669cb6c00008019b24e7058a
2026-03-04 09:46:31,831 - ProfilingConsumer - WARNING - [CLAIM] Missing contract for claim a1a732a41d60b6c00008019abf225cd8
2026-03-04 09:46:31,883 - ProfilingConsumer - WARNING - [CLAIM] Missing contract for claim a1ad9ff88680b6c00008019abf1b8266
2026-03-04 09:46:31,932 - ProfilingConsumer - WARNING - [CLAIM] Missing contract for claim a2e80cff017fb6cbfa13019b68231d8e
2026-03-04 09:46:31,990 - ProfilingConsumer - WARNING - [CLAIM] Missing contract for claim a3145be35784b6c00008019b2baa8047
2026-03-04 09:46:32,063 - ProfilingConsumer - WARNING - [CLAIM] Missing contract for claim a3b278175ff8b6c00008019abf5573ca
2026-03-04 09:46:32,149 - ProfilingConsumer - WARNING - [CLAIM] Missing contract for claim a3b7bdf80f58b6c00008019b0c727255
2026-03-04 09:46:32,231 - ProfilingConsumer - WARNING - [CLAIM] Missing contract for claim a42ea2515201b6cbfa13019b2fa68046
2026-03-04 09:46:32,303 - ProfilingConsumer - WARNING - [CLAIM] Missing contract for claim a49a68f94588b6c00008019b0c7753dc
2026-03-04 09:46:32,368 - ProfilingConsumer - WARNING - [CLAIM] Missing contract for claim a85fd8ff66c9b6cbfa13019b53d2ffc2
2026-03-04 09:46:32,434 - ProfilingConsumer - WARNING - [CLAIM] Missing contract for claim a8c6a6c53e2cb6c00008019b307c1f20
2026-03-04 09:46:52,460 - ProfilingConsumer - WARNING - [CLAIM] Missing contract for claim aac0388026d8b529a2dd019b3b6378a4
2026-03-04 09:46:52,514 - ProfilingConsumer - WARNING - [CLAIM] Missing contract for claim aaf7c6f96020b529a2dd019b3b849305
2026-03-04 09:46:52,565 - ProfilingConsumer - WARNING - [CLAIM] Missing contract for claim ac6aadf85701b6cbfa13019a95151d72
2026-03-04 09:46:52,607 - ProfilingConsumer - WARNING - [CLAIM] Missing contract for claim adbd23fd9830b6c00008019b1b187b38
2026-03-04 09:46:52,653 - ProfilingConsumer - WARNING - [CLAIM] Missing contract for claim ae33aefb7c14b6c00008019b122c7083
2026-03-04 09:46:52,706 - ProfilingConsumer - WARNING - [CLAIM] Missing contract for claim ae5b3dfd3c40b6c00008019b2f88a302
2026-03-04 09:46:52,754 - ProfilingConsumer - WARNING - [CLAIM] Missing contract for claim b0c4cbfb4d5cb6cbfa13019b5383688d
2026-03-04 09:46:52,806 - ProfilingConsumer - WARNING - [CLAIM] Missing contract for claim b3948ab12ab8b6c00008019b30283d98
2026-03-04 09:46:52,872 - ProfilingConsumer - WARNING - [CLAIM] Missing contract for claim b4b1b3c42c1cb529a2dd019b4e77644b
2026-03-04 09:46:52,917 - ProfilingConsumer - WARNING - [CLAIM] Missing contract for claim b98ebafe4e54b6c00008019b1b26e48b
2026-03-04 09:46:52,990 - ProfilingConsumer - WARNING - [CLAIM] Missing contract for claim ba0f27e3071cb529a2dd019b53d18ad1
2026-03-04 09:46:53,053 - ProfilingConsumer - WARNING - [CLAIM] Missing contract for claim be304ef82b7cb6c00008019abf2891ae
2026-03-04 09:46:53,094 - ProfilingConsumer - WARNING - [CLAIM] Missing contract for claim c25ecb822c1cb529a2dd019b4e770313
2026-03-04 09:46:53,145 - ProfilingConsumer - WARNING - [CLAIM] Missing contract for claim c2fdc3fa7074b529a2dd019b53db7d9b
2026-03-04 09:46:53,188 - ProfilingConsumer - WARNING - [CLAIM] Missing contract for claim c3260b221094b529a2dd019b53ce9ee8
2026-03-04 09:46:53,234 - ProfilingConsumer - WARNING - [CLAIM] Missing contract for claim c63107756020b529a2dd019b3b802a58
2026-03-04 09:46:53,276 - ProfilingConsumer - WARNING - [CLAIM] Missing contract for claim c6d1a9f8531cb529a2dd019b53d9e0e6
2026-03-04 09:46:53,332 - ProfilingConsumer - WARNING - [CLAIM] Missing contract for claim c75d6a612c64b529a2dd019b3b6c6067
2026-03-04 09:46:53,378 - ProfilingConsumer - WARNING - [CLAIM] Missing contract for claim c8b238260924b6c00008019b20f6c0e9
2026-03-04 09:46:53,438 - ProfilingConsumer - WARNING - [CLAIM] Missing contract for claim c98d7b5380a8b6c00008019abf1e95d8
2026-03-04 09:46:53,515 - ProfilingConsumer - WARNING - [CLAIM] Missing contract for claim ca8021a544fdb6cbfa13019b2e95e906
2026-03-04 09:46:53,575 - ProfilingConsumer - WARNING - [CLAIM] Missing contract for claim cb13ece8b4b04fbf8c2d72e59aa6a045
2026-03-04 09:46:53,625 - ProfilingConsumer - WARNING - [CLAIM] Missing contract for claim cd3d4ec174a0b6c00008019b129123a2
2026-03-04 09:46:53,670 - ProfilingConsumer - WARNING - [CLAIM] Missing contract for claim CLM001
2026-03-04 09:46:53,708 - ProfilingConsumer - WARNING - [CLAIM] Missing contract for claim d09aebf87074b529a2dd019b53dab954
2026-03-04 09:46:53,752 - ProfilingConsumer - WARNING - [CLAIM] Missing contract for claim d0fae3502c1cb529a2dd019b4e75c2c6
2026-03-04 09:46:53,790 - ProfilingConsumer - WARNING - [CLAIM] Missing contract for claim d0ffc2fe254cb6c00008019abf13e174
2026-03-04 09:46:53,829 - ProfilingConsumer - WARNING - [CLAIM] Missing contract for claim d3026bfe07bab6cbfa13019b6d781aaf
2026-03-04 09:46:53,874 - ProfilingConsumer - WARNING - [CLAIM] Missing contract for claim d4c3c3fd10adb6cbfa13019a2f27b5fa
2026-03-04 09:46:53,915 - ProfilingConsumer - WARNING - [CLAIM] Missing contract for claim d5f927302a98b529a2dd019b3b8ae836
2026-03-04 09:46:53,968 - ProfilingConsumer - WARNING - [CLAIM] Missing contract for claim d61cbafd280eb6cbfa13019b2be35ad9
2026-03-04 09:46:54,017 - ProfilingConsumer - WARNING - [CLAIM] Missing contract for claim d79c03f84d5cb6cbfa13019b53a7416c
2026-03-04 09:46:54,060 - ProfilingConsumer - WARNING - [CLAIM] Missing contract for claim d9e2ff44669cb6c00008019b24e7860a
2026-03-04 09:46:54,105 - ProfilingConsumer - WARNING - [CLAIM] Missing contract for claim dcc1def568e4b6c00008019b0c6c6ec8
2026-03-04 09:46:54,158 - ProfilingConsumer - WARNING - [CLAIM] Missing contract for claim de91c1ff4640b529a2dd019b3b95840f
2026-03-04 09:46:54,208 - ProfilingConsumer - WARNING - [CLAIM] Missing contract for claim e1e064fa5240b529a2dd019b3b665934
2026-03-04 09:46:54,250 - ProfilingConsumer - WARNING - [CLAIM] Missing contract for claim e1fe36fa5380b529a2dd019b3b94a472
2026-03-04 09:46:54,313 - ProfilingConsumer - WARNING - [CLAIM] Missing contract for claim e361e7566224b529a2dd019b3b922b16
2026-03-04 09:46:54,357 - ProfilingConsumer - WARNING - [CLAIM] Missing contract for claim e7e0750127184f4c8f743796e7f21157
2026-03-04 09:46:54,400 - ProfilingConsumer - WARNING - [CLAIM] Missing contract for claim e86314f918cdb6cbfa13019b2aff3eab
2026-03-04 09:46:54,443 - ProfilingConsumer - WARNING - [CLAIM] Missing contract for claim e9fe066545b4b6c00008019b2baf1643
2026-03-04 09:46:54,493 - ProfilingConsumer - WARNING - [CLAIM] Missing contract for claim eaec58e09830b6c00008019b1b1f4a6e
2026-03-04 09:46:54,538 - ProfilingConsumer - WARNING - [CLAIM] Missing contract for claim ede6c3fc759cb6c00008019b0c6a9fba
2026-03-04 09:46:54,584 - ProfilingConsumer - WARNING - [CLAIM] Missing contract for claim ee870cfe2c1cb529a2dd019b4e752204
2026-03-04 09:46:54,636 - ProfilingConsumer - WARNING - [CLAIM] Missing contract for claim f0184cfa64a9b6cbfa13019b5485e924
2026-03-04 09:46:54,698 - ProfilingConsumer - WARNING - [CLAIM] Missing contract for claim f1f11ed664a9b6cbfa13019b547c9716
2026-03-04 09:46:54,742 - ProfilingConsumer - WARNING - [CLAIM] Missing contract for claim f72727fe68acb529a2dd019b4e7983ce
2026-03-04 09:46:54,795 - ProfilingConsumer - WARNING - [CLAIM] Missing contract for claim faef69a653a0b529a2dd019b53c17fa8
2026-03-04 09:46:54,837 - ProfilingConsumer - WARNING - [CLAIM] Missing contract for claim fb2e1ff85784b6c00008019b24eed0d0
2026-03-04 09:46:54,888 - ProfilingConsumer - WARNING - [CLAIM] Missing contract for claim fe17ccfc9158b6c00008019b1abdffec
2026-03-04 09:46:54,936 - ProfilingConsumer - WARNING - [CLAIM] Missing contract for claim fe65add1022cb6c00008019b12311c0b
2026-03-04 09:46:54,989 - ProfilingConsumer - WARNING - [CLAIM] Missing contract for claim fef0240403deb6cbfa13019b542ca65f
2026-03-04 09:46:55,041 - ProfilingConsumer - WARNING - [CLAIM] Missing contract for claim ff38ecfd1044b529a2dd019b3b78a9b9
2026-03-04 09:52:12,675 - ProfilingConsumer - INFO - ============================================================
2026-03-04 09:52:12,676 - ProfilingConsumer - INFO - PROFILING CONSUMER STATISTICS
2026-03-04 09:52:12,676 - ProfilingConsumer - INFO - ============================================================
2026-03-04 09:52:12,677 - ProfilingConsumer - INFO - Running time: 375s
2026-03-04 09:52:12,677 - ProfilingConsumer - INFO - Messages processed: 9100
2026-03-04 09:52:12,678 - ProfilingConsumer - INFO - Errors: 0
2026-03-04 09:52:12,679 - ProfilingConsumer - INFO - Claim events: 0
2026-03-04 09:52:12,679 - ProfilingConsumer - INFO - Contract events: 3155
2026-03-04 09:52:12,680 - ProfilingConsumer - INFO - Contract Object events: 5706
2026-03-04 09:52:12,680 - ProfilingConsumer - INFO - Inserts: 0
2026-03-04 09:52:12,681 - ProfilingConsumer - INFO - Updates: 214
2026-03-04 09:52:12,681 - ProfilingConsumer - INFO - Deletes: 0
2026-03-04 09:52:12,682 - ProfilingConsumer - INFO - Skipped: 239
2026-03-04 09:52:12,683 - ProfilingConsumer - INFO - ============================================================
2026-03-04 09:52:36,208 - ProfilingConsumer - INFO - ============================================================
2026-03-04 09:52:36,209 - ProfilingConsumer - INFO - PROFILING CONSUMER STATISTICS
2026-03-04 09:52:36,209 - ProfilingConsumer - INFO - ============================================================
2026-03-04 09:52:36,210 - ProfilingConsumer - INFO - Running time: 399s
2026-03-04 09:52:36,211 - ProfilingConsumer - INFO - Messages processed: 9600
2026-03-04 09:52:36,211 - ProfilingConsumer - INFO - Errors: 0
2026-03-04 09:52:36,212 - ProfilingConsumer - INFO - Claim events: 0
2026-03-04 09:52:36,212 - ProfilingConsumer - INFO - Contract events: 3155
2026-03-04 09:52:36,213 - ProfilingConsumer - INFO - Contract Object events: 6206
2026-03-04 09:52:36,214 - ProfilingConsumer - INFO - Inserts: 0
2026-03-04 09:52:36,214 - ProfilingConsumer - INFO - Updates: 223
2026-03-04 09:52:36,215 - ProfilingConsumer - INFO - Deletes: 0
2026-03-04 09:52:36,215 - ProfilingConsumer - INFO - Skipped: 239
2026-03-04 09:52:36,216 - ProfilingConsumer - INFO - ============================================================
2026-03-04 15:44:25,188 - ProfilingConsumer - INFO - Received SIGTERM — initiating graceful shutdown...
2026-03-04 15:44:25,845 - ProfilingConsumer - INFO - Cleaning up resources...
2026-03-04 15:44:25,847 - ProfilingConsumer - INFO - ============================================================
2026-03-04 15:44:25,849 - ProfilingConsumer - INFO - PROFILING CONSUMER STATISTICS
2026-03-04 15:44:25,850 - ProfilingConsumer - INFO - ============================================================
2026-03-04 15:44:25,852 - ProfilingConsumer - INFO - Running time: 21508s
2026-03-04 15:44:25,853 - ProfilingConsumer - INFO - Messages processed: 11249
2026-03-04 15:44:25,854 - ProfilingConsumer - INFO - Errors: 0
2026-03-04 15:44:25,856 - ProfilingConsumer - INFO - Claim events: 0
2026-03-04 15:44:25,857 - ProfilingConsumer - INFO - Contract events: 3164
2026-03-04 15:44:25,858 - ProfilingConsumer - INFO - Contract Object events: 7846
2026-03-04 15:44:25,858 - ProfilingConsumer - INFO - Inserts: 0
2026-03-04 15:44:25,859 - ProfilingConsumer - INFO - Updates: 241
2026-03-04 15:44:25,860 - ProfilingConsumer - INFO - Deletes: 0
2026-03-04 15:44:25,861 - ProfilingConsumer - INFO - Skipped: 239
2026-03-04 15:44:25,862 - ProfilingConsumer - INFO - ============================================================
2026-03-04 15:44:25,884 - ProfilingConsumer - INFO - Kafka consumer closed
2026-03-04 15:44:25,938 - ProfilingConsumer - INFO - Profiling Consumer stopped
2026-03-04 16:15:40,545 - ProfilingConsumer - INFO - Architecture: Debezium → Kafka → This Consumer → profiling_analysis
2026-03-04 16:15:40,546 - ProfilingConsumer - INFO - Mode: Real-time streaming (replaces DB triggers)
2026-03-04 16:15:40,547 - ProfilingConsumer - INFO - ============================================================
2026-03-04 16:15:40,548 - ProfilingConsumer - INFO - STARTING PROFILING CONSUMER
2026-03-04 16:15:40,548 - ProfilingConsumer - INFO - ============================================================
2026-03-04 16:15:40,754 - ProfilingConsumer - INFO - Profiling Consumer started. Waiting for messages...
2026-03-04 16:15:53,092 - ProfilingConsumer - WARNING - [CLAIM] Missing contract for claim 000c1e906fcbbe899d500195db7f137b
2026-03-04 16:15:53,133 - ProfilingConsumer - WARNING - [CLAIM] Missing contract for claim 001df4fb776bbe899d5001972c0e3d3a
2026-03-04 16:15:53,173 - ProfilingConsumer - WARNING - [CLAIM] Missing contract for claim 003ba7f90198be899d50018cab5b1f22
2026-03-04 16:15:53,223 - ProfilingConsumer - WARNING - [CLAIM] Missing contract for claim 00935d507b09be899d50018df27e44ed
2026-03-04 16:15:53,268 - ProfilingConsumer - WARNING - [CLAIM] Missing contract for claim 00e2a3fc1b9bbe899d50019925338c5d
2026-03-04 16:15:53,320 - ProfilingConsumer - WARNING - [CLAIM] Missing contract for claim 01485f074feebe899d500197018a4934
2026-03-04 16:15:53,363 - ProfilingConsumer - WARNING - [CLAIM] Missing contract for claim 017dee261e92be899d500196ed37d23b
2026-03-04 16:15:53,403 - ProfilingConsumer - WARNING - [CLAIM] Missing contract for claim 018e21fc3296be899d500195a302aad4
2026-03-04 16:15:53,443 - ProfilingConsumer - WARNING - [CLAIM] Missing contract for claim 01f839f83815be899d5001987fc5ed66
2026-03-04 16:15:53,490 - ProfilingConsumer - WARNING - [CLAIM] Missing contract for claim 0213d7ff3815be899d500198743465ad
2026-03-04 16:15:53,542 - ProfilingConsumer - WARNING - [CLAIM] Missing contract for claim 024e44fc7a13be899d500194772d3f73
2026-03-04 16:15:53,586 - ProfilingConsumer - WARNING - [CLAIM] Missing contract for claim 0251a7406d9cbe899d5001971a72ae30
2026-03-04 16:15:53,632 - ProfilingConsumer - WARNING - [CLAIM] Missing contract for claim 027775156fcbbe899d50019628ebd7e3
2026-03-04 16:15:53,672 - ProfilingConsumer - WARNING - [CLAIM] Missing contract for claim 02bafbfe4bffbe899d5001980415892a
2026-03-04 16:15:53,724 - ProfilingConsumer - WARNING - [CLAIM] Missing contract for claim 02be95034ea9be899d5001981cba36fb
2026-03-04 16:15:53,784 - ProfilingConsumer - WARNING - [CLAIM] Missing contract for claim 03a7146656c5be899d50019984c98f96
2026-03-04 16:15:53,836 - ProfilingConsumer - WARNING - [CLAIM] Missing contract for claim 03b844fa1924be899d500199462bba4b
2026-03-04 16:15:53,926 - ProfilingConsumer - WARNING - [CLAIM] Missing contract for claim 0412eefd2223be899d50019955e0dd05
2026-03-04 16:15:53,985 - ProfilingConsumer - WARNING - [CLAIM] Missing contract for claim 04495090776bbe899d5001972bc4b4b1
2026-03-04 16:15:54,023 - ProfilingConsumer - WARNING - [CLAIM] Missing contract for claim 04603cf86020b529a2dd019b3b82a658
2026-03-04 16:15:54,062 - ProfilingConsumer - WARNING - [CLAIM] Missing contract for claim 04a1dcfe230dbe899d5001932446937d
2026-03-04 16:15:54,136 - ProfilingConsumer - WARNING - [CLAIM] Missing contract for claim 04adb8fc604abe899d5001993cb21cfb
2026-03-04 16:15:54,179 - ProfilingConsumer - WARNING - [CLAIM] Missing contract for claim 04af6cfb1e92be899d500196e8ec303a
2026-03-04 16:15:54,232 - ProfilingConsumer - WARNING - [CLAIM] Missing contract for claim 051a95fa3815be899d500198740f3323
2026-03-04 16:15:54,499 - ProfilingConsumer - WARNING - [CLAIM] Missing contract for claim 054933fb5696be899d500197ddb86fc2
2026-03-04 16:15:54,583 - ProfilingConsumer - WARNING - [CLAIM] Missing contract for claim 05554efc6fcbbe899d5001964d2b972c
2026-03-04 16:15:54,634 - ProfilingConsumer - WARNING - [CLAIM] Missing contract for claim 059724226b59be899d500194df641cba
2026-03-04 16:15:54,708 - ProfilingConsumer - WARNING - [CLAIM] Missing contract for claim 05d5ee5260cdbe899d5001928f1cdbab
2026-03-04 16:15:54,747 - ProfilingConsumer - WARNING - [CLAIM] Missing contract for claim 0648b2fc3815be899d5001987a083008
2026-03-04 16:15:54,800 - ProfilingConsumer - WARNING - [CLAIM] Missing contract for claim 065b56841924be899d5001994775dc64
2026-03-04 16:15:54,841 - ProfilingConsumer - WARNING - [CLAIM] Missing contract for claim 06b9c7fc6fcbbe899d50019618d6aa13
2026-03-04 16:15:54,887 - ProfilingConsumer - WARNING - [CLAIM] Missing contract for claim 06ddf006493bb6cbfa13019b367ab11e
2026-03-04 16:15:54,932 - ProfilingConsumer - WARNING - [CLAIM] Missing contract for claim 06f9d5fa51fcbe899d5001903463e1e9
2026-03-04 16:15:54,979 - ProfilingConsumer - WARNING - [CLAIM] Missing contract for claim 0707c1f9776bbe899d5001973124fb19
2026-03-04 16:15:55,017 - ProfilingConsumer - WARNING - [CLAIM] Missing contract for claim 072698fc9830b6c00008019b1b1582f5
2026-03-04 16:15:55,053 - ProfilingConsumer - WARNING - [CLAIM] Missing contract for claim 073548fe75c8be899d50019545bb79dc
2026-03-04 16:15:55,107 - ProfilingConsumer - WARNING - [CLAIM] Missing contract for claim 073c92fe022ebe899d500192cd0bf76e
2026-03-04 16:15:55,151 - ProfilingConsumer - WARNING - [CLAIM] Missing contract for claim 074939f83439be899d5001925a0bee95
2026-03-04 16:15:55,195 - ProfilingConsumer - WARNING - [CLAIM] Missing contract for claim 076a8142230dbe899d5001932ea587b6
2026-03-04 16:15:55,253 - ProfilingConsumer - WARNING - [CLAIM] Missing contract for claim 0785fc606fcbbe899d5001961904325f
2026-03-04 16:15:55,312 - ProfilingConsumer - WARNING - [CLAIM] Missing contract for claim 0799a73714d0be899d50018f8ddd5dcc
2026-03-04 16:15:55,358 - ProfilingConsumer - WARNING - [CLAIM] Missing contract for claim 07a6d4f86fcbbe899d5001967128003f
2026-03-04 16:15:55,397 - ProfilingConsumer - WARNING - [CLAIM] Missing contract for claim 07b54cfa4ea9be899d500198225b8b57
2026-03-04 16:15:55,432 - ProfilingConsumer - WARNING - [CLAIM] Missing contract for claim 07b5b1f17652be899d50019203d02091
2026-03-04 16:15:55,477 - ProfilingConsumer - WARNING - [CLAIM] Missing contract for claim 07c171371b9bbe899d5001991db588dc
2026-03-04 16:15:55,517 - ProfilingConsumer - WARNING - [CLAIM] Missing contract for claim 080f1cfe3439be899d50019246271bac
2026-03-04 16:15:55,566 - ProfilingConsumer - WARNING - [CLAIM] Missing contract for claim 082528657a1bbe899d50019739907ab7
2026-03-04 16:15:55,612 - ProfilingConsumer - WARNING - [CLAIM] Missing contract for claim 082b38fe5696be899d500197d4b54dcb
2026-03-04 16:15:55,651 - ProfilingConsumer - WARNING - [CLAIM] Missing contract for claim 08540f8434f5be899d50018c237e04c7
2026-03-04 16:15:55,724 - ProfilingConsumer - WARNING - [CLAIM] Missing contract for claim 08fc03fa6fc4b6c00008019b2ba927d0
2026-03-04 16:15:55,775 - ProfilingConsumer - WARNING - [CLAIM] Missing contract for claim 0914b2a16fcbbe899d5001963c9e4d6e
2026-03-04 16:15:55,819 - ProfilingConsumer - WARNING - [CLAIM] Missing contract for claim 097f7d2503deb6cbfa13019b53e001fa
2026-03-04 16:15:55,876 - ProfilingConsumer - WARNING - [CLAIM] Missing contract for claim 09a946d27a1bbe899d5001978351dc62
2026-03-04 16:15:55,919 - ProfilingConsumer - WARNING - [CLAIM] Missing contract for claim 09c682ff776bbe899d5001972acaf425
2026-03-04 16:15:55,980 - ProfilingConsumer - WARNING - [CLAIM] Missing contract for claim 09dbf2026fcbbe899d500195c6523d2c
2026-03-04 16:15:56,029 - ProfilingConsumer - WARNING - [CLAIM] Missing contract for claim 09ddb6956fcbbe899d500195bc67f89e
2026-03-04 16:15:56,136 - ProfilingConsumer - WARNING - [CLAIM] Missing contract for claim 09efc3fb617bbe899d5001919cceb195
2026-03-04 16:15:56,190 - ProfilingConsumer - WARNING - [CLAIM] Missing contract for claim 0a58b8f91b9bbe899d500198e4d65916
2026-03-04 16:15:56,264 - ProfilingConsumer - WARNING - [CLAIM] Missing contract for claim 0a5a98856fcbbe899d500195cdb0d5cb
2026-03-04 16:15:56,323 - ProfilingConsumer - WARNING - [CLAIM] Missing contract for claim 0a7318f71b9bbe899d500198e6a4c29c
2026-03-04 16:15:56,369 - ProfilingConsumer - WARNING - [CLAIM] Missing contract for claim 0a9513a74463be899d50019998809c9f
2026-03-04 16:15:56,408 - ProfilingConsumer - WARNING - [CLAIM] Missing contract for claim 0a9905200b6dbe899d500192743081d7
2026-03-04 16:15:56,455 - ProfilingConsumer - WARNING - [CLAIM] Missing contract for claim 0ad9f7f92f70b6c00008019b2b9d4f2b
2026-03-04 16:15:56,499 - ProfilingConsumer - WARNING - [CLAIM] Missing contract for claim 0b02df325c0fbe899d5001958fa166f9
2026-03-04 16:15:56,539 - ProfilingConsumer - WARNING - [CLAIM] Missing contract for claim 0b1e67f56a6db6cbfa13019b4e8b2503
2026-03-04 16:15:56,588 - ProfilingConsumer - WARNING - [CLAIM] Missing contract for claim 0b3e10fe4e50be899d5001970ceb1a83
2026-03-04 16:15:56,640 - ProfilingConsumer - WARNING - [CLAIM] Missing contract for claim 0b8b30f87a1bbe899d50019750111ec6
2026-03-04 16:15:56,687 - ProfilingConsumer - WARNING - [CLAIM] Missing contract for claim 0ba8135512debe899d50018bbc5a18e1
2026-03-04 16:15:56,742 - ProfilingConsumer - WARNING - [CLAIM] Missing contract for claim 0c4258fc7a1bbe899d50019757b644f6
2026-03-04 16:15:56,795 - ProfilingConsumer - WARNING - [CLAIM] Missing contract for claim 0c5dfbf27a1bbe899d5001974ada44b9
2026-03-04 16:15:56,854 - ProfilingConsumer - WARNING - [CLAIM] Missing contract for claim 0c742f067a1bbe899d50019779a199e5
2026-03-04 16:15:56,909 - ProfilingConsumer - WARNING - [CLAIM] Missing contract for claim 0c879bf53815be899d50019899dd9c1a
2026-03-04 16:15:56,960 - ProfilingConsumer - WARNING - [CLAIM] Missing contract for claim 0ca377041e92be899d500196eb645702
2026-03-04 16:15:57,012 - ProfilingConsumer - WARNING - [CLAIM] Missing contract for claim 0cb49efd5898b529a2dd019b4e862bcb
2026-03-04 16:15:57,076 - ProfilingConsumer - WARNING - [CLAIM] Missing contract for claim 0ce91cff6fcbbe899d500196a942715a
2026-03-04 16:15:57,131 - ProfilingConsumer - WARNING - [CLAIM] Missing contract for claim 0cf4561775c8be899d50019546b63484
2026-03-04 16:15:57,176 - ProfilingConsumer - WARNING - [CLAIM] Missing contract for claim 0d1bdd955ff8b6c00008019abf536f72
2026-03-04 16:15:57,223 - ProfilingConsumer - WARNING - [CLAIM] Missing contract for claim 0d229f4249d9be899d500194031b1677
2026-03-04 16:15:57,270 - ProfilingConsumer - WARNING - [CLAIM] Missing contract for claim 0d247dfa230dbe899d500193425dab18
2026-03-04 16:15:57,316 - ProfilingConsumer - WARNING - [CLAIM] Missing contract for claim 0d2db3f90963be899d5001997174301d
2026-03-04 16:15:57,374 - ProfilingConsumer - WARNING - [CLAIM] Missing contract for claim 0d72e4606fcbbe899d5001966087ea42
2026-03-04 16:15:57,420 - ProfilingConsumer - WARNING - [CLAIM] Missing contract for claim 0d7cb0725784b6c00008019b2baa2aff
2026-03-04 16:15:57,465 - ProfilingConsumer - WARNING - [CLAIM] Missing contract for claim 0da418f91992be899d5001982dfcece8
2026-03-04 16:15:57,513 - ProfilingConsumer - WARNING - [CLAIM] Missing contract for claim 0dbf7bf93815be899d50019874145468
2026-03-04 16:15:57,562 - ProfilingConsumer - WARNING - [CLAIM] Missing contract for claim 0dfa6aff7a1bbe899d5001978b267c33
2026-03-04 16:15:57,603 - ProfilingConsumer - WARNING - [CLAIM] Missing contract for claim 0e05b6777a1bbe899d50019743826c68
2026-03-04 16:15:57,704 - ProfilingConsumer - WARNING - [CLAIM] Missing contract for claim 0e4e0ca1230dbe899d5001931e60e371
2026-03-04 16:15:57,767 - ProfilingConsumer - WARNING - [CLAIM] Missing contract for claim 0e63a0ff5696be899d500197f373d51f
2026-03-04 16:15:57,811 - ProfilingConsumer - WARNING - [CLAIM] Missing contract for claim 0e7177fc5158b6c00008019b0c7f0a10
2026-03-04 16:16:05,342 - ProfilingConsumer - WARNING - [CLAIM] Missing contract for claim 0e7eed673815be899d5001986ff53922
2026-03-04 16:16:05,391 - ProfilingConsumer - WARNING - [CLAIM] Missing contract for claim 0e885d705c0fbe899d5001957447fae1
2026-03-04 16:16:05,432 - ProfilingConsumer - WARNING - [CLAIM] Missing contract for claim 0e9e63b67b09be899d50018e02a99d2c
2026-03-04 16:16:05,481 - ProfilingConsumer - WARNING - [CLAIM] Missing contract for claim 0ed78e857a1bbe899d50019767560c3f
2026-03-04 16:16:05,526 - ProfilingConsumer - WARNING - [CLAIM] Missing contract for claim 0ee9ece04d25b6cbfa13019b53c36885
2026-03-04 16:16:05,575 - ProfilingConsumer - WARNING - [CLAIM] Missing contract for claim 0ef2ddf84588b6c00008019b0c758b13
2026-03-04 16:16:05,630 - ProfilingConsumer - WARNING - [CLAIM] Missing contract for claim 0f1d73f61b9bbe899d500198e5f5876b
2026-03-04 16:16:05,730 - ProfilingConsumer - WARNING - [CLAIM] Missing contract for claim 0f341efe6fcbbe899d50019637d95e40
2026-03-04 16:16:05,987 - ProfilingConsumer - WARNING - [CLAIM] Missing contract for claim 0f64f1042b7fbe899d50019134f0483e
2026-03-04 16:16:06,030 - ProfilingConsumer - WARNING - [CLAIM] Missing contract for claim 0f6b09026fcbbe899d500195cc68765e
2026-03-04 16:16:06,165 - ProfilingConsumer - WARNING - [CLAIM] Missing contract for claim 0f75e36675c8be899d50019569d2100d
2026-03-04 16:16:06,203 - ProfilingConsumer - WARNING - [CLAIM] Missing contract for claim 0f8301ff7a1bbe899d50019734065bf1
2026-03-04 16:16:06,242 - ProfilingConsumer - WARNING - [CLAIM] Missing contract for claim 0fa33b1256c5be899d5001998450f526
2026-03-04 16:16:06,286 - ProfilingConsumer - WARNING - [CLAIM] Missing contract for claim 0fdec3223ffdbe899d500198c786f210
2026-03-04 16:16:06,354 - ProfilingConsumer - WARNING - [CLAIM] Missing contract for claim 102e96fe2ffabe899d50019791c3e7f7
2026-03-04 16:16:06,407 - ProfilingConsumer - WARNING - [CLAIM] Missing contract for claim 1061d0035c0fbe899d500195741f844e
2026-03-04 16:16:06,461 - ProfilingConsumer - WARNING - [CLAIM] Missing contract for claim 10c0dcf81e92be899d500196b2423e7d
2026-03-04 16:16:06,501 - ProfilingConsumer - WARNING - [CLAIM] Missing contract for claim 10e106e4230dbe899d5001933e30684d
2026-03-04 16:16:06,550 - ProfilingConsumer - WARNING - [CLAIM] Missing contract for claim 11a5c9331b9bbe899d500198f3bbbfe5
2026-03-04 16:16:06,596 - ProfilingConsumer - WARNING - [CLAIM] Missing contract for claim 11c656ff1b9bbe899d50019919d5dfba
2026-03-04 16:16:06,668 - ProfilingConsumer - WARNING - [CLAIM] Missing contract for claim 11dd27f93e1dbe899d50018f3bfd2850
2026-03-04 16:16:06,709 - ProfilingConsumer - WARNING - [CLAIM] Missing contract for claim 122139956fcbbe899d5001963706f577
2026-03-04 16:16:06,754 - ProfilingConsumer - WARNING - [CLAIM] Missing contract for claim 123059fd1992be899d5001983b525fac
2026-03-04 16:16:06,800 - ProfilingConsumer - WARNING - [CLAIM] Missing contract for claim 123f2bfb1e92be899d500196ae14cc12
2026-03-04 16:16:06,845 - ProfilingConsumer - WARNING - [CLAIM] Missing contract for claim 1275dfe03ffdbe899d500198c7cb3983
2026-03-04 16:16:06,885 - ProfilingConsumer - WARNING - [CLAIM] Missing contract for claim 1278a77006bcb6c00008019b2bb53007
2026-03-04 16:16:06,927 - ProfilingConsumer - WARNING - [CLAIM] Missing contract for claim 12a3cefd1018be899d50018d0d650a7d
2026-03-04 16:16:06,967 - ProfilingConsumer - WARNING - [CLAIM] Missing contract for claim 1336ac601b9bbe899d500198e085abe4
2026-03-04 16:16:07,004 - ProfilingConsumer - WARNING - [CLAIM] Missing contract for claim 133a28fb51fcbe899d50019015eef495
2026-03-04 16:16:07,051 - ProfilingConsumer - WARNING - [CLAIM] Missing contract for claim 1352d7041b9bbe899d500199153c7d5b
2026-03-04 16:16:07,090 - ProfilingConsumer - WARNING - [CLAIM] Missing contract for claim 135972203815be899d5001986b545197
2026-03-04 16:16:07,131 - ProfilingConsumer - WARNING - [CLAIM] Missing contract for claim 13753cf73d48b529a2dd019b3ba677a6
2026-03-04 16:16:07,175 - ProfilingConsumer - WARNING - [CLAIM] Missing contract for claim 13e6dcf94bffbe899d50019804580c87
2026-03-04 16:16:07,216 - ProfilingConsumer - WARNING - [CLAIM] Missing contract for claim 13eb6fd23ffdbe899d500198cbeb651f
2026-03-04 16:16:07,255 - ProfilingConsumer - WARNING - [CLAIM] Missing contract for claim 13f620fc4e54b6c00008019b1b231dad
2026-03-04 16:16:07,292 - ProfilingConsumer - WARNING - [CLAIM] Missing contract for claim 140747ff776bbe899d500197314e84c3
2026-03-04 16:16:07,347 - ProfilingConsumer - WARNING - [CLAIM] Missing contract for claim 1410a2fc54ccbe899d50019523734983
2026-03-04 16:16:07,387 - ProfilingConsumer - WARNING - [CLAIM] Missing contract for claim 143c7bfa1c44b6cbfa13019b2fbb5bb6
2026-03-04 16:16:07,436 - ProfilingConsumer - WARNING - [CLAIM] Missing contract for claim 144fb2155c0fbe899d50019585b58428
2026-03-04 16:16:07,475 - ProfilingConsumer - WARNING - [CLAIM] Missing contract for claim 1473a8fc5941be899d5001983f631301
2026-03-04 16:16:07,523 - ProfilingConsumer - WARNING - [CLAIM] Missing contract for claim 147855fc682bbe899d5001994cb5f12f
2026-03-04 16:16:07,578 - ProfilingConsumer - WARNING - [CLAIM] Missing contract for claim 149b5ee21992be899d50019837daa7d5
2026-03-04 16:16:07,620 - ProfilingConsumer - WARNING - [CLAIM] Missing contract for claim 14bc43fe230dbe899d5001931bc3f0b1
2026-03-04 16:16:07,663 - ProfilingConsumer - WARNING - [CLAIM] Missing contract for claim 14cdc8643e1dbe899d50018f1e6b4da1
2026-03-04 16:16:07,700 - ProfilingConsumer - WARNING - [CLAIM] Missing contract for claim 14e629a6230dbe899d5001931a119cf6
2026-03-04 16:16:07,739 - ProfilingConsumer - WARNING - [CLAIM] Missing contract for claim 151d0ef56f20b6cbfa13019b2fc3d2a5
2026-03-04 16:16:07,778 - ProfilingConsumer - WARNING - [CLAIM] Missing contract for claim 1583eaff5b0cb6c00008019b30744f75
2026-03-04 16:16:07,819 - ProfilingConsumer - WARNING - [CLAIM] Missing contract for claim 15a4bde71d97be899d50018ff02e3862
2026-03-04 16:16:07,861 - ProfilingConsumer - WARNING - [CLAIM] Missing contract for claim 15b92c900ccbbe899d50018acf158817
2026-03-04 16:16:07,899 - ProfilingConsumer - WARNING - [CLAIM] Missing contract for claim 15cf73fb46d8b529a2dd019b3b70bdd6
2026-03-04 16:16:07,940 - ProfilingConsumer - WARNING - [CLAIM] Missing contract for claim 15db8d9513bebe899d50018db07bf29b
2026-03-04 16:16:07,983 - ProfilingConsumer - WARNING - [CLAIM] Missing contract for claim 15f199247f8bbe899d500194305e5988
2026-03-04 16:16:08,025 - ProfilingConsumer - WARNING - [CLAIM] Missing contract for claim 160563f97652be899d500191cb562e31
2026-03-04 16:16:08,070 - ProfilingConsumer - WARNING - [CLAIM] Missing contract for claim 164a3bfd6fcbbe899d500196345f6644
2026-03-04 16:16:08,115 - ProfilingConsumer - WARNING - [CLAIM] Missing contract for claim 1655e2c53b75be899d5001996b2d0708
2026-03-04 16:16:08,162 - ProfilingConsumer - WARNING - [CLAIM] Missing contract for claim 167064a654ccbe899d5001952153eca4
2026-03-04 16:16:08,205 - ProfilingConsumer - WARNING - [CLAIM] Missing contract for claim 169f95fd357cbe899d50019107f62ea6
2026-03-04 16:16:08,254 - ProfilingConsumer - WARNING - [CLAIM] Missing contract for claim 16a55dfe51fcbe899d500190346b55ff
2026-03-04 16:16:08,295 - ProfilingConsumer - WARNING - [CLAIM] Missing contract for claim 16c8b8b256c0be899d50019962521b32
2026-03-04 16:16:08,335 - ProfilingConsumer - WARNING - [CLAIM] Missing contract for claim 16e3afc01b9bbe899d5001991ed004b0
2026-03-04 16:16:08,380 - ProfilingConsumer - WARNING - [CLAIM] Missing contract for claim 16e74f551e92be899d500196d9abb8ed
2026-03-04 16:16:08,428 - ProfilingConsumer - WARNING - [CLAIM] Missing contract for claim 16ebf2f61018be899d50018d1bd90620
2026-03-04 16:16:08,468 - ProfilingConsumer - WARNING - [CLAIM] Missing contract_object for claim 16f6bdf834f5be899d50018c06e340ab
2026-03-04 16:16:08,511 - ProfilingConsumer - WARNING - [CLAIM] Missing contract for claim 180150731b9bbe899d5001990ecd2d32
2026-03-04 16:16:08,561 - ProfilingConsumer - WARNING - [CLAIM] Missing contract for claim 182d82ff1018be899d50018d02401ecc
2026-03-04 16:16:08,603 - ProfilingConsumer - WARNING - [CLAIM] Missing contract for claim 18700bd61b9bbe899d50019917f35bca
2026-03-04 16:16:08,645 - ProfilingConsumer - WARNING - [CLAIM] Missing contract for claim 1887e2fb7a1bbe899d5001974968adb9
2026-03-04 16:16:08,690 - ProfilingConsumer - WARNING - [CLAIM] Missing contract for claim 1889de736ef4b6c00008019b0c705d15
2026-03-04 16:16:08,744 - ProfilingConsumer - WARNING - [CLAIM] Missing contract for claim 188d59d77a13be899d5001946973381e
2026-03-04 16:16:08,785 - ProfilingConsumer - WARNING - [CLAIM] Missing contract for claim 18cc6cfa7a1bbe899d5001973de00542
2026-03-04 16:16:08,830 - ProfilingConsumer - WARNING - [CLAIM] Missing contract for claim 1900f1fc2f9bbe899d50018d5eab9886
2026-03-04 16:16:08,897 - ProfilingConsumer - WARNING - [CLAIM] Missing contract for claim 1949f8835941be899d5001984f2ff922
2026-03-04 16:16:09,164 - ProfilingConsumer - WARNING - [CLAIM] Missing contract for claim 194d76e61644be899d500197bfea788a
2026-03-04 16:16:09,230 - ProfilingConsumer - WARNING - [CLAIM] Missing contract for claim 19b9b2c57a13be899d50019481e3c511
2026-03-04 16:16:09,273 - ProfilingConsumer - WARNING - [CLAIM] Missing contract for claim 19be91537652be899d500191f3d6214b
2026-03-04 16:16:09,321 - ProfilingConsumer - WARNING - [CLAIM] Missing contract for claim 19ca47d617bdbe899d500194ca2eb104
2026-03-04 16:16:09,365 - ProfilingConsumer - WARNING - [CLAIM] Missing contract for claim 19e020fa6fcbbe899d5001963d582465
2026-03-04 16:16:09,408 - ProfilingConsumer - WARNING - [CLAIM] Missing contract for claim 1ab0b0fd1b9bbe899d500199127cd6b9
2026-03-04 16:16:09,451 - ProfilingConsumer - WARNING - [CLAIM] Missing contract for claim 1b0533f96fcbbe899d500196684f4c37
2026-03-04 16:16:09,491 - ProfilingConsumer - WARNING - [CLAIM] Missing contract for claim 1b35c7826a58be899d500199a302b1a4
2026-03-04 16:16:09,534 - ProfilingConsumer - WARNING - [CLAIM] Missing contract for claim 1e7ac1f43770b529a2dd019b4e85409a
2026-03-04 16:16:09,579 - ProfilingConsumer - WARNING - [CLAIM] Missing contract for claim 1eb49efe18b0b529a2dd019b4e78164a
2026-03-04 16:16:09,623 - ProfilingConsumer - WARNING - [CLAIM] Missing contract for claim 211254c53d48b529a2dd019b3ba4c95c
2026-03-04 16:16:09,662 - ProfilingConsumer - WARNING - [CLAIM] Missing contract for claim 21c5dfff2c64b529a2dd019b3b6bf1e5
2026-03-04 16:16:09,702 - ProfilingConsumer - WARNING - [CLAIM] Missing contract for claim 21f9a9fb2f4cb6c00008019b2f8aa126
2026-03-04 16:16:09,749 - ProfilingConsumer - WARNING - [CLAIM] Missing contract for claim 2234f8f81d26b6cbfa1301993c4a33f8
2026-03-04 16:16:09,792 - ProfilingConsumer - WARNING - [CLAIM] Missing contract for claim 232003fd5b0cb6c00008019b307246bc
2026-03-04 16:16:09,836 - ProfilingConsumer - WARNING - [CLAIM] Missing contract for claim 255a81c34e0cb6c00008019abf4f88c7
2026-03-04 16:16:16,018 - ProfilingConsumer - WARNING - [CLAIM] Missing contract for claim 257656fb28e8b6c00008019b3020695e
2026-03-04 16:16:16,069 - ProfilingConsumer - WARNING - [CLAIM] Missing contract for claim 27a5b35074a0b6c00008019b123c742f
2026-03-04 16:16:16,111 - ProfilingConsumer - WARNING - [CLAIM] Missing contract for claim 2aa291f8864cb6c00008019b1acc6107
2026-03-04 16:16:16,157 - ProfilingConsumer - WARNING - [CLAIM] Missing contract for claim 2b4b8a925338b529a2dd019b4e8b361f
2026-03-04 16:16:16,195 - ProfilingConsumer - WARNING - [CLAIM] Missing contract for claim 2c2d29d51f76b6cbfa13019b58ab279b
2026-03-04 16:16:16,238 - ProfilingConsumer - WARNING - [CLAIM] Missing contract for claim 2d125b960e0cb529a2dd019b4e6752f4
2026-03-04 16:16:16,276 - ProfilingConsumer - WARNING - [CLAIM] Missing contract for claim 2d3688fa4850b529a2dd019b4e89142e
2026-03-04 16:16:16,321 - ProfilingConsumer - WARNING - [CLAIM] Missing contract for claim 35565ca168acb529a2dd019b4e7f1490
2026-03-04 16:16:16,364 - ProfilingConsumer - WARNING - [CLAIM] Missing contract for claim 370258b16e98b6c00008019b3082e8ac
2026-03-04 16:16:16,404 - ProfilingConsumer - WARNING - [CLAIM] Missing contract for claim 3b40e2a265bcb529a2dd019b4e732fb8
2026-03-04 16:16:16,454 - ProfilingConsumer - WARNING - [CLAIM] Missing contract for claim 3f529cfe2a98b529a2dd019b3b899b3d
2026-03-04 16:16:16,534 - ProfilingConsumer - WARNING - [CLAIM] Missing contract for claim 3f901b6462feb6cbfa13019b58cf2139
2026-03-04 16:16:16,577 - ProfilingConsumer - WARNING - [CLAIM] Missing contract for claim 3fae6c833d48b529a2dd019b3ba46cb8
2026-03-04 16:16:16,624 - ProfilingConsumer - WARNING - [CLAIM] Missing contract for claim 3fe529f90969b6cbfa13019b2fc9eb3a
2026-03-04 16:16:16,670 - ProfilingConsumer - WARNING - [CLAIM] Missing contract for claim 4063f7fd03deb6cbfa13019b54273834
2026-03-04 16:16:16,711 - ProfilingConsumer - WARNING - [CLAIM] Missing contract for claim 419f51fb6020b529a2dd019b3b84ee78
2026-03-04 16:16:16,768 - ProfilingConsumer - WARNING - [CLAIM] Missing contract for claim 4455cdff9830b6c00008019b1b1ee163
2026-03-04 16:16:16,812 - ProfilingConsumer - WARNING - [CLAIM] Missing contract for claim 45da39fd7c14b6c00008019b122f0c00
2026-03-04 16:16:16,860 - ProfilingConsumer - WARNING - [CLAIM] Missing contract for claim 48353afa8680b6c00008019abf1cfa81
2026-03-04 16:16:16,909 - ProfilingConsumer - WARNING - [CLAIM] Missing contract for claim 483fcc161d60b6c00008019abf24cee6
2026-03-04 16:16:16,953 - ProfilingConsumer - WARNING - [CLAIM] Missing contract for claim 48502afe3770b529a2dd019b4e8004c5
2026-03-04 16:16:16,995 - ProfilingConsumer - WARNING - [CLAIM] Missing contract for claim 492dccf93af6b6cbfa13019c469ad5d7
2026-03-04 16:16:17,044 - ProfilingConsumer - WARNING - [CLAIM] Missing contract for claim 49ecfa6065bcb529a2dd019b4e71ec75
2026-03-04 16:16:17,087 - ProfilingConsumer - WARNING - [CLAIM] Missing contract for claim 4a4f48f90f58b6c00008019b0c74374a
2026-03-04 16:16:17,138 - ProfilingConsumer - WARNING - [CLAIM] Missing contract for claim 4aabe5655784b6c00008019b2bab75f7
2026-03-04 16:16:17,193 - ProfilingConsumer - WARNING - [CLAIM] Missing contract for claim 4c2879a1413cb529a2dd019b3b998117
2026-03-04 16:16:17,363 - ProfilingConsumer - WARNING - [CLAIM] Missing contract for claim 4d1adfa431e8b529a2dd019b3b8ec50e
2026-03-04 16:16:17,923 - ProfilingConsumer - WARNING - [CLAIM] Missing contract for claim 4d79d0fb5201b6cbfa13019b2f9feafa
2026-03-04 16:16:18,925 - ProfilingConsumer - WARNING - [CLAIM] Missing contract for claim 4efceff91f76b6cbfa13019b58a72718
2026-03-04 16:16:19,104 - ProfilingConsumer - WARNING - [CLAIM] Missing contract for claim 4f9170056668b6c00008019b20f7922b
2026-03-04 16:16:19,299 - ProfilingConsumer - WARNING - [CLAIM] Missing contract for claim 502655ff4e54b6c00008019b1b281823
2026-03-04 16:16:19,500 - ProfilingConsumer - WARNING - [CLAIM] Missing contract for claim 51fc00f86268b6c00008019b1ac2fef0
2026-03-04 16:16:19,692 - ProfilingConsumer - WARNING - [CLAIM] Missing contract for claim 55d7d8fa2b7cb6c00008019abf2aaf1a
2026-03-04 16:16:19,886 - ProfilingConsumer - WARNING - [CLAIM] Missing contract for claim 56cd50fe4d5cb6cbfa13019b53b11f51
2026-03-04 16:16:20,079 - ProfilingConsumer - WARNING - [CLAIM] Missing contract for claim 57fd53c56368b529a2dd019b3b8da570
2026-03-04 16:16:20,473 - ProfilingConsumer - WARNING - [CLAIM] Missing contract for claim 59a052fb1044b529a2dd019b3b75fc3d
2026-03-04 16:16:20,841 - ProfilingConsumer - WARNING - [CLAIM] Missing contract for claim 59bb90fd27a4b6c00008019b2b98b5de
2026-03-04 16:16:21,024 - ProfilingConsumer - WARNING - [CLAIM] Missing contract for claim 59d2e5f96a6db6cbfa13019b4e91ce79
2026-03-04 16:16:21,523 - ProfilingConsumer - WARNING - [CLAIM] Missing contract for claim 5a2087ff62f8b529a2dd019b53e0d631
2026-03-04 16:16:21,630 - ProfilingConsumer - WARNING - [CLAIM] Missing contract for claim 5a46bdf81d26b6cbfa1301993c590dd8
2026-03-04 16:16:21,672 - ProfilingConsumer - WARNING - [CLAIM] Missing contract for claim 5aa1f1d468e4b6c00008019b2bb799b7
2026-03-04 16:16:21,722 - ProfilingConsumer - WARNING - [CLAIM] Missing contract for claim 5be846fe7074b529a2dd019b53dfb78e
2026-03-04 16:16:21,777 - ProfilingConsumer - WARNING - [CLAIM] Missing contract for claim 5d9229f34e20b529a2dd019b53e283dc
2026-03-04 16:16:21,829 - ProfilingConsumer - WARNING - [CLAIM] Missing contract for claim 5f49caf96a74b6c00008019b0c6dbe1a
2026-03-04 16:16:21,880 - ProfilingConsumer - WARNING - [CLAIM] Missing contract for claim 5f8495fe669cb6c00008019b24e69533
2026-03-04 16:16:21,953 - ProfilingConsumer - WARNING - [CLAIM] Missing contract for claim 6064b4f92ddeb6cbfa13019b2bbe651a
2026-03-04 16:16:22,002 - ProfilingConsumer - WARNING - [CLAIM] Missing contract for claim 632dadd407bab6cbfa13019b68cd43fa
2026-03-04 16:16:22,052 - ProfilingConsumer - WARNING - [CLAIM] Missing contract for claim 682c6bfc369cb6c00008019b30805dbb
2026-03-04 16:16:22,094 - ProfilingConsumer - WARNING - [CLAIM] Missing contract for claim 68cc9ffd62f8b529a2dd019b53e061c8
2026-03-04 16:16:22,143 - ProfilingConsumer - WARNING - [CLAIM] Missing contract for claim 69856efc7074b529a2dd019b53ddf07c
2026-03-04 16:16:22,186 - ProfilingConsumer - WARNING - [CLAIM] Missing contract for claim 6d4956fd62feb6cbfa13019b58d4f0b0
2026-03-04 16:16:22,236 - ProfilingConsumer - WARNING - [CLAIM] Missing contract for claim 6d8921ff6288b6c00008019abf5c56d3
2026-03-04 16:16:22,282 - ProfilingConsumer - WARNING - [CLAIM] Missing contract for claim 6dc891f66020b529a2dd019b3b819982
2026-03-04 16:16:22,323 - ProfilingConsumer - WARNING - [CLAIM] Missing contract for claim 6ee405e22c64b529a2dd019b3b6fcaca
2026-03-04 16:16:22,367 - ProfilingConsumer - WARNING - [CLAIM] Missing contract for claim 71eb42f87c29b6cbfa13019b598cae05
2026-03-04 16:16:22,418 - ProfilingConsumer - WARNING - [CLAIM] Missing contract for claim 73d66e401e54b529a2dd019b3b7ca463
2026-03-04 16:16:22,469 - ProfilingConsumer - WARNING - [CLAIM] Missing contract for claim 743d9fc4cb944792a963f59184830a32
2026-03-04 16:16:22,535 - ProfilingConsumer - WARNING - [CLAIM] Missing contract for claim 763da1146408b529a2dd019b3b97d8e0
2026-03-04 16:16:22,587 - ProfilingConsumer - WARNING - [CLAIM] Missing contract for claim 76c883fa369cb6c00008019b307dbe34
2026-03-04 16:16:22,629 - ProfilingConsumer - WARNING - [CLAIM] Missing contract for claim 777059ff402cb529a2dd019b53c03645
2026-03-04 16:16:22,669 - ProfilingConsumer - WARNING - [CLAIM] Missing contract for claim 77e237733770b529a2dd019b4e823ec4
2026-03-04 16:16:22,708 - ProfilingConsumer - WARNING - [CLAIM] Missing contract for claim 796e88fb5201b6cbfa13019b2fac2885
2026-03-04 16:16:22,749 - ProfilingConsumer - WARNING - [CLAIM] Missing contract for claim 7abf08fe83e8b6c00008019b1ac621fd
2026-03-04 16:16:22,795 - ProfilingConsumer - WARNING - [CLAIM] Missing contract for claim 7c5f85fb4e54b6c00008019b1b2226c9
2026-03-04 16:16:22,839 - ProfilingConsumer - WARNING - [CLAIM] Missing contract for claim 814ed255017fb6cbfa13019b6841b4b6
2026-03-04 16:16:22,876 - ProfilingConsumer - WARNING - [CLAIM] Missing contract for claim 831bf6a6864cb6c00008019b1ac9118f
2026-03-04 16:16:22,917 - ProfilingConsumer - WARNING - [CLAIM] Missing contract for claim 833313d61c58b529a2dd019b4e87ea4d
2026-03-04 16:16:22,971 - ProfilingConsumer - WARNING - [CLAIM] Missing contract for claim 858f4f313770b529a2dd019b4e816f98
2026-03-04 16:16:23,036 - ProfilingConsumer - WARNING - [CLAIM] Missing contract for claim 87851cfe60f8b6c00008019b1ac4a15b
2026-03-04 16:16:23,078 - ProfilingConsumer - WARNING - [CLAIM] Missing contract for claim 8878fefc5240b529a2dd019b3b68df71
2026-03-04 16:16:23,127 - ProfilingConsumer - WARNING - [CLAIM] Missing contract for claim 89fa84fd5edcb529a2dd019b4e652b90
2026-03-04 16:16:23,169 - ProfilingConsumer - WARNING - [CLAIM] Missing contract for claim 8c529af83fa9b6cbfa13019b54db21d7
2026-03-04 16:16:23,218 - ProfilingConsumer - WARNING - [CLAIM] Missing contract for claim 8cc0a5f76668b6c00008019b20f90785
2026-03-04 16:16:23,259 - ProfilingConsumer - WARNING - [CLAIM] Missing contract for claim 8eb2f6424e0cb6c00008019abf4eba15
2026-03-04 16:16:23,302 - ProfilingConsumer - WARNING - [CLAIM] Missing contract for claim 8ffe08fc1f76b6cbfa13019b58ad9e23
2026-03-04 16:16:23,351 - ProfilingConsumer - WARNING - [CLAIM] Missing contract for claim 9085d7725dacb6c00008019abf00733a
2026-03-04 16:16:23,397 - ProfilingConsumer - WARNING - [CLAIM] Missing contract for claim 91737646432cb6c00008019abf522684
2026-03-04 16:16:23,439 - ProfilingConsumer - WARNING - [CLAIM] Missing contract for claim 950d3853022cb6c00008019b123b4620
2026-03-04 16:16:23,486 - ProfilingConsumer - WARNING - [CLAIM] Missing contract for claim 95b383e65f5bb6cbfa13019b5372c125
2026-03-04 16:16:23,531 - ProfilingConsumer - WARNING - [CLAIM] Missing contract for claim 96df77fe1044b529a2dd019b3b798a01
2026-03-04 16:16:23,579 - ProfilingConsumer - WARNING - [CLAIM] Missing contract for claim 9c5c9ba764a9b6cbfa13019b54876308
2026-03-04 16:16:23,628 - ProfilingConsumer - WARNING - [CLAIM] Missing contract for claim 9c8f12364e30b6c00008019b2106eb6c
2026-03-04 16:16:23,668 - ProfilingConsumer - WARNING - [CLAIM] Missing contract for claim 9cb3ca51669cb6c00008019b24e7058a
2026-03-04 16:16:23,711 - ProfilingConsumer - WARNING - [CLAIM] Missing contract for claim a1a732a41d60b6c00008019abf225cd8
2026-03-04 16:16:23,758 - ProfilingConsumer - WARNING - [CLAIM] Missing contract for claim a1ad9ff88680b6c00008019abf1b8266
2026-03-04 16:16:23,826 - ProfilingConsumer - WARNING - [CLAIM] Missing contract for claim a2e80cff017fb6cbfa13019b68231d8e
2026-03-04 16:16:23,867 - ProfilingConsumer - WARNING - [CLAIM] Missing contract for claim a3145be35784b6c00008019b2baa8047
2026-03-04 16:16:23,922 - ProfilingConsumer - WARNING - [CLAIM] Missing contract for claim a3b278175ff8b6c00008019abf5573ca
2026-03-04 16:16:23,977 - ProfilingConsumer - WARNING - [CLAIM] Missing contract for claim a3b7bdf80f58b6c00008019b0c727255
2026-03-04 16:16:24,029 - ProfilingConsumer - WARNING - [CLAIM] Missing contract for claim a42ea2515201b6cbfa13019b2fa68046
2026-03-04 16:16:24,081 - ProfilingConsumer - WARNING - [CLAIM] Missing contract for claim a49a68f94588b6c00008019b0c7753dc
2026-03-04 16:16:24,130 - ProfilingConsumer - WARNING - [CLAIM] Missing contract for claim a85fd8ff66c9b6cbfa13019b53d2ffc2
2026-03-04 16:16:24,175 - ProfilingConsumer - WARNING - [CLAIM] Missing contract for claim a8c6a6c53e2cb6c00008019b307c1f20
2026-03-04 16:16:24,223 - ProfilingConsumer - WARNING - [CLAIM] Missing contract for claim aac0388026d8b529a2dd019b3b6378a4
2026-03-04 16:16:24,265 - ProfilingConsumer - WARNING - [CLAIM] Missing contract for claim aaf7c6f96020b529a2dd019b3b849305
2026-03-04 16:16:24,317 - ProfilingConsumer - WARNING - [CLAIM] Missing contract for claim ac6aadf85701b6cbfa13019a95151d72
2026-03-04 16:16:24,372 - ProfilingConsumer - WARNING - [CLAIM] Missing contract for claim adbd23fd9830b6c00008019b1b187b38
2026-03-04 16:16:24,436 - ProfilingConsumer - WARNING - [CLAIM] Missing contract for claim ae33aefb7c14b6c00008019b122c7083
2026-03-04 16:16:24,492 - ProfilingConsumer - WARNING - [CLAIM] Missing contract for claim ae5b3dfd3c40b6c00008019b2f88a302
2026-03-04 16:16:24,541 - ProfilingConsumer - WARNING - [CLAIM] Missing contract for claim b0c4cbfb4d5cb6cbfa13019b5383688d
2026-03-04 16:16:24,582 - ProfilingConsumer - WARNING - [CLAIM] Missing contract for claim b3948ab12ab8b6c00008019b30283d98
2026-03-04 16:16:24,629 - ProfilingConsumer - WARNING - [CLAIM] Missing contract for claim b4b1b3c42c1cb529a2dd019b4e77644b
2026-03-04 16:16:24,673 - ProfilingConsumer - WARNING - [CLAIM] Missing contract for claim b98ebafe4e54b6c00008019b1b26e48b
2026-03-04 16:16:24,717 - ProfilingConsumer - WARNING - [CLAIM] Missing contract for claim ba0f27e3071cb529a2dd019b53d18ad1
2026-03-04 16:16:33,321 - ProfilingConsumer - WARNING - [CLAIM] Missing contract for claim be304ef82b7cb6c00008019abf2891ae
2026-03-04 16:16:33,367 - ProfilingConsumer - WARNING - [CLAIM] Missing contract for claim c25ecb822c1cb529a2dd019b4e770313
2026-03-04 16:16:33,455 - ProfilingConsumer - WARNING - [CLAIM] Missing contract for claim c2fdc3fa7074b529a2dd019b53db7d9b
2026-03-04 16:16:33,523 - ProfilingConsumer - WARNING - [CLAIM] Missing contract for claim c3260b221094b529a2dd019b53ce9ee8
2026-03-04 16:16:33,568 - ProfilingConsumer - WARNING - [CLAIM] Missing contract for claim c63107756020b529a2dd019b3b802a58
2026-03-04 16:16:33,609 - ProfilingConsumer - WARNING - [CLAIM] Missing contract for claim c6d1a9f8531cb529a2dd019b53d9e0e6
2026-03-04 16:16:33,646 - ProfilingConsumer - WARNING - [CLAIM] Missing contract for claim c75d6a612c64b529a2dd019b3b6c6067
2026-03-04 16:16:33,688 - ProfilingConsumer - WARNING - [CLAIM] Missing contract for claim c8b238260924b6c00008019b20f6c0e9
2026-03-04 16:16:33,729 - ProfilingConsumer - WARNING - [CLAIM] Missing contract for claim c98d7b5380a8b6c00008019abf1e95d8
2026-03-04 16:16:33,773 - ProfilingConsumer - WARNING - [CLAIM] Missing contract for claim ca8021a544fdb6cbfa13019b2e95e906
2026-03-04 16:16:33,813 - ProfilingConsumer - WARNING - [CLAIM] Missing contract for claim cb13ece8b4b04fbf8c2d72e59aa6a045
2026-03-04 16:16:33,914 - ProfilingConsumer - WARNING - [CLAIM] Missing contract for claim cd3d4ec174a0b6c00008019b129123a2
2026-03-04 16:16:33,955 - ProfilingConsumer - WARNING - [CLAIM] Missing contract for claim CLM001
2026-03-04 16:16:34,017 - ProfilingConsumer - WARNING - [CLAIM] Missing contract for claim d09aebf87074b529a2dd019b53dab954
2026-03-04 16:16:34,062 - ProfilingConsumer - WARNING - [CLAIM] Missing contract for claim d0fae3502c1cb529a2dd019b4e75c2c6
2026-03-04 16:16:34,131 - ProfilingConsumer - WARNING - [CLAIM] Missing contract for claim d0ffc2fe254cb6c00008019abf13e174
2026-03-04 16:16:34,174 - ProfilingConsumer - WARNING - [CLAIM] Missing contract for claim d3026bfe07bab6cbfa13019b6d781aaf
2026-03-04 16:16:34,223 - ProfilingConsumer - WARNING - [CLAIM] Missing contract for claim d4c3c3fd10adb6cbfa13019a2f27b5fa
2026-03-04 16:16:34,270 - ProfilingConsumer - WARNING - [CLAIM] Missing contract for claim d5f927302a98b529a2dd019b3b8ae836
2026-03-04 16:16:34,321 - ProfilingConsumer - WARNING - [CLAIM] Missing contract for claim d61cbafd280eb6cbfa13019b2be35ad9
2026-03-04 16:16:34,360 - ProfilingConsumer - WARNING - [CLAIM] Missing contract for claim d79c03f84d5cb6cbfa13019b53a7416c
2026-03-04 16:16:34,403 - ProfilingConsumer - WARNING - [CLAIM] Missing contract for claim d9e2ff44669cb6c00008019b24e7860a
2026-03-04 16:16:34,447 - ProfilingConsumer - WARNING - [CLAIM] Missing contract for claim dcc1def568e4b6c00008019b0c6c6ec8
2026-03-04 16:16:34,511 - ProfilingConsumer - WARNING - [CLAIM] Missing contract for claim de91c1ff4640b529a2dd019b3b95840f
2026-03-04 16:16:34,571 - ProfilingConsumer - WARNING - [CLAIM] Missing contract for claim e1e064fa5240b529a2dd019b3b665934
2026-03-04 16:16:34,927 - ProfilingConsumer - WARNING - [CLAIM] Missing contract for claim e1fe36fa5380b529a2dd019b3b94a472
2026-03-04 16:16:34,972 - ProfilingConsumer - WARNING - [CLAIM] Missing contract for claim e361e7566224b529a2dd019b3b922b16
2026-03-04 16:16:35,008 - ProfilingConsumer - WARNING - [CLAIM] Missing contract for claim e7e0750127184f4c8f743796e7f21157
2026-03-04 16:16:35,055 - ProfilingConsumer - WARNING - [CLAIM] Missing contract for claim e86314f918cdb6cbfa13019b2aff3eab
2026-03-04 16:16:35,099 - ProfilingConsumer - WARNING - [CLAIM] Missing contract for claim e9fe066545b4b6c00008019b2baf1643
2026-03-04 16:16:35,141 - ProfilingConsumer - WARNING - [CLAIM] Missing contract for claim eaec58e09830b6c00008019b1b1f4a6e
2026-03-04 16:16:35,190 - ProfilingConsumer - WARNING - [CLAIM] Missing contract for claim ede6c3fc759cb6c00008019b0c6a9fba
2026-03-04 16:16:35,226 - ProfilingConsumer - WARNING - [CLAIM] Missing contract for claim ee870cfe2c1cb529a2dd019b4e752204
2026-03-04 16:16:35,263 - ProfilingConsumer - WARNING - [CLAIM] Missing contract for claim f0184cfa64a9b6cbfa13019b5485e924
2026-03-04 16:16:35,304 - ProfilingConsumer - WARNING - [CLAIM] Missing contract for claim f1f11ed664a9b6cbfa13019b547c9716
2026-03-04 16:16:35,348 - ProfilingConsumer - WARNING - [CLAIM] Missing contract for claim f72727fe68acb529a2dd019b4e7983ce
2026-03-04 16:16:35,385 - ProfilingConsumer - WARNING - [CLAIM] Missing contract for claim faef69a653a0b529a2dd019b53c17fa8
2026-03-04 16:16:35,423 - ProfilingConsumer - WARNING - [CLAIM] Missing contract for claim fb2e1ff85784b6c00008019b24eed0d0
2026-03-04 16:16:35,458 - ProfilingConsumer - WARNING - [CLAIM] Missing contract for claim fe17ccfc9158b6c00008019b1abdffec
2026-03-04 16:16:35,500 - ProfilingConsumer - WARNING - [CLAIM] Missing contract for claim fe65add1022cb6c00008019b12311c0b
2026-03-04 16:16:35,541 - ProfilingConsumer - WARNING - [CLAIM] Missing contract for claim fef0240403deb6cbfa13019b542ca65f
2026-03-04 16:16:35,583 - ProfilingConsumer - WARNING - [CLAIM] Missing contract for claim ff38ecfd1044b529a2dd019b3b78a9b9
2026-03-04 16:17:43,812 - ProfilingConsumer - INFO - ============================================================
2026-03-04 16:17:43,813 - ProfilingConsumer - INFO - PROFILING CONSUMER STATISTICS
2026-03-04 16:17:43,814 - ProfilingConsumer - INFO - ============================================================
2026-03-04 16:17:43,815 - ProfilingConsumer - INFO - Running time: 123s
2026-03-04 16:17:43,816 - ProfilingConsumer - INFO - Messages processed: 2900
2026-03-04 16:17:43,816 - ProfilingConsumer - INFO - Errors: 0
2026-03-04 16:17:43,817 - ProfilingConsumer - INFO - Claim events: 0
2026-03-04 16:17:43,818 - ProfilingConsumer - INFO - Contract events: 671
2026-03-04 16:17:43,819 - ProfilingConsumer - INFO - Contract Object events: 1906
2026-03-04 16:17:43,819 - ProfilingConsumer - INFO - Inserts: 0
2026-03-04 16:17:43,820 - ProfilingConsumer - INFO - Updates: 0
2026-03-04 16:17:43,821 - ProfilingConsumer - INFO - Deletes: 0
2026-03-04 16:17:43,822 - ProfilingConsumer - INFO - Skipped: 323
2026-03-04 16:17:43,822 - ProfilingConsumer - INFO - ============================================================
2026-03-04 16:18:09,793 - ProfilingConsumer - INFO - ============================================================
2026-03-04 16:18:09,794 - ProfilingConsumer - INFO - PROFILING CONSUMER STATISTICS
2026-03-04 16:18:09,795 - ProfilingConsumer - INFO - ============================================================
2026-03-04 16:18:09,796 - ProfilingConsumer - INFO - Running time: 149s
2026-03-04 16:18:09,797 - ProfilingConsumer - INFO - Messages processed: 3500
2026-03-04 16:18:09,798 - ProfilingConsumer - INFO - Errors: 0
2026-03-04 16:18:09,800 - ProfilingConsumer - INFO - Claim events: 0
2026-03-04 16:18:09,800 - ProfilingConsumer - INFO - Contract events: 854
2026-03-04 16:18:09,801 - ProfilingConsumer - INFO - Contract Object events: 2323
2026-03-04 16:18:09,802 - ProfilingConsumer - INFO - Inserts: 0
2026-03-04 16:18:09,803 - ProfilingConsumer - INFO - Updates: 0
2026-03-04 16:18:09,804 - ProfilingConsumer - INFO - Deletes: 0
2026-03-04 16:18:09,805 - ProfilingConsumer - INFO - Skipped: 323
2026-03-04 16:18:09,806 - ProfilingConsumer - INFO - ============================================================
2026-03-04 16:18:27,064 - ProfilingConsumer - INFO - ============================================================
2026-03-04 16:18:27,065 - ProfilingConsumer - INFO - PROFILING CONSUMER STATISTICS
2026-03-04 16:18:27,066 - ProfilingConsumer - INFO - ============================================================
2026-03-04 16:18:27,067 - ProfilingConsumer - INFO - Running time: 166s
2026-03-04 16:18:27,068 - ProfilingConsumer - INFO - Messages processed: 3900
2026-03-04 16:18:27,069 - ProfilingConsumer - INFO - Errors: 0
2026-03-04 16:18:27,069 - ProfilingConsumer - INFO - Claim events: 0
2026-03-04 16:18:27,070 - ProfilingConsumer - INFO - Contract events: 976
2026-03-04 16:18:27,071 - ProfilingConsumer - INFO - Contract Object events: 2601
2026-03-04 16:18:27,072 - ProfilingConsumer - INFO - Inserts: 0
2026-03-04 16:18:27,072 - ProfilingConsumer - INFO - Updates: 0
2026-03-04 16:18:27,073 - ProfilingConsumer - INFO - Deletes: 0
2026-03-04 16:18:27,074 - ProfilingConsumer - INFO - Skipped: 323
2026-03-04 16:18:27,074 - ProfilingConsumer - INFO - ============================================================
2026-03-04 16:19:27,368 - ProfilingConsumer - INFO - ============================================================
2026-03-04 16:19:27,369 - ProfilingConsumer - INFO - PROFILING CONSUMER STATISTICS
2026-03-04 16:19:27,369 - ProfilingConsumer - INFO - ============================================================
2026-03-04 16:19:27,370 - ProfilingConsumer - INFO - Running time: 227s
2026-03-04 16:19:27,371 - ProfilingConsumer - INFO - Messages processed: 5400
2026-03-04 16:19:27,371 - ProfilingConsumer - INFO - Errors: 0
2026-03-04 16:19:27,372 - ProfilingConsumer - INFO - Claim events: 0
2026-03-04 16:19:27,372 - ProfilingConsumer - INFO - Contract events: 1725
2026-03-04 16:19:27,373 - ProfilingConsumer - INFO - Contract Object events: 3352
2026-03-04 16:19:27,374 - ProfilingConsumer - INFO - Inserts: 0
2026-03-04 16:19:27,374 - ProfilingConsumer - INFO - Updates: 9
2026-03-04 16:19:27,375 - ProfilingConsumer - INFO - Deletes: 0
2026-03-04 16:19:27,376 - ProfilingConsumer - INFO - Skipped: 323
2026-03-04 16:19:27,376 - ProfilingConsumer - INFO - ============================================================
2026-03-04 16:19:38,656 - ProfilingConsumer - INFO - ============================================================
2026-03-04 16:19:38,657 - ProfilingConsumer - INFO - PROFILING CONSUMER STATISTICS
2026-03-04 16:19:38,658 - ProfilingConsumer - INFO - ============================================================
2026-03-04 16:19:38,659 - ProfilingConsumer - INFO - Running time: 238s
2026-03-04 16:19:38,659 - ProfilingConsumer - INFO - Messages processed: 5700
2026-03-04 16:19:38,660 - ProfilingConsumer - INFO - Errors: 0
2026-03-04 16:19:38,661 - ProfilingConsumer - INFO - Claim events: 0
2026-03-04 16:19:38,662 - ProfilingConsumer - INFO - Contract events: 1891
2026-03-04 16:19:38,663 - ProfilingConsumer - INFO - Contract Object events: 3486
2026-03-04 16:19:38,663 - ProfilingConsumer - INFO - Inserts: 0
2026-03-04 16:19:38,664 - ProfilingConsumer - INFO - Updates: 10
2026-03-04 16:19:38,665 - ProfilingConsumer - INFO - Deletes: 0
2026-03-04 16:19:38,666 - ProfilingConsumer - INFO - Skipped: 323
2026-03-04 16:19:38,666 - ProfilingConsumer - INFO - ============================================================
2026-03-04 16:20:07,070 - ProfilingConsumer - INFO - ============================================================
2026-03-04 16:20:07,070 - ProfilingConsumer - INFO - PROFILING CONSUMER STATISTICS
2026-03-04 16:20:07,071 - ProfilingConsumer - INFO - ============================================================
2026-03-04 16:20:07,072 - ProfilingConsumer - INFO - Running time: 266s
2026-03-04 16:20:07,072 - ProfilingConsumer - INFO - Messages processed: 6300
2026-03-04 16:20:07,073 - ProfilingConsumer - INFO - Errors: 0
2026-03-04 16:20:07,074 - ProfilingConsumer - INFO - Claim events: 0
2026-03-04 16:20:07,074 - ProfilingConsumer - INFO - Contract events: 2282
2026-03-04 16:20:07,075 - ProfilingConsumer - INFO - Contract Object events: 3695
2026-03-04 16:20:07,075 - ProfilingConsumer - INFO - Inserts: 0
2026-03-04 16:20:07,076 - ProfilingConsumer - INFO - Updates: 22
2026-03-04 16:20:07,077 - ProfilingConsumer - INFO - Deletes: 0
2026-03-04 16:20:07,077 - ProfilingConsumer - INFO - Skipped: 323
2026-03-04 16:20:07,078 - ProfilingConsumer - INFO - ============================================================
2026-03-04 16:20:10,586 - ProfilingConsumer - INFO - ============================================================
2026-03-04 16:20:10,588 - ProfilingConsumer - INFO - PROFILING CONSUMER STATISTICS
2026-03-04 16:20:10,589 - ProfilingConsumer - INFO - ============================================================
2026-03-04 16:20:10,589 - ProfilingConsumer - INFO - Running time: 270s
2026-03-04 16:20:10,590 - ProfilingConsumer - INFO - Messages processed: 6400
2026-03-04 16:20:10,591 - ProfilingConsumer - INFO - Errors: 0
2026-03-04 16:20:10,592 - ProfilingConsumer - INFO - Claim events: 0
2026-03-04 16:20:10,593 - ProfilingConsumer - INFO - Contract events: 2348
2026-03-04 16:20:10,594 - ProfilingConsumer - INFO - Contract Object events: 3729
2026-03-04 16:20:10,595 - ProfilingConsumer - INFO - Inserts: 0
2026-03-04 16:20:10,596 - ProfilingConsumer - INFO - Updates: 23
2026-03-04 16:20:10,597 - ProfilingConsumer - INFO - Deletes: 0
2026-03-04 16:20:10,598 - ProfilingConsumer - INFO - Skipped: 323
2026-03-04 16:20:10,599 - ProfilingConsumer - INFO - ============================================================
2026-03-04 16:20:18,170 - ProfilingConsumer - INFO - ============================================================
2026-03-04 16:20:18,171 - ProfilingConsumer - INFO - PROFILING CONSUMER STATISTICS
2026-03-04 16:20:18,173 - ProfilingConsumer - INFO - ============================================================
2026-03-04 16:20:18,175 - ProfilingConsumer - INFO - Running time: 277s
2026-03-04 16:20:18,176 - ProfilingConsumer - INFO - Messages processed: 6600
2026-03-04 16:20:18,177 - ProfilingConsumer - INFO - Errors: 0
2026-03-04 16:20:18,178 - ProfilingConsumer - INFO - Claim events: 0
2026-03-04 16:20:18,179 - ProfilingConsumer - INFO - Contract events: 2501
2026-03-04 16:20:18,180 - ProfilingConsumer - INFO - Contract Object events: 3776
2026-03-04 16:20:18,181 - ProfilingConsumer - INFO - Inserts: 0
2026-03-04 16:20:18,181 - ProfilingConsumer - INFO - Updates: 26
2026-03-04 16:20:18,182 - ProfilingConsumer - INFO - Deletes: 0
2026-03-04 16:20:18,183 - ProfilingConsumer - INFO - Skipped: 323
2026-03-04 16:20:18,184 - ProfilingConsumer - INFO - ============================================================
2026-03-04 16:20:29,705 - ProfilingConsumer - INFO - ============================================================
2026-03-04 16:20:29,706 - ProfilingConsumer - INFO - PROFILING CONSUMER STATISTICS
2026-03-04 16:20:29,707 - ProfilingConsumer - INFO - ============================================================
2026-03-04 16:20:29,707 - ProfilingConsumer - INFO - Running time: 289s
2026-03-04 16:20:29,708 - ProfilingConsumer - INFO - Messages processed: 6800
2026-03-04 16:20:29,709 - ProfilingConsumer - INFO - Errors: 0
2026-03-04 16:20:29,710 - ProfilingConsumer - INFO - Claim events: 0
2026-03-04 16:20:29,710 - ProfilingConsumer - INFO - Contract events: 2608
2026-03-04 16:20:29,711 - ProfilingConsumer - INFO - Contract Object events: 3869
2026-03-04 16:20:29,712 - ProfilingConsumer - INFO - Inserts: 0
2026-03-04 16:20:29,712 - ProfilingConsumer - INFO - Updates: 28
2026-03-04 16:20:29,713 - ProfilingConsumer - INFO - Deletes: 0
2026-03-04 16:20:29,713 - ProfilingConsumer - INFO - Skipped: 323
2026-03-04 16:20:29,714 - ProfilingConsumer - INFO - ============================================================
2026-03-04 16:22:07,202 - ProfilingConsumer - INFO - ============================================================
2026-03-04 16:22:07,202 - ProfilingConsumer - INFO - PROFILING CONSUMER STATISTICS
2026-03-04 16:22:07,203 - ProfilingConsumer - INFO - ============================================================
2026-03-04 16:22:07,204 - ProfilingConsumer - INFO - Running time: 386s
2026-03-04 16:22:07,204 - ProfilingConsumer - INFO - Messages processed: 9100
2026-03-04 16:22:07,205 - ProfilingConsumer - INFO - Errors: 0
2026-03-04 16:22:07,206 - ProfilingConsumer - INFO - Claim events: 0
2026-03-04 16:22:07,206 - ProfilingConsumer - INFO - Contract events: 3148
2026-03-04 16:22:07,207 - ProfilingConsumer - INFO - Contract Object events: 5629
2026-03-04 16:22:07,207 - ProfilingConsumer - INFO - Inserts: 0
2026-03-04 16:22:07,208 - ProfilingConsumer - INFO - Updates: 259
2026-03-04 16:22:07,209 - ProfilingConsumer - INFO - Deletes: 0
2026-03-04 16:22:07,209 - ProfilingConsumer - INFO - Skipped: 323
2026-03-04 16:22:07,210 - ProfilingConsumer - INFO - ============================================================
2026-03-04 16:22:32,048 - ProfilingConsumer - INFO - ============================================================
2026-03-04 16:22:32,048 - ProfilingConsumer - INFO - PROFILING CONSUMER STATISTICS
2026-03-04 16:22:32,049 - ProfilingConsumer - INFO - ============================================================
2026-03-04 16:22:32,050 - ProfilingConsumer - INFO - Running time: 411s
2026-03-04 16:22:32,050 - ProfilingConsumer - INFO - Messages processed: 9600
2026-03-04 16:22:32,051 - ProfilingConsumer - INFO - Errors: 0
2026-03-04 16:22:32,052 - ProfilingConsumer - INFO - Claim events: 0
2026-03-04 16:22:32,052 - ProfilingConsumer - INFO - Contract events: 3148
2026-03-04 16:22:32,053 - ProfilingConsumer - INFO - Contract Object events: 6129
2026-03-04 16:22:32,054 - ProfilingConsumer - INFO - Inserts: 0
2026-03-04 16:22:32,054 - ProfilingConsumer - INFO - Updates: 273
2026-03-04 16:22:32,055 - ProfilingConsumer - INFO - Deletes: 0
2026-03-04 16:22:32,055 - ProfilingConsumer - INFO - Skipped: 323
2026-03-04 16:22:32,056 - ProfilingConsumer - INFO - ============================================================
2026-03-04 16:22:57,508 - ProfilingConsumer - INFO - ============================================================
2026-03-04 16:22:57,508 - ProfilingConsumer - INFO - PROFILING CONSUMER STATISTICS
2026-03-04 16:22:57,509 - ProfilingConsumer - INFO - ============================================================
2026-03-04 16:22:57,510 - ProfilingConsumer - INFO - Running time: 437s
2026-03-04 16:22:57,510 - ProfilingConsumer - INFO - Messages processed: 10200
2026-03-04 16:22:57,511 - ProfilingConsumer - INFO - Errors: 0
2026-03-04 16:22:57,511 - ProfilingConsumer - INFO - Claim events: 0
2026-03-04 16:22:57,512 - ProfilingConsumer - INFO - Contract events: 3148
2026-03-04 16:22:57,513 - ProfilingConsumer - INFO - Contract Object events: 6729
2026-03-04 16:22:57,513 - ProfilingConsumer - INFO - Inserts: 0
2026-03-04 16:22:57,514 - ProfilingConsumer - INFO - Updates: 284
2026-03-04 16:22:57,515 - ProfilingConsumer - INFO - Deletes: 0
2026-03-04 16:22:57,515 - ProfilingConsumer - INFO - Skipped: 323
2026-03-04 16:22:57,516 - ProfilingConsumer - INFO - ============================================================
2026-03-04 16:23:16,815 - ProfilingConsumer - INFO - ============================================================
2026-03-04 16:23:16,816 - ProfilingConsumer - INFO - PROFILING CONSUMER STATISTICS
2026-03-04 16:23:16,816 - ProfilingConsumer - INFO - ============================================================
2026-03-04 16:23:16,817 - ProfilingConsumer - INFO - Running time: 456s
2026-03-04 16:23:16,817 - ProfilingConsumer - INFO - Messages processed: 10700
2026-03-04 16:23:16,818 - ProfilingConsumer - INFO - Errors: 0
2026-03-04 16:23:16,819 - ProfilingConsumer - INFO - Claim events: 0
2026-03-04 16:23:16,819 - ProfilingConsumer - INFO - Contract events: 3148
2026-03-04 16:23:16,820 - ProfilingConsumer - INFO - Contract Object events: 7229
2026-03-04 16:23:16,821 - ProfilingConsumer - INFO - Inserts: 0
2026-03-04 16:23:16,821 - ProfilingConsumer - INFO - Updates: 296
2026-03-04 16:23:16,822 - ProfilingConsumer - INFO - Deletes: 0
2026-03-04 16:23:16,822 - ProfilingConsumer - INFO - Skipped: 323
2026-03-04 16:23:16,823 - ProfilingConsumer - INFO - ============================================================
2026-03-04 16:23:41,291 - ProfilingConsumer - INFO - ============================================================
2026-03-04 16:23:41,291 - ProfilingConsumer - INFO - PROFILING CONSUMER STATISTICS
2026-03-04 16:23:41,292 - ProfilingConsumer - INFO - ============================================================
2026-03-04 16:23:41,293 - ProfilingConsumer - INFO - Running time: 481s
2026-03-04 16:23:41,294 - ProfilingConsumer - INFO - Messages processed: 11200
2026-03-04 16:23:41,294 - ProfilingConsumer - INFO - Errors: 0
2026-03-04 16:23:41,295 - ProfilingConsumer - INFO - Claim events: 0
2026-03-04 16:23:41,295 - ProfilingConsumer - INFO - Contract events: 3148
2026-03-04 16:23:41,296 - ProfilingConsumer - INFO - Contract Object events: 7729
2026-03-04 16:23:41,297 - ProfilingConsumer - INFO - Inserts: 0
2026-03-04 16:23:41,297 - ProfilingConsumer - INFO - Updates: 304
2026-03-04 16:23:41,298 - ProfilingConsumer - INFO - Deletes: 0
2026-03-04 16:23:41,298 - ProfilingConsumer - INFO - Skipped: 323
2026-03-04 16:23:41,299 - ProfilingConsumer - INFO - ============================================================
2026-03-04 17:39:38,233 - ProfilingConsumer - INFO - Received SIGTERM — initiating graceful shutdown...
2026-03-04 17:39:38,545 - ProfilingConsumer - INFO - Cleaning up resources...
2026-03-04 17:39:38,548 - ProfilingConsumer - INFO - ============================================================
2026-03-04 17:39:38,549 - ProfilingConsumer - INFO - PROFILING CONSUMER STATISTICS
2026-03-04 17:39:38,550 - ProfilingConsumer - INFO - ============================================================
2026-03-04 17:39:38,553 - ProfilingConsumer - INFO - Running time: 5038s
2026-03-04 17:39:38,554 - ProfilingConsumer - INFO - Messages processed: 11322
2026-03-04 17:39:38,555 - ProfilingConsumer - INFO - Errors: 0
2026-03-04 17:39:38,556 - ProfilingConsumer - INFO - Claim events: 0
2026-03-04 17:39:38,557 - ProfilingConsumer - INFO - Contract events: 3148
2026-03-04 17:39:38,558 - ProfilingConsumer - INFO - Contract Object events: 7851
2026-03-04 17:39:38,559 - ProfilingConsumer - INFO - Inserts: 0
2026-03-04 17:39:38,560 - ProfilingConsumer - INFO - Updates: 312
2026-03-04 17:39:38,561 - ProfilingConsumer - INFO - Deletes: 0
2026-03-04 17:39:38,563 - ProfilingConsumer - INFO - Skipped: 323
2026-03-04 17:39:38,564 - ProfilingConsumer - INFO - ============================================================
2026-03-04 17:39:38,575 - ProfilingConsumer - INFO - Kafka consumer closed
2026-03-04 17:39:38,595 - ProfilingConsumer - INFO - Profiling Consumer stopped
2026-03-05 03:23:48,099 - ProfilingConsumer - INFO - Architecture: Debezium → Kafka → This Consumer → profiling_analysis
2026-03-05 03:23:48,102 - ProfilingConsumer - INFO - Mode: Real-time streaming (replaces DB triggers)
2026-03-05 03:23:48,103 - ProfilingConsumer - INFO - ============================================================
2026-03-05 03:23:48,106 - ProfilingConsumer - INFO - STARTING PROFILING CONSUMER
2026-03-05 03:23:48,109 - ProfilingConsumer - INFO - ============================================================
2026-03-05 03:24:34,567 - ProfilingConsumer - ERROR - Failed to create Kafka consumer.
2026-03-05 03:24:34,568 - ProfilingConsumer - ERROR - Setup failed. Exiting.
2026-03-05 03:24:35,531 - ProfilingConsumer - INFO - Architecture: Debezium → Kafka → This Consumer → profiling_analysis
2026-03-05 03:24:35,532 - ProfilingConsumer - INFO - Mode: Real-time streaming (replaces DB triggers)
2026-03-05 03:24:35,533 - ProfilingConsumer - INFO - ============================================================
2026-03-05 03:24:35,534 - ProfilingConsumer - INFO - STARTING PROFILING CONSUMER
2026-03-05 03:24:35,535 - ProfilingConsumer - INFO - ============================================================
2026-03-05 03:24:50,939 - ProfilingConsumer - INFO - Profiling Consumer started. Waiting for messages...
2026-03-05 03:33:52,623 - ProfilingConsumer - WARNING - [CLAIM] Missing contract_object for claim TEST_CLAIM_001
2026-03-05 03:34:46,058 - ProfilingConsumer - WARNING - [CLAIM] Missing contract_object for claim TEST_CLAIM_003
2026-03-05 03:34:46,304 - ProfilingConsumer - WARNING - [CLAIM] Missing contract for claim TEST_CLAIM_004
2026-03-05 03:34:46,510 - ProfilingConsumer - WARNING - [CLAIM] Missing contract for claim TEST_CLAIM_005
2026-03-05 03:34:46,741 - ProfilingConsumer - WARNING - [CLAIM] Missing contract for claim TEST_CLAIM_006
2026-03-05 04:15:46,471 - ProfilingConsumer - INFO - [CLAIM] Deleted profiling for claim TEST_CLAIM_001
2026-03-05 04:15:46,820 - ProfilingConsumer - INFO - [CLAIM] Deleted profiling for claim TEST_CLAIM_003
2026-03-05 04:15:47,237 - ProfilingConsumer - INFO - [CLAIM] Deleted profiling for claim TEST_CLAIM_004
2026-03-05 04:15:47,465 - ProfilingConsumer - INFO - [CLAIM] Deleted profiling for claim TEST_CLAIM_005
2026-03-05 04:15:47,675 - ProfilingConsumer - INFO - [CLAIM] Deleted profiling for claim TEST_CLAIM_006
2026-03-05 04:16:15,368 - ProfilingConsumer - WARNING - [CLAIM] Missing contract_object for claim TEST_CLAIM_001
2026-03-05 04:16:15,720 - ProfilingConsumer - WARNING - [CLAIM] Missing contract_object for claim TEST_CLAIM_002
2026-03-05 04:16:16,115 - ProfilingConsumer - WARNING - [CLAIM] Missing contract_object for claim TEST_CLAIM_003
2026-03-05 04:16:16,446 - ProfilingConsumer - WARNING - [CLAIM] Missing contract_object for claim TEST_CLAIM_004
2026-03-05 04:16:18,074 - ProfilingConsumer - WARNING - [CLAIM] Missing contract_object for claim TEST_CLAIM_005
2026-03-05 04:16:18,463 - ProfilingConsumer - WARNING - [CLAIM] Missing contract_object for claim TEST_CLAIM_006
2026-03-07 16:00:14,553 - ProfilingConsumer - INFO - Received SIGTERM — initiating graceful shutdown...
2026-03-07 16:00:15,127 - ProfilingConsumer - INFO - Cleaning up resources...
2026-03-07 16:00:15,130 - ProfilingConsumer - INFO - ============================================================
2026-03-07 16:00:15,131 - ProfilingConsumer - INFO - PROFILING CONSUMER STATISTICS
2026-03-07 16:00:15,132 - ProfilingConsumer - INFO - ============================================================
2026-03-07 16:00:15,133 - ProfilingConsumer - INFO - Running time: 218124s
2026-03-07 16:00:15,144 - ProfilingConsumer - INFO - Messages processed: 132
2026-03-07 16:00:15,147 - ProfilingConsumer - INFO - Errors: 0
2026-03-07 16:00:15,148 - ProfilingConsumer - INFO - Claim events: 0
2026-03-07 16:00:15,149 - ProfilingConsumer - INFO - Contract events: 63
2026-03-07 16:00:15,150 - ProfilingConsumer - INFO - Contract Object events: 53
2026-03-07 16:00:15,152 - ProfilingConsumer - INFO - Inserts: 0
2026-03-07 16:00:15,154 - ProfilingConsumer - INFO - Updates: 6
2026-03-07 16:00:15,155 - ProfilingConsumer - INFO - Deletes: 5
2026-03-07 16:00:15,156 - ProfilingConsumer - INFO - Skipped: 11
2026-03-07 16:00:15,157 - ProfilingConsumer - INFO - ============================================================
2026-03-07 16:00:15,188 - ProfilingConsumer - INFO - Kafka consumer closed
2026-03-07 16:00:15,193 - ProfilingConsumer - INFO - Profiling Consumer stopped
2026-03-09 15:00:06,044 - ProfilingConsumer - INFO - Architecture: Debezium → Kafka → This Consumer → profiling_analysis
2026-03-09 15:00:06,048 - ProfilingConsumer - INFO - Mode: Real-time streaming (replaces DB triggers)
2026-03-09 15:00:06,049 - ProfilingConsumer - INFO - ============================================================
2026-03-09 15:00:06,051 - ProfilingConsumer - INFO - STARTING PROFILING CONSUMER
2026-03-09 15:00:06,059 - ProfilingConsumer - INFO - ============================================================
2026-03-09 15:00:31,576 - ProfilingConsumer - INFO - Profiling Consumer started. Waiting for messages...
2026-03-10 07:01:18,130 - ProfilingConsumer - INFO - [CLAIM] Profiled claim TEST_CLAIM_006 (u)
2026-03-10 07:03:10,283 - ProfilingConsumer - INFO - [CLAIM] Profiled claim TEST_CLAIM_006 (u)
2026-03-10 07:09:19,590 - ProfilingConsumer - INFO - [CLAIM] Profiled claim TEST_CLAIM_006 (u)
2026-03-10 07:18:45,775 - ProfilingConsumer - INFO - [CLAIM] Profiled claim TEST_CLAIM_006 (u)
2026-03-10 08:16:14,032 - ProfilingConsumer - INFO - [CLAIM] Profiled claim TEST_CLAIM_006 (u)
2026-03-10 08:17:49,464 - ProfilingConsumer - INFO - [CLAIM] Profiled claim TEST_CLAIM_006 (u)
2026-03-10 08:20:26,868 - ProfilingConsumer - INFO - [CLAIM] Profiled claim TEST_CLAIM_006 (u)
2026-03-10 08:31:52,569 - ProfilingConsumer - INFO - ============================================================
2026-03-10 08:31:52,569 - ProfilingConsumer - INFO - PROFILING CONSUMER STATISTICS
2026-03-10 08:31:52,570 - ProfilingConsumer - INFO - ============================================================
2026-03-10 08:31:52,570 - ProfilingConsumer - INFO - Running time: 63081s
2026-03-10 08:31:52,572 - ProfilingConsumer - INFO - Messages processed: 300
2026-03-10 08:31:52,573 - ProfilingConsumer - INFO - Errors: 0
2026-03-10 08:31:52,574 - ProfilingConsumer - INFO - Claim events: 7
2026-03-10 08:31:52,574 - ProfilingConsumer - INFO - Contract events: 189
2026-03-10 08:31:52,574 - ProfilingConsumer - INFO - Contract Object events: 104
2026-03-10 08:31:52,575 - ProfilingConsumer - INFO - Inserts: 0
2026-03-10 08:31:52,575 - ProfilingConsumer - INFO - Updates: 7
2026-03-10 08:31:52,576 - ProfilingConsumer - INFO - Deletes: 0
2026-03-10 08:31:52,576 - ProfilingConsumer - INFO - Skipped: 0
2026-03-10 08:31:52,576 - ProfilingConsumer - INFO - ============================================================
2026-03-10 10:11:40,941 - ProfilingConsumer - INFO - [CLAIM] Profiled claim 86c21efba84db6aa5e8a019cd73af260 (c)
2026-03-10 10:14:28,507 - ProfilingConsumer - INFO - [CLAIM] Deleted profiling for claim TEST_CLAIM_006
2026-03-10 10:15:02,144 - ProfilingConsumer - INFO - [CLAIM] Profiled claim 2d5aa8fca84db6aa5e8a019cd73e331c (c)
2026-03-10 10:24:09,590 - ProfilingConsumer - INFO - [CLAIM] Deleted profiling for claim 2d5aa8fca84db6aa5e8a019cd73e331c
2026-03-10 10:24:09,621 - ProfilingConsumer - INFO - [CLAIM] Deleted profiling for claim 86c21efba84db6aa5e8a019cd73af260
2026-03-10 10:24:35,709 - ProfilingConsumer - INFO - [CLAIM] Profiled claim 2282f362add6b6aa5e8a019cd746f3ef (c)
2026-03-10 10:25:26,873 - ProfilingConsumer - INFO - [CLAIM] Profiled claim 2282f362add6b6aa5e8a019cd746f3ef (u)
2026-03-10 10:26:20,552 - ProfilingConsumer - INFO - [CLAIM] Profiled claim 2282f362add6b6aa5e8a019cd746f3ef (u)
2026-03-10 10:27:22,685 - ProfilingConsumer - INFO - [CLAIM] Profiled claim 2282f362add6b6aa5e8a019cd746f3ef (u)
2026-03-10 10:33:06,702 - ProfilingConsumer - INFO - [CLAIM] Profiled claim 2282f362add6b6aa5e8a019cd746f3ef (u)
2026-03-10 10:33:42,285 - ProfilingConsumer - INFO - [CLAIM] Profiled claim 2282f362add6b6aa5e8a019cd746f3ef (u)
2026-03-10 10:35:55,432 - ProfilingConsumer - INFO - [CLAIM] Profiled claim 2282f362add6b6aa5e8a019cd746f3ef (u)
2026-03-11 08:31:45,080 - ProfilingConsumer - INFO - Architecture: Debezium → Kafka → This Consumer → profiling_analysis
2026-03-11 08:31:45,082 - ProfilingConsumer - INFO - Mode: Real-time streaming (replaces DB triggers)
2026-03-11 08:31:45,087 - ProfilingConsumer - INFO - ============================================================
2026-03-11 08:31:45,092 - ProfilingConsumer - INFO - STARTING PROFILING CONSUMER
2026-03-11 08:31:45,094 - ProfilingConsumer - INFO - ============================================================
2026-03-11 08:32:21,668 - ProfilingConsumer - INFO - Profiling Consumer started. Waiting for messages...
2026-03-11 10:22:41,195 - ProfilingConsumer - INFO - [CLAIM] Profiled claim 2282f362add6b6aa5e8a019cd746f3ef (u)
2026-03-11 10:32:46,388 - ProfilingConsumer - INFO - [CLAIM] Profiled claim 2282f362add6b6aa5e8a019cd746f3ef (u)
2026-03-11 10:35:45,692 - ProfilingConsumer - INFO - [CLAIM] Profiled claim 2282f362add6b6aa5e8a019cd746f3ef (u)
2026-03-11 10:36:47,071 - ProfilingConsumer - INFO - [CLAIM] Profiled claim 2282f362add6b6aa5e8a019cd746f3ef (u)
2026-03-13 18:51:08,314 - ProfilingConsumer - INFO - Architecture: Debezium → Kafka → This Consumer → profiling_analysis
2026-03-13 18:51:08,316 - ProfilingConsumer - INFO - Mode: Real-time streaming (replaces DB triggers)
2026-03-13 18:51:08,318 - ProfilingConsumer - INFO - ============================================================
2026-03-13 18:51:08,319 - ProfilingConsumer - INFO - STARTING PROFILING CONSUMER
2026-03-13 18:51:08,321 - ProfilingConsumer - INFO - ============================================================
2026-03-13 18:51:48,942 - ProfilingConsumer - INFO - Profiling Consumer started. Waiting for messages...
2026-03-15 09:07:21,100 - ProfilingConsumer - INFO - Architecture: Debezium → Kafka → This Consumer → profiling_analysis
2026-03-15 09:07:21,104 - ProfilingConsumer - INFO - Mode: Real-time streaming (replaces DB triggers)
2026-03-15 09:07:21,105 - ProfilingConsumer - INFO - ============================================================
2026-03-15 09:07:21,106 - ProfilingConsumer - INFO - STARTING PROFILING CONSUMER
2026-03-15 09:07:21,110 - ProfilingConsumer - INFO - ============================================================
2026-03-15 09:08:06,853 - ProfilingConsumer - INFO - Profiling Consumer started. Waiting for messages...
2026-03-18 13:40:19,429 - ProfilingConsumer - INFO - ============================================================
2026-03-18 13:40:19,432 - ProfilingConsumer - INFO - PROFILING CONSUMER STATISTICS
2026-03-18 13:40:19,433 - ProfilingConsumer - INFO - ============================================================
2026-03-18 13:40:19,434 - ProfilingConsumer - INFO - Running time: 275533s
2026-03-18 13:40:19,439 - ProfilingConsumer - INFO - Messages processed: 200
2026-03-18 13:40:19,440 - ProfilingConsumer - INFO - Errors: 0
2026-03-18 13:40:19,441 - ProfilingConsumer - INFO - Claim events: 0
2026-03-18 13:40:19,442 - ProfilingConsumer - INFO - Contract events: 126
2026-03-18 13:40:19,442 - ProfilingConsumer - INFO - Contract Object events: 74
2026-03-18 13:40:19,443 - ProfilingConsumer - INFO - Inserts: 0
2026-03-18 13:40:19,444 - ProfilingConsumer - INFO - Updates: 0
2026-03-18 13:40:19,445 - ProfilingConsumer - INFO - Deletes: 0
2026-03-18 13:40:19,446 - ProfilingConsumer - INFO - Skipped: 0
2026-03-18 13:40:19,446 - ProfilingConsumer - INFO - ============================================================
2026-03-19 18:58:08,932 - ProfilingConsumer - INFO - Received SIGTERM — initiating graceful shutdown...
2026-03-19 18:58:08,952 - ProfilingConsumer - INFO - Cleaning up resources...
2026-03-19 18:58:08,955 - ProfilingConsumer - INFO - ============================================================
2026-03-19 18:58:08,957 - ProfilingConsumer - INFO - PROFILING CONSUMER STATISTICS
2026-03-19 18:58:08,958 - ProfilingConsumer - INFO - ============================================================
2026-03-19 18:58:08,959 - ProfilingConsumer - INFO - Running time: 381002s
2026-03-19 18:58:08,960 - ProfilingConsumer - INFO - Messages processed: 256
2026-03-19 18:58:08,961 - ProfilingConsumer - INFO - Errors: 0
2026-03-19 18:58:08,963 - ProfilingConsumer - INFO - Claim events: 0
2026-03-19 18:58:08,964 - ProfilingConsumer - INFO - Contract events: 162
2026-03-19 18:58:08,965 - ProfilingConsumer - INFO - Contract Object events: 94
2026-03-19 18:58:08,966 - ProfilingConsumer - INFO - Inserts: 0
2026-03-19 18:58:08,967 - ProfilingConsumer - INFO - Updates: 0
2026-03-19 18:58:08,968 - ProfilingConsumer - INFO - Deletes: 0
2026-03-19 18:58:08,969 - ProfilingConsumer - INFO - Skipped: 0
2026-03-19 18:58:08,971 - ProfilingConsumer - INFO - ============================================================
2026-03-19 18:58:09,023 - ProfilingConsumer - INFO - Kafka consumer closed
2026-03-19 18:58:09,033 - ProfilingConsumer - INFO - Profiling Consumer stopped
2026-03-20 06:32:30,499 - ProfilingConsumer - INFO - Architecture: Debezium → Kafka → This Consumer → profiling_analysis
2026-03-20 06:32:30,501 - ProfilingConsumer - INFO - Mode: Real-time streaming (replaces DB triggers)
2026-03-20 06:32:30,503 - ProfilingConsumer - INFO - ============================================================
2026-03-20 06:32:30,511 - ProfilingConsumer - INFO - STARTING PROFILING CONSUMER
2026-03-20 06:32:30,516 - ProfilingConsumer - INFO - ============================================================
2026-03-20 06:32:51,649 - ProfilingConsumer - INFO - Profiling Consumer started. Waiting for messages...
2026-03-22 15:27:02,604 - ProfilingConsumer - INFO - Received SIGTERM — initiating graceful shutdown...
2026-03-22 15:27:02,835 - ProfilingConsumer - INFO - Cleaning up resources...
2026-03-22 15:27:02,838 - ProfilingConsumer - INFO - ============================================================
2026-03-22 15:27:02,839 - ProfilingConsumer - INFO - PROFILING CONSUMER STATISTICS
2026-03-22 15:27:02,839 - ProfilingConsumer - INFO - ============================================================
2026-03-22 15:27:02,840 - ProfilingConsumer - INFO - Running time: 204851s
2026-03-22 15:27:02,848 - ProfilingConsumer - INFO - Messages processed: 94
2026-03-22 15:27:02,850 - ProfilingConsumer - INFO - Errors: 0
2026-03-22 15:27:02,850 - ProfilingConsumer - INFO - Claim events: 0
2026-03-22 15:27:02,851 - ProfilingConsumer - INFO - Contract events: 61
2026-03-22 15:27:02,851 - ProfilingConsumer - INFO - Contract Object events: 33
2026-03-22 15:27:02,852 - ProfilingConsumer - INFO - Inserts: 0
2026-03-22 15:27:02,853 - ProfilingConsumer - INFO - Updates: 0
2026-03-22 15:27:02,853 - ProfilingConsumer - INFO - Deletes: 0
2026-03-22 15:27:02,854 - ProfilingConsumer - INFO - Skipped: 0
2026-03-22 15:27:02,854 - ProfilingConsumer - INFO - ============================================================
2026-03-22 15:27:02,867 - ProfilingConsumer - INFO - Kafka consumer closed
2026-03-22 15:27:02,872 - ProfilingConsumer - INFO - Profiling Consumer stopped
2026-03-22 15:52:59,858 - ProfilingConsumer - INFO - Architecture: Debezium → Kafka → This Consumer → profiling_analysis
2026-03-22 15:52:59,859 - ProfilingConsumer - INFO - Mode: Real-time streaming (replaces DB triggers)
2026-03-22 15:52:59,860 - ProfilingConsumer - INFO - ============================================================
2026-03-22 15:52:59,860 - ProfilingConsumer - INFO - STARTING PROFILING CONSUMER
2026-03-22 15:52:59,861 - ProfilingConsumer - INFO - ============================================================
2026-03-22 15:52:59,910 - shared.connections - INFO - [staging] Connected to MySQL: insuranceWarehouse
2026-03-22 15:52:59,956 - shared.connections - INFO - [reporting] Connected to MySQL: insuranceReporting
2026-03-22 15:53:00,063 - shared.connections - INFO - Kafka consumer created. Subscribed to 9 topics:
2026-03-22 15:53:00,064 - shared.connections - INFO -   - staging.insuranceWarehouse.stgClaim
2026-03-22 15:53:00,065 - shared.connections - INFO -   - staging.insuranceWarehouse.stgContract
2026-03-22 15:53:00,065 - shared.connections - INFO -   - staging.insuranceWarehouse.stgContractObject
2026-03-22 15:53:00,066 - shared.connections - INFO -   - staging.insuranceWarehouse.stgContractObjectVehicle
2026-03-22 15:53:00,066 - shared.connections - INFO -   - staging.insuranceWarehouse.stgContractObjectMoto
2026-03-22 15:53:00,067 - shared.connections - INFO -   - staging.insuranceWarehouse.stgContractObjectTravel
2026-03-22 15:53:00,067 - shared.connections - INFO -   - staging.insuranceWarehouse.stgContractObjectSocialInsurance
2026-03-22 15:53:00,068 - shared.connections - INFO -   - staging.insuranceWarehouse.stgContractObjectMedicalInsurance
2026-03-22 15:53:00,068 - shared.connections - INFO -   - staging.insuranceWarehouse.stgContractObjectHouse
2026-03-22 15:53:00,069 - ProfilingConsumer - INFO - Profiling Consumer started. Waiting for messages...
2026-03-22 16:02:00,993 - ProfilingConsumer - INFO - Received SIGTERM — initiating graceful shutdown...
2026-03-22 16:02:01,962 - ProfilingConsumer - INFO - Cleaning up resources...
2026-03-22 16:02:01,963 - ProfilingConsumer - INFO - ============================================================
2026-03-22 16:02:01,964 - ProfilingConsumer - INFO - PROFILING CONSUMER STATISTICS
2026-03-22 16:02:01,964 - ProfilingConsumer - INFO - ============================================================
2026-03-22 16:02:01,965 - ProfilingConsumer - INFO - Running time: 542s
2026-03-22 16:02:01,966 - ProfilingConsumer - INFO - Messages processed: 0
2026-03-22 16:02:01,967 - ProfilingConsumer - INFO - Errors: 0
2026-03-22 16:02:01,968 - ProfilingConsumer - INFO - Claim events: 0
2026-03-22 16:02:01,969 - ProfilingConsumer - INFO - Contract events: 0
2026-03-22 16:02:01,970 - ProfilingConsumer - INFO - Contract Object events: 0
2026-03-22 16:02:01,971 - ProfilingConsumer - INFO - Inserts: 0
2026-03-22 16:02:01,973 - ProfilingConsumer - INFO - Updates: 0
2026-03-22 16:02:01,974 - ProfilingConsumer - INFO - Deletes: 0
2026-03-22 16:02:01,975 - ProfilingConsumer - INFO - Skipped: 0
2026-03-22 16:02:01,976 - ProfilingConsumer - INFO - ============================================================
2026-03-22 16:02:01,981 - ProfilingConsumer - INFO - Kafka consumer closed
2026-03-22 16:02:01,989 - shared.connections - INFO - [staging] MySQL connection closed
2026-03-22 16:02:01,996 - shared.connections - INFO - [reporting] MySQL connection closed
2026-03-22 16:02:01,998 - ProfilingConsumer - INFO - Profiling Consumer stopped
2026-03-22 16:19:04,540 - ProfilingConsumer - INFO - Architecture: Debezium → Kafka → This Consumer → profiling_analysis
2026-03-22 16:19:04,541 - ProfilingConsumer - INFO - Mode: Real-time streaming (replaces DB triggers)
2026-03-22 16:19:04,541 - ProfilingConsumer - INFO - ============================================================
2026-03-22 16:19:04,542 - ProfilingConsumer - INFO - STARTING PROFILING CONSUMER
2026-03-22 16:19:04,542 - ProfilingConsumer - INFO - ============================================================
2026-03-22 16:19:04,593 - shared.connections - INFO - [staging] Connected to MySQL: insuranceWarehouse
2026-03-22 16:19:04,640 - shared.connections - INFO - [reporting] Connected to MySQL: insuranceReporting
2026-03-22 16:19:16,493 - shared.connections - ERROR - Attempt 1/10 - Kafka connection failed: NoBrokersAvailable
2026-03-22 16:19:34,095 - shared.connections - ERROR - Attempt 2/10 - Kafka connection failed: NoBrokersAvailable
2026-03-22 16:19:46,799 - shared.connections - ERROR - Attempt 3/10 - Kafka connection failed: NoBrokersAvailable
2026-03-22 16:20:04,237 - shared.connections - ERROR - Attempt 4/10 - Kafka connection failed: NoBrokersAvailable
2026-03-22 16:20:20,941 - shared.connections - ERROR - Attempt 5/10 - Kafka connection failed: NoBrokersAvailable
2026-03-22 16:20:38,418 - shared.connections - ERROR - Attempt 6/10 - Kafka connection failed: NoBrokersAvailable
2026-03-22 16:20:51,237 - shared.connections - ERROR - Attempt 7/10 - Kafka connection failed: NoBrokersAvailable
2026-03-22 16:21:08,627 - shared.connections - ERROR - Attempt 8/10 - Kafka connection failed: NoBrokersAvailable
2026-03-22 16:21:21,387 - shared.connections - ERROR - Attempt 9/10 - Kafka connection failed: NoBrokersAvailable
2026-03-22 16:21:34,380 - shared.connections - ERROR - Attempt 10/10 - Kafka connection failed: NoBrokersAvailable
2026-03-22 16:21:34,381 - shared.connections - ERROR - Max retries reached. Could not connect to Kafka.
2026-03-22 16:21:34,382 - ProfilingConsumer - ERROR - Failed to create Kafka consumer.
2026-03-22 16:21:34,382 - ProfilingConsumer - ERROR - Setup failed. Exiting.
2026-03-22 16:21:35,837 - ProfilingConsumer - INFO - Architecture: Debezium → Kafka → This Consumer → profiling_analysis
2026-03-22 16:21:35,838 - ProfilingConsumer - INFO - Mode: Real-time streaming (replaces DB triggers)
2026-03-22 16:21:35,839 - ProfilingConsumer - INFO - ============================================================
2026-03-22 16:21:35,840 - ProfilingConsumer - INFO - STARTING PROFILING CONSUMER
2026-03-22 16:21:35,841 - ProfilingConsumer - INFO - ============================================================
2026-03-22 16:21:35,885 - shared.connections - INFO - [staging] Connected to MySQL: insuranceWarehouse
2026-03-22 16:21:35,924 - shared.connections - INFO - [reporting] Connected to MySQL: insuranceReporting
2026-03-22 16:21:43,717 - shared.connections - ERROR - Attempt 1/10 - Kafka connection failed: NoBrokersAvailable
2026-03-22 16:21:56,522 - shared.connections - ERROR - Attempt 2/10 - Kafka connection failed: NoBrokersAvailable
2026-03-22 16:22:10,041 - shared.connections - ERROR - Attempt 3/10 - Kafka connection failed: NoBrokersAvailable
2026-03-22 16:22:26,735 - shared.connections - ERROR - Attempt 4/10 - Kafka connection failed: NoBrokersAvailable
2026-03-22 16:22:44,324 - shared.connections - ERROR - Attempt 5/10 - Kafka connection failed: NoBrokersAvailable
2026-03-22 16:22:57,138 - shared.connections - ERROR - Attempt 6/10 - Kafka connection failed: NoBrokersAvailable
2026-03-22 16:23:14,576 - shared.connections - ERROR - Attempt 7/10 - Kafka connection failed: NoBrokersAvailable
2026-03-22 16:23:27,331 - shared.connections - ERROR - Attempt 8/10 - Kafka connection failed: NoBrokersAvailable
2026-03-22 16:23:44,721 - shared.connections - ERROR - Attempt 9/10 - Kafka connection failed: NoBrokersAvailable
2026-03-22 16:23:57,453 - shared.connections - ERROR - Attempt 10/10 - Kafka connection failed: NoBrokersAvailable
2026-03-22 16:23:57,454 - shared.connections - ERROR - Max retries reached. Could not connect to Kafka.
2026-03-22 16:23:57,455 - ProfilingConsumer - ERROR - Failed to create Kafka consumer.
2026-03-22 16:23:57,456 - ProfilingConsumer - ERROR - Setup failed. Exiting.
2026-03-22 16:48:12,583 - ProfilingConsumer - INFO - Architecture: Debezium → Kafka → This Consumer → profiling_analysis
2026-03-22 16:48:12,583 - ProfilingConsumer - INFO - Mode: Real-time streaming (replaces DB triggers)
2026-03-22 16:48:12,584 - ProfilingConsumer - INFO - ============================================================
2026-03-22 16:48:12,869 - ProfilingConsumer - INFO - STARTING PROFILING CONSUMER
2026-03-22 16:48:12,870 - ProfilingConsumer - INFO - ============================================================
2026-03-22 16:48:12,999 - shared.connections - INFO - [staging] Connected to MySQL: insuranceWarehouse
2026-03-22 16:48:13,031 - shared.connections - INFO - [reporting] Connected to MySQL: insuranceReporting
2026-03-22 16:48:13,139 - shared.connections - INFO - Kafka consumer created. Subscribed to 9 topics:
2026-03-22 16:48:13,140 - shared.connections - INFO -   - staging.insuranceWarehouse.stgClaim
2026-03-22 16:48:13,140 - shared.connections - INFO -   - staging.insuranceWarehouse.stgContract
2026-03-22 16:48:13,141 - shared.connections - INFO -   - staging.insuranceWarehouse.stgContractObject
2026-03-22 16:48:13,141 - shared.connections - INFO -   - staging.insuranceWarehouse.stgContractObjectVehicle
2026-03-22 16:48:13,142 - shared.connections - INFO -   - staging.insuranceWarehouse.stgContractObjectMoto
2026-03-22 16:48:13,142 - shared.connections - INFO -   - staging.insuranceWarehouse.stgContractObjectTravel
2026-03-22 16:48:13,143 - shared.connections - INFO -   - staging.insuranceWarehouse.stgContractObjectSocialInsurance
2026-03-22 16:48:13,143 - shared.connections - INFO -   - staging.insuranceWarehouse.stgContractObjectMedicalInsurance
2026-03-22 16:48:13,144 - shared.connections - INFO -   - staging.insuranceWarehouse.stgContractObjectHouse
2026-03-22 16:48:13,145 - ProfilingConsumer - INFO - Profiling Consumer started. Waiting for messages...
2026-03-22 16:48:18,196 - ProfilingConsumer - WARNING - [CLAIM] Missing contract for claim 000c1e906fcbbe899d500195db7f137b
2026-03-22 16:48:18,232 - ProfilingConsumer - WARNING - [CLAIM] Missing contract for claim 001df4fb776bbe899d5001972c0e3d3a
2026-03-22 16:48:18,275 - ProfilingConsumer - WARNING - [CLAIM] Missing contract for claim 003ba7f90198be899d50018cab5b1f22
2026-03-22 16:48:18,308 - ProfilingConsumer - WARNING - [CLAIM] Missing contract for claim 00935d507b09be899d50018df27e44ed
2026-03-22 16:48:18,340 - ProfilingConsumer - WARNING - [CLAIM] Missing contract for claim 00e2a3fc1b9bbe899d50019925338c5d
2026-03-22 16:48:18,375 - ProfilingConsumer - WARNING - [CLAIM] Missing contract for claim 01485f074feebe899d500197018a4934
2026-03-22 16:48:18,411 - ProfilingConsumer - WARNING - [CLAIM] Missing contract for claim 017dee261e92be899d500196ed37d23b
2026-03-22 16:48:18,444 - ProfilingConsumer - WARNING - [CLAIM] Missing contract for claim 018e21fc3296be899d500195a302aad4
2026-03-22 16:48:18,477 - ProfilingConsumer - WARNING - [CLAIM] Missing contract for claim 01f839f83815be899d5001987fc5ed66
2026-03-22 16:48:18,512 - ProfilingConsumer - WARNING - [CLAIM] Missing contract for claim 0213d7ff3815be899d500198743465ad
2026-03-22 16:48:18,545 - ProfilingConsumer - WARNING - [CLAIM] Missing contract for claim 024e44fc7a13be899d500194772d3f73
2026-03-22 16:48:18,580 - ProfilingConsumer - WARNING - [CLAIM] Missing contract for claim 0251a7406d9cbe899d5001971a72ae30
2026-03-22 16:48:18,612 - ProfilingConsumer - WARNING - [CLAIM] Missing contract for claim 027775156fcbbe899d50019628ebd7e3
2026-03-22 16:48:18,644 - ProfilingConsumer - WARNING - [CLAIM] Missing contract for claim 02bafbfe4bffbe899d5001980415892a
2026-03-22 16:48:18,676 - ProfilingConsumer - WARNING - [CLAIM] Missing contract for claim 02be95034ea9be899d5001981cba36fb
2026-03-22 16:48:18,711 - ProfilingConsumer - WARNING - [CLAIM] Missing contract for claim 03a7146656c5be899d50019984c98f96
2026-03-22 16:48:18,743 - ProfilingConsumer - WARNING - [CLAIM] Missing contract for claim 03b844fa1924be899d500199462bba4b
2026-03-22 16:48:18,775 - ProfilingConsumer - WARNING - [CLAIM] Missing contract for claim 0412eefd2223be899d50019955e0dd05
2026-03-22 16:48:18,809 - ProfilingConsumer - WARNING - [CLAIM] Missing contract for claim 04495090776bbe899d5001972bc4b4b1
2026-03-22 16:48:18,844 - ProfilingConsumer - WARNING - [CLAIM] Missing contract for claim 04603cf86020b529a2dd019b3b82a658
2026-03-22 16:48:18,876 - ProfilingConsumer - WARNING - [CLAIM] Missing contract for claim 04a1dcfe230dbe899d5001932446937d
2026-03-22 16:48:18,908 - ProfilingConsumer - WARNING - [CLAIM] Missing contract for claim 04adb8fc604abe899d5001993cb21cfb
2026-03-22 16:48:18,943 - ProfilingConsumer - WARNING - [CLAIM] Missing contract for claim 04af6cfb1e92be899d500196e8ec303a
2026-03-22 16:48:18,978 - ProfilingConsumer - WARNING - [CLAIM] Missing contract for claim 051a95fa3815be899d500198740f3323
2026-03-22 16:48:19,014 - ProfilingConsumer - WARNING - [CLAIM] Missing contract for claim 054933fb5696be899d500197ddb86fc2
2026-03-22 16:48:19,047 - ProfilingConsumer - WARNING - [CLAIM] Missing contract for claim 05554efc6fcbbe899d5001964d2b972c
2026-03-22 16:48:19,082 - ProfilingConsumer - WARNING - [CLAIM] Missing contract for claim 059724226b59be899d500194df641cba
2026-03-22 16:48:19,118 - ProfilingConsumer - WARNING - [CLAIM] Missing contract for claim 05d5ee5260cdbe899d5001928f1cdbab
2026-03-22 16:48:19,156 - ProfilingConsumer - WARNING - [CLAIM] Missing contract for claim 0648b2fc3815be899d5001987a083008
2026-03-22 16:48:19,190 - ProfilingConsumer - WARNING - [CLAIM] Missing contract for claim 065b56841924be899d5001994775dc64
2026-03-22 16:48:19,230 - ProfilingConsumer - WARNING - [CLAIM] Missing contract for claim 06b9c7fc6fcbbe899d50019618d6aa13
2026-03-22 16:48:19,266 - ProfilingConsumer - WARNING - [CLAIM] Missing contract for claim 06ddf006493bb6cbfa13019b367ab11e
2026-03-22 16:48:19,365 - ProfilingConsumer - WARNING - [CLAIM] Missing contract for claim 06f9d5fa51fcbe899d5001903463e1e9
2026-03-22 16:48:19,493 - ProfilingConsumer - WARNING - [CLAIM] Missing contract for claim 0707c1f9776bbe899d5001973124fb19
2026-03-22 16:48:19,530 - ProfilingConsumer - WARNING - [CLAIM] Missing contract for claim 072698fc9830b6c00008019b1b1582f5
2026-03-22 16:48:19,565 - ProfilingConsumer - WARNING - [CLAIM] Missing contract for claim 073548fe75c8be899d50019545bb79dc
2026-03-22 16:48:19,597 - ProfilingConsumer - WARNING - [CLAIM] Missing contract for claim 073c92fe022ebe899d500192cd0bf76e
2026-03-22 16:48:19,628 - ProfilingConsumer - WARNING - [CLAIM] Missing contract for claim 074939f83439be899d5001925a0bee95
2026-03-22 16:48:19,661 - ProfilingConsumer - WARNING - [CLAIM] Missing contract for claim 076a8142230dbe899d5001932ea587b6
2026-03-22 16:48:19,701 - ProfilingConsumer - WARNING - [CLAIM] Missing contract for claim 0785fc606fcbbe899d5001961904325f
2026-03-22 16:48:19,737 - ProfilingConsumer - WARNING - [CLAIM] Missing contract for claim 0799a73714d0be899d50018f8ddd5dcc
2026-03-22 16:48:19,769 - ProfilingConsumer - WARNING - [CLAIM] Missing contract for claim 07a6d4f86fcbbe899d5001967128003f
2026-03-22 16:48:19,804 - ProfilingConsumer - WARNING - [CLAIM] Missing contract for claim 07b54cfa4ea9be899d500198225b8b57
2026-03-22 16:48:19,859 - ProfilingConsumer - WARNING - [CLAIM] Missing contract for claim 07b5b1f17652be899d50019203d02091
2026-03-22 16:48:19,891 - ProfilingConsumer - WARNING - [CLAIM] Missing contract for claim 07c171371b9bbe899d5001991db588dc
2026-03-22 16:48:19,928 - ProfilingConsumer - WARNING - [CLAIM] Missing contract for claim 080f1cfe3439be899d50019246271bac
2026-03-22 16:48:19,964 - ProfilingConsumer - WARNING - [CLAIM] Missing contract for claim 082528657a1bbe899d50019739907ab7
2026-03-22 16:48:19,997 - ProfilingConsumer - WARNING - [CLAIM] Missing contract for claim 082b38fe5696be899d500197d4b54dcb
2026-03-22 16:48:20,031 - ProfilingConsumer - WARNING - [CLAIM] Missing contract for claim 08540f8434f5be899d50018c237e04c7
2026-03-22 16:48:20,064 - ProfilingConsumer - WARNING - [CLAIM] Missing contract for claim 08fc03fa6fc4b6c00008019b2ba927d0
2026-03-22 16:48:20,101 - ProfilingConsumer - WARNING - [CLAIM] Missing contract for claim 0914b2a16fcbbe899d5001963c9e4d6e
2026-03-22 16:48:20,144 - ProfilingConsumer - WARNING - [CLAIM] Missing contract for claim 097f7d2503deb6cbfa13019b53e001fa
2026-03-22 16:48:20,183 - ProfilingConsumer - WARNING - [CLAIM] Missing contract for claim 09a946d27a1bbe899d5001978351dc62
2026-03-22 16:48:20,219 - ProfilingConsumer - WARNING - [CLAIM] Missing contract for claim 09c682ff776bbe899d5001972acaf425
2026-03-22 16:48:20,261 - ProfilingConsumer - WARNING - [CLAIM] Missing contract for claim 09dbf2026fcbbe899d500195c6523d2c
2026-03-22 16:48:20,299 - ProfilingConsumer - WARNING - [CLAIM] Missing contract for claim 09ddb6956fcbbe899d500195bc67f89e
2026-03-22 16:48:20,336 - ProfilingConsumer - WARNING - [CLAIM] Missing contract for claim 09efc3fb617bbe899d5001919cceb195
2026-03-22 16:48:20,369 - ProfilingConsumer - WARNING - [CLAIM] Missing contract for claim 0a58b8f91b9bbe899d500198e4d65916
2026-03-22 16:48:20,407 - ProfilingConsumer - WARNING - [CLAIM] Missing contract for claim 0a5a98856fcbbe899d500195cdb0d5cb
2026-03-22 16:48:20,439 - ProfilingConsumer - WARNING - [CLAIM] Missing contract for claim 0a7318f71b9bbe899d500198e6a4c29c
2026-03-22 16:48:20,477 - ProfilingConsumer - WARNING - [CLAIM] Missing contract for claim 0a9513a74463be899d50019998809c9f
2026-03-22 16:48:20,514 - ProfilingConsumer - WARNING - [CLAIM] Missing contract for claim 0a9905200b6dbe899d500192743081d7
2026-03-22 16:48:20,552 - ProfilingConsumer - WARNING - [CLAIM] Missing contract for claim 0ad9f7f92f70b6c00008019b2b9d4f2b
2026-03-22 16:48:20,584 - ProfilingConsumer - WARNING - [CLAIM] Missing contract for claim 0b02df325c0fbe899d5001958fa166f9
2026-03-22 16:48:20,615 - ProfilingConsumer - WARNING - [CLAIM] Missing contract for claim 0b1e67f56a6db6cbfa13019b4e8b2503
2026-03-22 16:48:20,645 - ProfilingConsumer - WARNING - [CLAIM] Missing contract for claim 0b3e10fe4e50be899d5001970ceb1a83
2026-03-22 16:48:20,680 - ProfilingConsumer - WARNING - [CLAIM] Missing contract for claim 0b8b30f87a1bbe899d50019750111ec6
2026-03-22 16:48:20,717 - ProfilingConsumer - WARNING - [CLAIM] Missing contract for claim 0ba8135512debe899d50018bbc5a18e1
2026-03-22 16:48:20,754 - ProfilingConsumer - WARNING - [CLAIM] Missing contract for claim 0c4258fc7a1bbe899d50019757b644f6
2026-03-22 16:48:20,790 - ProfilingConsumer - WARNING - [CLAIM] Missing contract for claim 0c5dfbf27a1bbe899d5001974ada44b9
2026-03-22 16:48:20,828 - ProfilingConsumer - WARNING - [CLAIM] Missing contract for claim 0c742f067a1bbe899d50019779a199e5
2026-03-22 16:48:20,872 - ProfilingConsumer - WARNING - [CLAIM] Missing contract for claim 0c879bf53815be899d50019899dd9c1a
2026-03-22 16:48:20,909 - ProfilingConsumer - WARNING - [CLAIM] Missing contract for claim 0ca377041e92be899d500196eb645702
2026-03-22 16:48:20,946 - ProfilingConsumer - WARNING - [CLAIM] Missing contract for claim 0cb49efd5898b529a2dd019b4e862bcb
2026-03-22 16:48:20,981 - ProfilingConsumer - WARNING - [CLAIM] Missing contract for claim 0ce91cff6fcbbe899d500196a942715a
2026-03-22 16:48:21,015 - ProfilingConsumer - WARNING - [CLAIM] Missing contract for claim 0cf4561775c8be899d50019546b63484
2026-03-22 16:48:21,051 - ProfilingConsumer - WARNING - [CLAIM] Missing contract for claim 0d1bdd955ff8b6c00008019abf536f72
2026-03-22 16:48:21,087 - ProfilingConsumer - WARNING - [CLAIM] Missing contract for claim 0d229f4249d9be899d500194031b1677
2026-03-22 16:48:21,124 - ProfilingConsumer - WARNING - [CLAIM] Missing contract for claim 0d247dfa230dbe899d500193425dab18
2026-03-22 16:48:21,158 - ProfilingConsumer - WARNING - [CLAIM] Missing contract for claim 0d2db3f90963be899d5001997174301d
2026-03-22 16:48:21,193 - ProfilingConsumer - WARNING - [CLAIM] Missing contract for claim 0d72e4606fcbbe899d5001966087ea42
2026-03-22 16:48:21,234 - ProfilingConsumer - WARNING - [CLAIM] Missing contract for claim 0d7cb0725784b6c00008019b2baa2aff
2026-03-22 16:48:21,274 - ProfilingConsumer - WARNING - [CLAIM] Missing contract for claim 0da418f91992be899d5001982dfcece8
2026-03-22 16:48:21,310 - ProfilingConsumer - WARNING - [CLAIM] Missing contract for claim 0dbf7bf93815be899d50019874145468
2026-03-22 16:48:21,344 - ProfilingConsumer - WARNING - [CLAIM] Missing contract for claim 0dfa6aff7a1bbe899d5001978b267c33
2026-03-22 16:48:21,406 - ProfilingConsumer - WARNING - [CLAIM] Missing contract for claim 0e05b6777a1bbe899d50019743826c68
2026-03-22 16:48:23,695 - ProfilingConsumer - WARNING - [CLAIM] Missing contract for claim 0e4e0ca1230dbe899d5001931e60e371
2026-03-22 16:48:23,727 - ProfilingConsumer - WARNING - [CLAIM] Missing contract for claim 0e63a0ff5696be899d500197f373d51f
2026-03-22 16:48:23,761 - ProfilingConsumer - WARNING - [CLAIM] Missing contract for claim 0e7177fc5158b6c00008019b0c7f0a10
2026-03-22 16:48:27,968 - ProfilingConsumer - WARNING - [CLAIM] Missing contract for claim 0e7eed673815be899d5001986ff53922
2026-03-22 16:48:28,000 - ProfilingConsumer - WARNING - [CLAIM] Missing contract for claim 0e885d705c0fbe899d5001957447fae1
2026-03-22 16:48:28,035 - ProfilingConsumer - WARNING - [CLAIM] Missing contract for claim 0e9e63b67b09be899d50018e02a99d2c
2026-03-22 16:48:28,067 - ProfilingConsumer - WARNING - [CLAIM] Missing contract for claim 0ed78e857a1bbe899d50019767560c3f
2026-03-22 16:48:28,099 - ProfilingConsumer - WARNING - [CLAIM] Missing contract for claim 0ee9ece04d25b6cbfa13019b53c36885
2026-03-22 16:48:28,134 - ProfilingConsumer - WARNING - [CLAIM] Missing contract for claim 0ef2ddf84588b6c00008019b0c758b13
2026-03-22 16:48:28,167 - ProfilingConsumer - WARNING - [CLAIM] Missing contract for claim 0f1d73f61b9bbe899d500198e5f5876b
2026-03-22 16:48:28,199 - ProfilingConsumer - WARNING - [CLAIM] Missing contract for claim 0f341efe6fcbbe899d50019637d95e40
2026-03-22 16:48:28,233 - ProfilingConsumer - WARNING - [CLAIM] Missing contract for claim 0f64f1042b7fbe899d50019134f0483e
2026-03-22 16:48:28,267 - ProfilingConsumer - WARNING - [CLAIM] Missing contract for claim 0f6b09026fcbbe899d500195cc68765e
2026-03-22 16:48:28,305 - ProfilingConsumer - WARNING - [CLAIM] Missing contract for claim 0f75e36675c8be899d50019569d2100d
2026-03-22 16:48:28,339 - ProfilingConsumer - WARNING - [CLAIM] Missing contract for claim 0f8301ff7a1bbe899d50019734065bf1
2026-03-22 16:48:28,371 - ProfilingConsumer - WARNING - [CLAIM] Missing contract for claim 0fa33b1256c5be899d5001998450f526
2026-03-22 16:48:28,406 - ProfilingConsumer - WARNING - [CLAIM] Missing contract for claim 0fdec3223ffdbe899d500198c786f210
2026-03-22 16:48:28,438 - ProfilingConsumer - WARNING - [CLAIM] Missing contract for claim 102e96fe2ffabe899d50019791c3e7f7
2026-03-22 16:48:28,472 - ProfilingConsumer - WARNING - [CLAIM] Missing contract for claim 1061d0035c0fbe899d500195741f844e
2026-03-22 16:48:28,508 - ProfilingConsumer - WARNING - [CLAIM] Missing contract for claim 10c0dcf81e92be899d500196b2423e7d
2026-03-22 16:48:28,542 - ProfilingConsumer - WARNING - [CLAIM] Missing contract for claim 10e106e4230dbe899d5001933e30684d
2026-03-22 16:48:28,574 - ProfilingConsumer - WARNING - [CLAIM] Missing contract for claim 11a5c9331b9bbe899d500198f3bbbfe5
2026-03-22 16:48:28,608 - ProfilingConsumer - WARNING - [CLAIM] Missing contract for claim 11c656ff1b9bbe899d50019919d5dfba
2026-03-22 16:48:28,640 - ProfilingConsumer - WARNING - [CLAIM] Missing contract for claim 11dd27f93e1dbe899d50018f3bfd2850
2026-03-22 16:48:28,673 - ProfilingConsumer - WARNING - [CLAIM] Missing contract for claim 122139956fcbbe899d5001963706f577
2026-03-22 16:48:28,706 - ProfilingConsumer - WARNING - [CLAIM] Missing contract for claim 123059fd1992be899d5001983b525fac
2026-03-22 16:48:29,903 - ProfilingConsumer - WARNING - [CLAIM] Missing contract for claim 123f2bfb1e92be899d500196ae14cc12
2026-03-22 16:48:29,946 - ProfilingConsumer - WARNING - [CLAIM] Missing contract for claim 1275dfe03ffdbe899d500198c7cb3983
2026-03-22 16:48:29,988 - ProfilingConsumer - WARNING - [CLAIM] Missing contract for claim 1278a77006bcb6c00008019b2bb53007
2026-03-22 16:48:30,026 - ProfilingConsumer - WARNING - [CLAIM] Missing contract for claim 12a3cefd1018be899d50018d0d650a7d
2026-03-22 16:48:30,059 - ProfilingConsumer - WARNING - [CLAIM] Missing contract for claim 1336ac601b9bbe899d500198e085abe4
2026-03-22 16:48:30,095 - ProfilingConsumer - WARNING - [CLAIM] Missing contract for claim 133a28fb51fcbe899d50019015eef495
2026-03-22 16:48:30,129 - ProfilingConsumer - WARNING - [CLAIM] Missing contract for claim 1352d7041b9bbe899d500199153c7d5b
2026-03-22 16:48:30,162 - ProfilingConsumer - WARNING - [CLAIM] Missing contract for claim 135972203815be899d5001986b545197
2026-03-22 16:48:30,195 - ProfilingConsumer - WARNING - [CLAIM] Missing contract for claim 13753cf73d48b529a2dd019b3ba677a6
2026-03-22 16:48:30,227 - ProfilingConsumer - WARNING - [CLAIM] Missing contract for claim 13e6dcf94bffbe899d50019804580c87
2026-03-22 16:48:30,262 - ProfilingConsumer - WARNING - [CLAIM] Missing contract for claim 13eb6fd23ffdbe899d500198cbeb651f
2026-03-22 16:48:30,294 - ProfilingConsumer - WARNING - [CLAIM] Missing contract for claim 13f620fc4e54b6c00008019b1b231dad
2026-03-22 16:48:30,330 - ProfilingConsumer - WARNING - [CLAIM] Missing contract for claim 140747ff776bbe899d500197314e84c3
2026-03-22 16:48:30,362 - ProfilingConsumer - WARNING - [CLAIM] Missing contract for claim 1410a2fc54ccbe899d50019523734983
2026-03-22 16:48:30,396 - ProfilingConsumer - WARNING - [CLAIM] Missing contract for claim 143c7bfa1c44b6cbfa13019b2fbb5bb6
2026-03-22 16:48:30,427 - ProfilingConsumer - WARNING - [CLAIM] Missing contract for claim 144fb2155c0fbe899d50019585b58428
2026-03-22 16:48:30,460 - ProfilingConsumer - WARNING - [CLAIM] Missing contract for claim 1473a8fc5941be899d5001983f631301
2026-03-22 16:48:30,492 - ProfilingConsumer - WARNING - [CLAIM] Missing contract for claim 147855fc682bbe899d5001994cb5f12f
2026-03-22 16:48:30,523 - ProfilingConsumer - WARNING - [CLAIM] Missing contract for claim 149b5ee21992be899d50019837daa7d5
2026-03-22 16:48:30,554 - ProfilingConsumer - WARNING - [CLAIM] Missing contract_object for claim 14bc43fe230dbe899d5001931bc3f0b1
2026-03-22 16:48:30,587 - ProfilingConsumer - WARNING - [CLAIM] Missing contract for claim 14cdc8643e1dbe899d50018f1e6b4da1
2026-03-22 16:48:30,623 - ProfilingConsumer - WARNING - [CLAIM] Missing contract for claim 14e629a6230dbe899d5001931a119cf6
2026-03-22 16:48:30,667 - ProfilingConsumer - WARNING - [CLAIM] Missing contract for claim 151d0ef56f20b6cbfa13019b2fc3d2a5
2026-03-22 16:48:30,699 - ProfilingConsumer - WARNING - [CLAIM] Missing contract for claim 1583eaff5b0cb6c00008019b30744f75
2026-03-22 16:48:30,740 - ProfilingConsumer - WARNING - [CLAIM] Missing contract for claim 15a4bde71d97be899d50018ff02e3862
2026-03-22 16:48:30,772 - ProfilingConsumer - WARNING - [CLAIM] Missing contract for claim 15b92c900ccbbe899d50018acf158817
2026-03-22 16:48:30,805 - ProfilingConsumer - WARNING - [CLAIM] Missing contract for claim 15cf73fb46d8b529a2dd019b3b70bdd6
2026-03-22 16:48:30,837 - ProfilingConsumer - WARNING - [CLAIM] Missing contract for claim 15db8d9513bebe899d50018db07bf29b
2026-03-22 16:48:30,868 - ProfilingConsumer - WARNING - [CLAIM] Missing contract for claim 15f199247f8bbe899d500194305e5988
2026-03-22 16:48:30,901 - ProfilingConsumer - WARNING - [CLAIM] Missing contract for claim 160563f97652be899d500191cb562e31
2026-03-22 16:48:30,935 - ProfilingConsumer - WARNING - [CLAIM] Missing contract for claim 164a3bfd6fcbbe899d500196345f6644
2026-03-22 16:48:30,969 - ProfilingConsumer - WARNING - [CLAIM] Missing contract for claim 1655e2c53b75be899d5001996b2d0708
2026-03-22 16:48:31,001 - ProfilingConsumer - WARNING - [CLAIM] Missing contract for claim 167064a654ccbe899d5001952153eca4
2026-03-22 16:48:31,033 - ProfilingConsumer - WARNING - [CLAIM] Missing contract for claim 169f95fd357cbe899d50019107f62ea6
2026-03-22 16:48:31,073 - ProfilingConsumer - WARNING - [CLAIM] Missing contract for claim 16a55dfe51fcbe899d500190346b55ff
2026-03-22 16:48:31,107 - ProfilingConsumer - WARNING - [CLAIM] Missing contract for claim 16c8b8b256c0be899d50019962521b32
2026-03-22 16:48:31,148 - ProfilingConsumer - WARNING - [CLAIM] Missing contract for claim 16e3afc01b9bbe899d5001991ed004b0
2026-03-22 16:48:31,180 - ProfilingConsumer - WARNING - [CLAIM] Missing contract for claim 16e74f551e92be899d500196d9abb8ed
2026-03-22 16:48:31,213 - ProfilingConsumer - WARNING - [CLAIM] Missing contract for claim 16ebf2f61018be899d50018d1bd90620
2026-03-22 16:48:31,247 - ProfilingConsumer - WARNING - [CLAIM] Missing contract_object for claim 16f6bdf834f5be899d50018c06e340ab
2026-03-22 16:48:31,280 - ProfilingConsumer - WARNING - [CLAIM] Missing contract for claim 180150731b9bbe899d5001990ecd2d32
2026-03-22 16:48:31,333 - ProfilingConsumer - WARNING - [CLAIM] Missing contract for claim 182d82ff1018be899d50018d02401ecc
2026-03-22 16:48:31,367 - ProfilingConsumer - WARNING - [CLAIM] Missing contract for claim 18700bd61b9bbe899d50019917f35bca
2026-03-22 16:48:31,454 - ProfilingConsumer - WARNING - [CLAIM] Missing contract for claim 1887e2fb7a1bbe899d5001974968adb9
2026-03-22 16:48:31,588 - ProfilingConsumer - WARNING - [CLAIM] Missing contract for claim 1889de736ef4b6c00008019b0c705d15
2026-03-22 16:48:31,720 - ProfilingConsumer - WARNING - [CLAIM] Missing contract for claim 188d59d77a13be899d5001946973381e
2026-03-22 16:48:31,802 - ProfilingConsumer - WARNING - [CLAIM] Missing contract for claim 18cc6cfa7a1bbe899d5001973de00542
2026-03-22 16:48:31,845 - ProfilingConsumer - WARNING - [CLAIM] Missing contract for claim 1900f1fc2f9bbe899d50018d5eab9886
2026-03-22 16:48:31,879 - ProfilingConsumer - WARNING - [CLAIM] Missing contract for claim 1949f8835941be899d5001984f2ff922
2026-03-22 16:48:31,917 - ProfilingConsumer - WARNING - [CLAIM] Missing contract for claim 194d76e61644be899d500197bfea788a
2026-03-22 16:48:31,951 - ProfilingConsumer - WARNING - [CLAIM] Missing contract for claim 19b9b2c57a13be899d50019481e3c511
2026-03-22 16:48:31,993 - ProfilingConsumer - WARNING - [CLAIM] Missing contract for claim 19be91537652be899d500191f3d6214b
2026-03-22 16:48:32,027 - ProfilingConsumer - WARNING - [CLAIM] Missing contract for claim 19ca47d617bdbe899d500194ca2eb104
2026-03-22 16:48:32,059 - ProfilingConsumer - WARNING - [CLAIM] Missing contract for claim 19e020fa6fcbbe899d5001963d582465
2026-03-22 16:48:32,097 - ProfilingConsumer - WARNING - [CLAIM] Missing contract for claim 1ab0b0fd1b9bbe899d500199127cd6b9
2026-03-22 16:48:32,135 - ProfilingConsumer - WARNING - [CLAIM] Missing contract for claim 1b0533f96fcbbe899d500196684f4c37
2026-03-22 16:48:32,172 - ProfilingConsumer - WARNING - [CLAIM] Missing contract for claim 1b35c7826a58be899d500199a302b1a4
2026-03-22 16:48:32,212 - ProfilingConsumer - WARNING - [CLAIM] Missing contract for claim 1e7ac1f43770b529a2dd019b4e85409a
2026-03-22 16:48:32,247 - ProfilingConsumer - WARNING - [CLAIM] Missing contract for claim 1eb49efe18b0b529a2dd019b4e78164a
2026-03-22 16:48:32,284 - ProfilingConsumer - WARNING - [CLAIM] Missing contract for claim 211254c53d48b529a2dd019b3ba4c95c
2026-03-22 16:48:32,318 - ProfilingConsumer - WARNING - [CLAIM] Missing contract for claim 21c5dfff2c64b529a2dd019b3b6bf1e5
2026-03-22 16:48:32,356 - ProfilingConsumer - WARNING - [CLAIM] Missing contract for claim 21f9a9fb2f4cb6c00008019b2f8aa126
2026-03-22 16:48:32,395 - ProfilingConsumer - WARNING - [CLAIM] Missing contract for claim 2234f8f81d26b6cbfa1301993c4a33f8
2026-03-22 16:48:32,427 - ProfilingConsumer - WARNING - [CLAIM] Missing contract for claim 2282f362add6b6aa5e8a019cd746f3ef
2026-03-22 16:48:32,462 - ProfilingConsumer - WARNING - [CLAIM] Missing contract for claim 232003fd5b0cb6c00008019b307246bc
2026-03-22 16:48:40,314 - ProfilingConsumer - WARNING - [CLAIM] Missing contract for claim 255a81c34e0cb6c00008019abf4f88c7
2026-03-22 16:48:40,354 - ProfilingConsumer - WARNING - [CLAIM] Missing contract for claim 257656fb28e8b6c00008019b3020695e
2026-03-22 16:48:40,396 - ProfilingConsumer - WARNING - [CLAIM] Missing contract for claim 27a5b35074a0b6c00008019b123c742f
2026-03-22 16:48:40,430 - ProfilingConsumer - WARNING - [CLAIM] Missing contract for claim 2aa291f8864cb6c00008019b1acc6107
2026-03-22 16:48:40,467 - ProfilingConsumer - WARNING - [CLAIM] Missing contract for claim 2b4b8a925338b529a2dd019b4e8b361f
2026-03-22 16:48:40,503 - ProfilingConsumer - WARNING - [CLAIM] Missing contract for claim 2c2d29d51f76b6cbfa13019b58ab279b
2026-03-22 16:48:40,537 - ProfilingConsumer - WARNING - [CLAIM] Missing contract for claim 2d125b960e0cb529a2dd019b4e6752f4
2026-03-22 16:48:40,571 - ProfilingConsumer - WARNING - [CLAIM] Missing contract for claim 2d3688fa4850b529a2dd019b4e89142e
2026-03-22 16:48:40,609 - ProfilingConsumer - WARNING - [CLAIM] Missing contract for claim 35565ca168acb529a2dd019b4e7f1490
2026-03-22 16:48:40,640 - ProfilingConsumer - WARNING - [CLAIM] Missing contract for claim 370258b16e98b6c00008019b3082e8ac
2026-03-22 16:48:40,770 - ProfilingConsumer - WARNING - [CLAIM] Missing contract for claim 3b40e2a265bcb529a2dd019b4e732fb8
2026-03-22 16:48:40,807 - ProfilingConsumer - WARNING - [CLAIM] Missing contract for claim 3f529cfe2a98b529a2dd019b3b899b3d
2026-03-22 16:48:40,843 - ProfilingConsumer - WARNING - [CLAIM] Missing contract for claim 3f901b6462feb6cbfa13019b58cf2139
2026-03-22 16:48:40,878 - ProfilingConsumer - WARNING - [CLAIM] Missing contract for claim 3fae6c833d48b529a2dd019b3ba46cb8
2026-03-22 16:48:40,914 - ProfilingConsumer - WARNING - [CLAIM] Missing contract for claim 3fe529f90969b6cbfa13019b2fc9eb3a
2026-03-22 16:48:40,951 - ProfilingConsumer - WARNING - [CLAIM] Missing contract for claim 4063f7fd03deb6cbfa13019b54273834
2026-03-22 16:48:40,982 - ProfilingConsumer - WARNING - [CLAIM] Missing contract for claim 419f51fb6020b529a2dd019b3b84ee78
2026-03-22 16:48:41,015 - ProfilingConsumer - WARNING - [CLAIM] Missing contract for claim 4455cdff9830b6c00008019b1b1ee163
2026-03-22 16:48:41,046 - ProfilingConsumer - WARNING - [CLAIM] Missing contract for claim 45da39fd7c14b6c00008019b122f0c00
2026-03-22 16:48:41,085 - ProfilingConsumer - WARNING - [CLAIM] Missing contract for claim 48353afa8680b6c00008019abf1cfa81
2026-03-22 16:48:41,117 - ProfilingConsumer - WARNING - [CLAIM] Missing contract for claim 483fcc161d60b6c00008019abf24cee6
2026-03-22 16:48:41,150 - ProfilingConsumer - WARNING - [CLAIM] Missing contract for claim 48502afe3770b529a2dd019b4e8004c5
2026-03-22 16:48:41,197 - ProfilingConsumer - WARNING - [CLAIM] Missing contract for claim 492dccf93af6b6cbfa13019c469ad5d7
2026-03-22 16:48:41,228 - ProfilingConsumer - WARNING - [CLAIM] Missing contract for claim 49ecfa6065bcb529a2dd019b4e71ec75
2026-03-22 16:48:41,260 - ProfilingConsumer - WARNING - [CLAIM] Missing contract for claim 4a4f48f90f58b6c00008019b0c74374a
2026-03-22 16:48:41,292 - ProfilingConsumer - WARNING - [CLAIM] Missing contract for claim 4aabe5655784b6c00008019b2bab75f7
2026-03-22 16:48:41,324 - ProfilingConsumer - WARNING - [CLAIM] Missing contract for claim 4c2879a1413cb529a2dd019b3b998117
2026-03-22 16:48:41,353 - ProfilingConsumer - WARNING - [CLAIM] Missing contract for claim 4d1adfa431e8b529a2dd019b3b8ec50e
2026-03-22 16:48:41,387 - ProfilingConsumer - WARNING - [CLAIM] Missing contract for claim 4d79d0fb5201b6cbfa13019b2f9feafa
2026-03-22 16:48:41,423 - ProfilingConsumer - WARNING - [CLAIM] Missing contract for claim 4efceff91f76b6cbfa13019b58a72718
2026-03-22 16:48:41,455 - ProfilingConsumer - WARNING - [CLAIM] Missing contract for claim 4f9170056668b6c00008019b20f7922b
2026-03-22 16:48:41,491 - ProfilingConsumer - WARNING - [CLAIM] Missing contract for claim 502655ff4e54b6c00008019b1b281823
2026-03-22 16:48:41,589 - ProfilingConsumer - WARNING - [CLAIM] Missing contract for claim 51fc00f86268b6c00008019b1ac2fef0
2026-03-22 16:48:41,704 - ProfilingConsumer - WARNING - [CLAIM] Missing contract for claim 55d7d8fa2b7cb6c00008019abf2aaf1a
2026-03-22 16:48:41,740 - ProfilingConsumer - WARNING - [CLAIM] Missing contract for claim 56cd50fe4d5cb6cbfa13019b53b11f51
2026-03-22 16:48:41,775 - ProfilingConsumer - WARNING - [CLAIM] Missing contract for claim 57fd53c56368b529a2dd019b3b8da570
2026-03-22 16:48:41,810 - ProfilingConsumer - WARNING - [CLAIM] Missing contract for claim 59a052fb1044b529a2dd019b3b75fc3d
2026-03-22 16:48:41,843 - ProfilingConsumer - WARNING - [CLAIM] Missing contract for claim 59bb90fd27a4b6c00008019b2b98b5de
2026-03-22 16:48:41,876 - ProfilingConsumer - WARNING - [CLAIM] Missing contract for claim 59d2e5f96a6db6cbfa13019b4e91ce79
2026-03-22 16:48:41,908 - ProfilingConsumer - WARNING - [CLAIM] Missing contract for claim 5a2087ff62f8b529a2dd019b53e0d631
2026-03-22 16:48:41,937 - ProfilingConsumer - WARNING - [CLAIM] Missing contract for claim 5a46bdf81d26b6cbfa1301993c590dd8
2026-03-22 16:48:41,971 - ProfilingConsumer - WARNING - [CLAIM] Missing contract for claim 5aa1f1d468e4b6c00008019b2bb799b7
2026-03-22 16:48:42,016 - ProfilingConsumer - WARNING - [CLAIM] Missing contract for claim 5be846fe7074b529a2dd019b53dfb78e
2026-03-22 16:48:42,046 - ProfilingConsumer - WARNING - [CLAIM] Missing contract for claim 5d9229f34e20b529a2dd019b53e283dc
2026-03-22 16:48:42,080 - ProfilingConsumer - WARNING - [CLAIM] Missing contract for claim 5f49caf96a74b6c00008019b0c6dbe1a
2026-03-22 16:48:42,112 - ProfilingConsumer - WARNING - [CLAIM] Missing contract for claim 5f8495fe669cb6c00008019b24e69533
2026-03-22 16:48:42,145 - ProfilingConsumer - WARNING - [CLAIM] Missing contract for claim 6064b4f92ddeb6cbfa13019b2bbe651a
2026-03-22 16:48:42,179 - ProfilingConsumer - WARNING - [CLAIM] Missing contract for claim 632dadd407bab6cbfa13019b68cd43fa
2026-03-22 16:48:42,211 - ProfilingConsumer - WARNING - [CLAIM] Missing contract for claim 682c6bfc369cb6c00008019b30805dbb
2026-03-22 16:48:42,247 - ProfilingConsumer - WARNING - [CLAIM] Missing contract for claim 68cc9ffd62f8b529a2dd019b53e061c8
2026-03-22 16:48:42,284 - ProfilingConsumer - WARNING - [CLAIM] Missing contract for claim 69856efc7074b529a2dd019b53ddf07c
2026-03-22 16:48:42,325 - ProfilingConsumer - WARNING - [CLAIM] Missing contract for claim 6d4956fd62feb6cbfa13019b58d4f0b0
2026-03-22 16:48:42,360 - ProfilingConsumer - WARNING - [CLAIM] Missing contract for claim 6d8921ff6288b6c00008019abf5c56d3
2026-03-22 16:48:42,394 - ProfilingConsumer - WARNING - [CLAIM] Missing contract for claim 6dc891f66020b529a2dd019b3b819982
2026-03-22 16:48:42,425 - ProfilingConsumer - WARNING - [CLAIM] Missing contract for claim 6ee405e22c64b529a2dd019b3b6fcaca
2026-03-22 16:48:42,456 - ProfilingConsumer - WARNING - [CLAIM] Missing contract for claim 71eb42f87c29b6cbfa13019b598cae05
2026-03-22 16:48:42,490 - ProfilingConsumer - WARNING - [CLAIM] Missing contract for claim 73d66e401e54b529a2dd019b3b7ca463
2026-03-22 16:48:42,522 - ProfilingConsumer - WARNING - [CLAIM] Missing contract for claim 743d9fc4cb944792a963f59184830a32
2026-03-22 16:48:42,553 - ProfilingConsumer - WARNING - [CLAIM] Missing contract for claim 763da1146408b529a2dd019b3b97d8e0
2026-03-22 16:48:42,587 - ProfilingConsumer - WARNING - [CLAIM] Missing contract for claim 76c883fa369cb6c00008019b307dbe34
2026-03-22 16:48:42,619 - ProfilingConsumer - WARNING - [CLAIM] Missing contract for claim 777059ff402cb529a2dd019b53c03645
2026-03-22 16:48:42,657 - ProfilingConsumer - WARNING - [CLAIM] Missing contract for claim 77e237733770b529a2dd019b4e823ec4
2026-03-22 16:48:42,693 - ProfilingConsumer - WARNING - [CLAIM] Missing contract for claim 796e88fb5201b6cbfa13019b2fac2885
2026-03-22 16:48:42,726 - ProfilingConsumer - WARNING - [CLAIM] Missing contract for claim 7abf08fe83e8b6c00008019b1ac621fd
2026-03-22 16:48:42,757 - ProfilingConsumer - WARNING - [CLAIM] Missing contract for claim 7c5f85fb4e54b6c00008019b1b2226c9
2026-03-22 16:48:42,790 - ProfilingConsumer - WARNING - [CLAIM] Missing contract for claim 814ed255017fb6cbfa13019b6841b4b6
2026-03-22 16:48:42,829 - ProfilingConsumer - WARNING - [CLAIM] Missing contract for claim 831bf6a6864cb6c00008019b1ac9118f
2026-03-22 16:48:42,864 - ProfilingConsumer - WARNING - [CLAIM] Missing contract for claim 833313d61c58b529a2dd019b4e87ea4d
2026-03-22 16:48:42,899 - ProfilingConsumer - WARNING - [CLAIM] Missing contract for claim 858f4f313770b529a2dd019b4e816f98
2026-03-22 16:48:42,935 - ProfilingConsumer - WARNING - [CLAIM] Missing contract for claim 87851cfe60f8b6c00008019b1ac4a15b
2026-03-22 16:48:42,971 - ProfilingConsumer - WARNING - [CLAIM] Missing contract for claim 8878fefc5240b529a2dd019b3b68df71
2026-03-22 16:48:43,007 - ProfilingConsumer - WARNING - [CLAIM] Missing contract for claim 89fa84fd5edcb529a2dd019b4e652b90
2026-03-22 16:48:43,040 - ProfilingConsumer - WARNING - [CLAIM] Missing contract for claim 8c529af83fa9b6cbfa13019b54db21d7
2026-03-22 16:48:43,075 - ProfilingConsumer - WARNING - [CLAIM] Missing contract for claim 8cc0a5f76668b6c00008019b20f90785
2026-03-22 16:48:43,111 - ProfilingConsumer - WARNING - [CLAIM] Missing contract for claim 8eb2f6424e0cb6c00008019abf4eba15
2026-03-22 16:48:43,143 - ProfilingConsumer - WARNING - [CLAIM] Missing contract for claim 8ffe08fc1f76b6cbfa13019b58ad9e23
2026-03-22 16:48:43,177 - ProfilingConsumer - WARNING - [CLAIM] Missing contract for claim 9085d7725dacb6c00008019abf00733a
2026-03-22 16:48:43,214 - ProfilingConsumer - WARNING - [CLAIM] Missing contract for claim 91737646432cb6c00008019abf522684
2026-03-22 16:48:43,253 - ProfilingConsumer - WARNING - [CLAIM] Missing contract for claim 950d3853022cb6c00008019b123b4620
2026-03-22 16:48:43,290 - ProfilingConsumer - WARNING - [CLAIM] Missing contract for claim 95b383e65f5bb6cbfa13019b5372c125
2026-03-22 16:48:43,326 - ProfilingConsumer - WARNING - [CLAIM] Missing contract for claim 96df77fe1044b529a2dd019b3b798a01
2026-03-22 16:48:43,361 - ProfilingConsumer - WARNING - [CLAIM] Missing contract for claim 9c5c9ba764a9b6cbfa13019b54876308
2026-03-22 16:48:43,719 - ProfilingConsumer - WARNING - [CLAIM] Missing contract for claim 9c8f12364e30b6c00008019b2106eb6c
2026-03-22 16:48:43,752 - ProfilingConsumer - WARNING - [CLAIM] Missing contract for claim 9cb3ca51669cb6c00008019b24e7058a
2026-03-22 16:48:43,784 - ProfilingConsumer - WARNING - [CLAIM] Missing contract for claim a1a732a41d60b6c00008019abf225cd8
2026-03-22 16:48:43,820 - ProfilingConsumer - WARNING - [CLAIM] Missing contract for claim a1ad9ff88680b6c00008019abf1b8266
2026-03-22 16:48:43,932 - ProfilingConsumer - WARNING - [CLAIM] Missing contract for claim a2e80cff017fb6cbfa13019b68231d8e
2026-03-22 16:48:44,552 - ProfilingConsumer - WARNING - [CLAIM] Missing contract for claim a3145be35784b6c00008019b2baa8047
2026-03-22 16:48:44,584 - ProfilingConsumer - WARNING - [CLAIM] Missing contract for claim a3b278175ff8b6c00008019abf5573ca
2026-03-22 16:48:44,626 - ProfilingConsumer - WARNING - [CLAIM] Missing contract for claim a3b7bdf80f58b6c00008019b0c727255
2026-03-22 16:48:44,660 - ProfilingConsumer - WARNING - [CLAIM] Missing contract for claim a42ea2515201b6cbfa13019b2fa68046
2026-03-22 16:48:44,694 - ProfilingConsumer - WARNING - [CLAIM] Missing contract for claim a49a68f94588b6c00008019b0c7753dc
2026-03-22 16:48:44,725 - ProfilingConsumer - WARNING - [CLAIM] Missing contract for claim a85fd8ff66c9b6cbfa13019b53d2ffc2
2026-03-22 16:48:44,757 - ProfilingConsumer - WARNING - [CLAIM] Missing contract for claim a8c6a6c53e2cb6c00008019b307c1f20
2026-03-22 16:48:44,789 - ProfilingConsumer - WARNING - [CLAIM] Missing contract for claim aac0388026d8b529a2dd019b3b6378a4
2026-03-22 16:48:44,823 - ProfilingConsumer - WARNING - [CLAIM] Missing contract for claim aaf7c6f96020b529a2dd019b3b849305
2026-03-22 16:48:44,853 - ProfilingConsumer - WARNING - [CLAIM] Missing contract for claim ac6aadf85701b6cbfa13019a95151d72
2026-03-22 16:48:44,886 - ProfilingConsumer - WARNING - [CLAIM] Missing contract for claim adbd23fd9830b6c00008019b1b187b38
2026-03-22 16:48:44,921 - ProfilingConsumer - WARNING - [CLAIM] Missing contract for claim ae33aefb7c14b6c00008019b122c7083
2026-03-22 16:48:44,952 - ProfilingConsumer - WARNING - [CLAIM] Missing contract for claim ae5b3dfd3c40b6c00008019b2f88a302
2026-03-22 16:48:44,989 - ProfilingConsumer - WARNING - [CLAIM] Missing contract for claim b0c4cbfb4d5cb6cbfa13019b5383688d
2026-03-22 16:48:45,023 - ProfilingConsumer - WARNING - [CLAIM] Missing contract for claim b3948ab12ab8b6c00008019b30283d98
2026-03-22 16:48:45,056 - ProfilingConsumer - WARNING - [CLAIM] Missing contract for claim b4b1b3c42c1cb529a2dd019b4e77644b
2026-03-22 16:48:45,095 - ProfilingConsumer - WARNING - [CLAIM] Missing contract for claim b98ebafe4e54b6c00008019b1b26e48b
2026-03-22 16:48:48,634 - ProfilingConsumer - INFO - ============================================================
2026-03-22 16:48:48,635 - ProfilingConsumer - INFO - PROFILING CONSUMER STATISTICS
2026-03-22 16:48:48,636 - ProfilingConsumer - INFO - ============================================================
2026-03-22 16:48:48,637 - ProfilingConsumer - INFO - Running time: 35s
2026-03-22 16:48:48,637 - ProfilingConsumer - INFO - Messages processed: 1300
2026-03-22 16:48:48,638 - ProfilingConsumer - INFO - Errors: 0
2026-03-22 16:48:48,639 - ProfilingConsumer - INFO - Claim events: 0
2026-03-22 16:48:48,640 - ProfilingConsumer - INFO - Contract events: 158
2026-03-22 16:48:48,640 - ProfilingConsumer - INFO - Contract Object events: 861
2026-03-22 16:48:48,641 - ProfilingConsumer - INFO - Inserts: 0
2026-03-22 16:48:48,642 - ProfilingConsumer - INFO - Updates: 0
2026-03-22 16:48:48,642 - ProfilingConsumer - INFO - Deletes: 0
2026-03-22 16:48:48,643 - ProfilingConsumer - INFO - Skipped: 281
2026-03-22 16:48:48,644 - ProfilingConsumer - INFO - ============================================================
2026-03-22 16:48:52,728 - ProfilingConsumer - WARNING - [CLAIM] Missing contract for claim ba0f27e3071cb529a2dd019b53d18ad1
2026-03-22 16:48:52,764 - ProfilingConsumer - WARNING - [CLAIM] Missing contract for claim be304ef82b7cb6c00008019abf2891ae
2026-03-22 16:48:52,798 - ProfilingConsumer - WARNING - [CLAIM] Missing contract for claim c25ecb822c1cb529a2dd019b4e770313
2026-03-22 16:48:52,832 - ProfilingConsumer - WARNING - [CLAIM] Missing contract for claim c2fdc3fa7074b529a2dd019b53db7d9b
2026-03-22 16:48:52,866 - ProfilingConsumer - WARNING - [CLAIM] Missing contract for claim c3260b221094b529a2dd019b53ce9ee8
2026-03-22 16:48:52,902 - ProfilingConsumer - WARNING - [CLAIM] Missing contract for claim c63107756020b529a2dd019b3b802a58
2026-03-22 16:48:52,938 - ProfilingConsumer - WARNING - [CLAIM] Missing contract for claim c6d1a9f8531cb529a2dd019b53d9e0e6
2026-03-22 16:48:52,976 - ProfilingConsumer - WARNING - [CLAIM] Missing contract for claim c75d6a612c64b529a2dd019b3b6c6067
2026-03-22 16:48:53,081 - ProfilingConsumer - WARNING - [CLAIM] Missing contract for claim c8b238260924b6c00008019b20f6c0e9
2026-03-22 16:48:53,120 - ProfilingConsumer - WARNING - [CLAIM] Missing contract for claim c98d7b5380a8b6c00008019abf1e95d8
2026-03-22 16:48:53,155 - ProfilingConsumer - WARNING - [CLAIM] Missing contract for claim ca8021a544fdb6cbfa13019b2e95e906
2026-03-22 16:48:53,194 - ProfilingConsumer - WARNING - [CLAIM] Missing contract for claim cb13ece8b4b04fbf8c2d72e59aa6a045
2026-03-22 16:48:53,227 - ProfilingConsumer - WARNING - [CLAIM] Missing contract for claim cd3d4ec174a0b6c00008019b129123a2
2026-03-22 16:48:53,262 - ProfilingConsumer - WARNING - [CLAIM] Missing contract for claim CLM001
2026-03-22 16:48:53,293 - ProfilingConsumer - WARNING - [CLAIM] Missing contract for claim d09aebf87074b529a2dd019b53dab954
2026-03-22 16:48:53,329 - ProfilingConsumer - WARNING - [CLAIM] Missing contract for claim d0fae3502c1cb529a2dd019b4e75c2c6
2026-03-22 16:48:53,367 - ProfilingConsumer - WARNING - [CLAIM] Missing contract for claim d0ffc2fe254cb6c00008019abf13e174
2026-03-22 16:48:53,403 - ProfilingConsumer - WARNING - [CLAIM] Missing contract for claim d3026bfe07bab6cbfa13019b6d781aaf
2026-03-22 16:48:53,437 - ProfilingConsumer - WARNING - [CLAIM] Missing contract for claim d4c3c3fd10adb6cbfa13019a2f27b5fa
2026-03-22 16:48:53,472 - ProfilingConsumer - WARNING - [CLAIM] Missing contract for claim d5f927302a98b529a2dd019b3b8ae836
2026-03-22 16:48:53,503 - ProfilingConsumer - WARNING - [CLAIM] Missing contract for claim d61cbafd280eb6cbfa13019b2be35ad9
2026-03-22 16:48:53,536 - ProfilingConsumer - WARNING - [CLAIM] Missing contract for claim d79c03f84d5cb6cbfa13019b53a7416c
2026-03-22 16:48:53,570 - ProfilingConsumer - WARNING - [CLAIM] Missing contract for claim d9e2ff44669cb6c00008019b24e7860a
2026-03-22 16:48:53,604 - ProfilingConsumer - WARNING - [CLAIM] Missing contract for claim dcc1def568e4b6c00008019b0c6c6ec8
2026-03-22 16:48:53,638 - ProfilingConsumer - WARNING - [CLAIM] Missing contract for claim de91c1ff4640b529a2dd019b3b95840f
2026-03-22 16:48:53,669 - ProfilingConsumer - WARNING - [CLAIM] Missing contract for claim e1e064fa5240b529a2dd019b3b665934
2026-03-22 16:48:53,700 - ProfilingConsumer - WARNING - [CLAIM] Missing contract for claim e1fe36fa5380b529a2dd019b3b94a472
2026-03-22 16:48:53,733 - ProfilingConsumer - WARNING - [CLAIM] Missing contract for claim e361e7566224b529a2dd019b3b922b16
2026-03-22 16:48:53,766 - ProfilingConsumer - WARNING - [CLAIM] Missing contract for claim e7e0750127184f4c8f743796e7f21157
2026-03-22 16:48:53,853 - ProfilingConsumer - WARNING - [CLAIM] Missing contract for claim e86314f918cdb6cbfa13019b2aff3eab
2026-03-22 16:48:53,887 - ProfilingConsumer - WARNING - [CLAIM] Missing contract for claim e9fe066545b4b6c00008019b2baf1643
2026-03-22 16:48:53,920 - ProfilingConsumer - WARNING - [CLAIM] Missing contract for claim eaec58e09830b6c00008019b1b1f4a6e
2026-03-22 16:48:53,954 - ProfilingConsumer - WARNING - [CLAIM] Missing contract for claim ede6c3fc759cb6c00008019b0c6a9fba
2026-03-22 16:48:53,988 - ProfilingConsumer - WARNING - [CLAIM] Missing contract for claim ee870cfe2c1cb529a2dd019b4e752204
2026-03-22 16:48:54,019 - ProfilingConsumer - WARNING - [CLAIM] Missing contract for claim f0184cfa64a9b6cbfa13019b5485e924
2026-03-22 16:48:54,053 - ProfilingConsumer - WARNING - [CLAIM] Missing contract for claim f1f11ed664a9b6cbfa13019b547c9716
2026-03-22 16:48:54,084 - ProfilingConsumer - WARNING - [CLAIM] Missing contract for claim f72727fe68acb529a2dd019b4e7983ce
2026-03-22 16:48:54,119 - ProfilingConsumer - WARNING - [CLAIM] Missing contract for claim faef69a653a0b529a2dd019b53c17fa8
2026-03-22 16:48:54,150 - ProfilingConsumer - WARNING - [CLAIM] Missing contract for claim fb2e1ff85784b6c00008019b24eed0d0
2026-03-22 16:48:54,190 - ProfilingConsumer - WARNING - [CLAIM] Missing contract for claim fe17ccfc9158b6c00008019b1abdffec
2026-03-22 16:48:54,222 - ProfilingConsumer - WARNING - [CLAIM] Missing contract for claim fe65add1022cb6c00008019b12311c0b
2026-03-22 16:48:54,255 - ProfilingConsumer - WARNING - [CLAIM] Missing contract for claim fef0240403deb6cbfa13019b542ca65f
2026-03-22 16:48:54,299 - ProfilingConsumer - WARNING - [CLAIM] Missing contract for claim ff38ecfd1044b529a2dd019b3b78a9b9
2026-03-22 16:48:54,332 - ProfilingConsumer - WARNING - [CLAIM] Missing contract for claim TEST_CLAIM_001
2026-03-22 16:48:54,443 - ProfilingConsumer - WARNING - [CLAIM] Missing contract for claim TEST_CLAIM_002
2026-03-22 16:48:54,556 - ProfilingConsumer - WARNING - [CLAIM] Missing contract for claim TEST_CLAIM_003
2026-03-22 16:48:54,589 - ProfilingConsumer - WARNING - [CLAIM] Missing contract for claim TEST_CLAIM_004
2026-03-22 16:48:54,620 - ProfilingConsumer - WARNING - [CLAIM] Missing contract for claim TEST_CLAIM_005
2026-03-22 16:49:30,676 - ProfilingConsumer - INFO - ============================================================
2026-03-22 16:49:30,677 - ProfilingConsumer - INFO - PROFILING CONSUMER STATISTICS
2026-03-22 16:49:30,677 - ProfilingConsumer - INFO - ============================================================
2026-03-22 16:49:30,678 - ProfilingConsumer - INFO - Running time: 78s
2026-03-22 16:49:30,679 - ProfilingConsumer - INFO - Messages processed: 2500
2026-03-22 16:49:30,679 - ProfilingConsumer - INFO - Errors: 0
2026-03-22 16:49:30,680 - ProfilingConsumer - INFO - Claim events: 0
2026-03-22 16:49:30,680 - ProfilingConsumer - INFO - Contract events: 489
2026-03-22 16:49:30,681 - ProfilingConsumer - INFO - Contract Object events: 1682
2026-03-22 16:49:30,682 - ProfilingConsumer - INFO - Inserts: 0
2026-03-22 16:49:30,682 - ProfilingConsumer - INFO - Updates: 0
2026-03-22 16:49:30,683 - ProfilingConsumer - INFO - Deletes: 0
2026-03-22 16:49:30,684 - ProfilingConsumer - INFO - Skipped: 329
2026-03-22 16:49:30,684 - ProfilingConsumer - INFO - ============================================================
2026-03-22 16:49:37,030 - ProfilingConsumer - INFO - ============================================================
2026-03-22 16:49:37,031 - ProfilingConsumer - INFO - PROFILING CONSUMER STATISTICS
2026-03-22 16:49:37,031 - ProfilingConsumer - INFO - ============================================================
2026-03-22 16:49:37,032 - ProfilingConsumer - INFO - Running time: 84s
2026-03-22 16:49:37,032 - ProfilingConsumer - INFO - Messages processed: 2700
2026-03-22 16:49:37,033 - ProfilingConsumer - INFO - Errors: 0
2026-03-22 16:49:37,034 - ProfilingConsumer - INFO - Claim events: 0
2026-03-22 16:49:37,034 - ProfilingConsumer - INFO - Contract events: 611
2026-03-22 16:49:37,035 - ProfilingConsumer - INFO - Contract Object events: 1760
2026-03-22 16:49:37,036 - ProfilingConsumer - INFO - Inserts: 0
2026-03-22 16:49:37,036 - ProfilingConsumer - INFO - Updates: 0
2026-03-22 16:49:37,037 - ProfilingConsumer - INFO - Deletes: 0
2026-03-22 16:49:37,037 - ProfilingConsumer - INFO - Skipped: 329
2026-03-22 16:49:37,038 - ProfilingConsumer - INFO - ============================================================
2026-03-22 16:49:49,859 - ProfilingConsumer - INFO - ============================================================
2026-03-22 16:49:49,860 - ProfilingConsumer - INFO - PROFILING CONSUMER STATISTICS
2026-03-22 16:49:49,860 - ProfilingConsumer - INFO - ============================================================
2026-03-22 16:49:49,861 - ProfilingConsumer - INFO - Running time: 97s
2026-03-22 16:49:49,862 - ProfilingConsumer - INFO - Messages processed: 3100
2026-03-22 16:49:49,862 - ProfilingConsumer - INFO - Errors: 0
2026-03-22 16:49:49,863 - ProfilingConsumer - INFO - Claim events: 0
2026-03-22 16:49:49,864 - ProfilingConsumer - INFO - Contract events: 672
2026-03-22 16:49:49,864 - ProfilingConsumer - INFO - Contract Object events: 2099
2026-03-22 16:49:49,865 - ProfilingConsumer - INFO - Inserts: 0
2026-03-22 16:49:49,865 - ProfilingConsumer - INFO - Updates: 0
2026-03-22 16:49:49,866 - ProfilingConsumer - INFO - Deletes: 0
2026-03-22 16:49:49,866 - ProfilingConsumer - INFO - Skipped: 329
2026-03-22 16:49:49,867 - ProfilingConsumer - INFO - ============================================================
2026-03-22 16:50:57,590 - ProfilingConsumer - INFO - ============================================================
2026-03-22 16:50:57,591 - ProfilingConsumer - INFO - PROFILING CONSUMER STATISTICS
2026-03-22 16:50:57,592 - ProfilingConsumer - INFO - ============================================================
2026-03-22 16:50:57,592 - ProfilingConsumer - INFO - Running time: 164s
2026-03-22 16:50:57,593 - ProfilingConsumer - INFO - Messages processed: 5400
2026-03-22 16:50:57,594 - ProfilingConsumer - INFO - Errors: 0
2026-03-22 16:50:57,594 - ProfilingConsumer - INFO - Claim events: 0
2026-03-22 16:50:57,595 - ProfilingConsumer - INFO - Contract events: 1594
2026-03-22 16:50:57,595 - ProfilingConsumer - INFO - Contract Object events: 3477
2026-03-22 16:50:57,596 - ProfilingConsumer - INFO - Inserts: 0
2026-03-22 16:50:57,597 - ProfilingConsumer - INFO - Updates: 5
2026-03-22 16:50:57,597 - ProfilingConsumer - INFO - Deletes: 0
2026-03-22 16:50:57,598 - ProfilingConsumer - INFO - Skipped: 329
2026-03-22 16:50:57,598 - ProfilingConsumer - INFO - ============================================================
2026-03-22 16:51:09,335 - ProfilingConsumer - INFO - ============================================================
2026-03-22 16:51:09,335 - ProfilingConsumer - INFO - PROFILING CONSUMER STATISTICS
2026-03-22 16:51:09,336 - ProfilingConsumer - INFO - ============================================================
2026-03-22 16:51:09,336 - ProfilingConsumer - INFO - Running time: 176s
2026-03-22 16:51:09,337 - ProfilingConsumer - INFO - Messages processed: 5800
2026-03-22 16:51:09,338 - ProfilingConsumer - INFO - Errors: 0
2026-03-22 16:51:09,338 - ProfilingConsumer - INFO - Claim events: 0
2026-03-22 16:51:09,339 - ProfilingConsumer - INFO - Contract events: 1856
2026-03-22 16:51:09,339 - ProfilingConsumer - INFO - Contract Object events: 3615
2026-03-22 16:51:09,340 - ProfilingConsumer - INFO - Inserts: 0
2026-03-22 16:51:09,340 - ProfilingConsumer - INFO - Updates: 9
2026-03-22 16:51:09,341 - ProfilingConsumer - INFO - Deletes: 0
2026-03-22 16:51:09,341 - ProfilingConsumer - INFO - Skipped: 329
2026-03-22 16:51:09,342 - ProfilingConsumer - INFO - ============================================================
2026-03-22 16:52:49,717 - ProfilingConsumer - INFO - ============================================================
2026-03-22 16:52:49,718 - ProfilingConsumer - INFO - PROFILING CONSUMER STATISTICS
2026-03-22 16:52:49,719 - ProfilingConsumer - INFO - ============================================================
2026-03-22 16:52:49,720 - ProfilingConsumer - INFO - Running time: 277s
2026-03-22 16:52:49,720 - ProfilingConsumer - INFO - Messages processed: 9000
2026-03-22 16:52:49,721 - ProfilingConsumer - INFO - Errors: 0
2026-03-22 16:52:49,723 - ProfilingConsumer - INFO - Claim events: 0
2026-03-22 16:52:49,724 - ProfilingConsumer - INFO - Contract events: 3382
2026-03-22 16:52:49,725 - ProfilingConsumer - INFO - Contract Object events: 5289
2026-03-22 16:52:49,727 - ProfilingConsumer - INFO - Inserts: 0
2026-03-22 16:52:49,728 - ProfilingConsumer - INFO - Updates: 243
2026-03-22 16:52:49,729 - ProfilingConsumer - INFO - Deletes: 0
2026-03-22 16:52:49,730 - ProfilingConsumer - INFO - Skipped: 329
2026-03-22 16:52:49,731 - ProfilingConsumer - INFO - ============================================================
2026-03-22 16:53:14,703 - ProfilingConsumer - INFO - ============================================================
2026-03-22 16:53:14,704 - ProfilingConsumer - INFO - PROFILING CONSUMER STATISTICS
2026-03-22 16:53:14,705 - ProfilingConsumer - INFO - ============================================================
2026-03-22 16:53:14,705 - ProfilingConsumer - INFO - Running time: 302s
2026-03-22 16:53:14,706 - ProfilingConsumer - INFO - Messages processed: 9800
2026-03-22 16:53:14,706 - ProfilingConsumer - INFO - Errors: 0
2026-03-22 16:53:14,707 - ProfilingConsumer - INFO - Claim events: 0
2026-03-22 16:53:14,708 - ProfilingConsumer - INFO - Contract events: 3382
2026-03-22 16:53:14,708 - ProfilingConsumer - INFO - Contract Object events: 6089
2026-03-22 16:53:14,709 - ProfilingConsumer - INFO - Inserts: 0
2026-03-22 16:53:14,709 - ProfilingConsumer - INFO - Updates: 267
2026-03-22 16:53:14,710 - ProfilingConsumer - INFO - Deletes: 0
2026-03-22 16:53:14,710 - ProfilingConsumer - INFO - Skipped: 329
2026-03-22 16:53:14,711 - ProfilingConsumer - INFO - ============================================================
2026-03-22 16:53:36,285 - ProfilingConsumer - INFO - ============================================================
2026-03-22 16:53:36,286 - ProfilingConsumer - INFO - PROFILING CONSUMER STATISTICS
2026-03-22 16:53:36,287 - ProfilingConsumer - INFO - ============================================================
2026-03-22 16:53:36,287 - ProfilingConsumer - INFO - Running time: 323s
2026-03-22 16:53:36,288 - ProfilingConsumer - INFO - Messages processed: 10500
2026-03-22 16:53:36,288 - ProfilingConsumer - INFO - Errors: 0
2026-03-22 16:53:36,289 - ProfilingConsumer - INFO - Claim events: 0
2026-03-22 16:53:36,289 - ProfilingConsumer - INFO - Contract events: 3382
2026-03-22 16:53:36,290 - ProfilingConsumer - INFO - Contract Object events: 6789
2026-03-22 16:53:36,291 - ProfilingConsumer - INFO - Inserts: 0
2026-03-22 16:53:36,291 - ProfilingConsumer - INFO - Updates: 285
2026-03-22 16:53:36,292 - ProfilingConsumer - INFO - Deletes: 0
2026-03-22 16:53:36,293 - ProfilingConsumer - INFO - Skipped: 329
2026-03-22 16:53:36,293 - ProfilingConsumer - INFO - ============================================================
2026-03-22 16:53:57,258 - ProfilingConsumer - INFO - ============================================================
2026-03-22 16:53:57,259 - ProfilingConsumer - INFO - PROFILING CONSUMER STATISTICS
2026-03-22 16:53:57,260 - ProfilingConsumer - INFO - ============================================================
2026-03-22 16:53:57,260 - ProfilingConsumer - INFO - Running time: 344s
2026-03-22 16:53:57,261 - ProfilingConsumer - INFO - Messages processed: 11200
2026-03-22 16:53:57,262 - ProfilingConsumer - INFO - Errors: 0
2026-03-22 16:53:57,262 - ProfilingConsumer - INFO - Claim events: 0
2026-03-22 16:53:57,263 - ProfilingConsumer - INFO - Contract events: 3382
2026-03-22 16:53:57,264 - ProfilingConsumer - INFO - Contract Object events: 7489
2026-03-22 16:53:57,264 - ProfilingConsumer - INFO - Inserts: 0
2026-03-22 16:53:57,265 - ProfilingConsumer - INFO - Updates: 297
2026-03-22 16:53:57,266 - ProfilingConsumer - INFO - Deletes: 0
2026-03-22 16:53:57,266 - ProfilingConsumer - INFO - Skipped: 329
2026-03-22 16:53:57,267 - ProfilingConsumer - INFO - ============================================================
2026-03-22 16:54:00,551 - ProfilingConsumer - INFO - ============================================================
2026-03-22 16:54:00,551 - ProfilingConsumer - INFO - PROFILING CONSUMER STATISTICS
2026-03-22 16:54:00,552 - ProfilingConsumer - INFO - ============================================================
2026-03-22 16:54:00,552 - ProfilingConsumer - INFO - Running time: 347s
2026-03-22 16:54:00,553 - ProfilingConsumer - INFO - Messages processed: 11300
2026-03-22 16:54:00,553 - ProfilingConsumer - INFO - Errors: 0
2026-03-22 16:54:00,554 - ProfilingConsumer - INFO - Claim events: 0
2026-03-22 16:54:00,555 - ProfilingConsumer - INFO - Contract events: 3382
2026-03-22 16:54:00,555 - ProfilingConsumer - INFO - Contract Object events: 7589
2026-03-22 16:54:00,556 - ProfilingConsumer - INFO - Inserts: 0
2026-03-22 16:54:00,556 - ProfilingConsumer - INFO - Updates: 300
2026-03-22 16:54:00,556 - ProfilingConsumer - INFO - Deletes: 0
2026-03-22 16:54:00,557 - ProfilingConsumer - INFO - Skipped: 329
2026-03-22 16:54:00,558 - ProfilingConsumer - INFO - ============================================================
2026-03-22 16:59:17,673 - ProfilingConsumer - INFO - [CLAIM] Deleted profiling for claim TEST_CLAIM_001
2026-03-22 16:59:18,071 - ProfilingConsumer - INFO - ============================================================
2026-03-22 16:59:18,072 - ProfilingConsumer - INFO - PROFILING CONSUMER STATISTICS
2026-03-22 16:59:18,073 - ProfilingConsumer - INFO - ============================================================
2026-03-22 16:59:18,073 - ProfilingConsumer - INFO - Running time: 665s
2026-03-22 16:59:18,074 - ProfilingConsumer - INFO - Messages processed: 11800
2026-03-22 16:59:18,074 - ProfilingConsumer - INFO - Errors: 0
2026-03-22 16:59:18,075 - ProfilingConsumer - INFO - Claim events: 0
2026-03-22 16:59:18,075 - ProfilingConsumer - INFO - Contract events: 3383
2026-03-22 16:59:18,076 - ProfilingConsumer - INFO - Contract Object events: 8087
2026-03-22 16:59:18,076 - ProfilingConsumer - INFO - Inserts: 0
2026-03-22 16:59:18,077 - ProfilingConsumer - INFO - Updates: 318
2026-03-22 16:59:18,078 - ProfilingConsumer - INFO - Deletes: 1
2026-03-22 16:59:18,078 - ProfilingConsumer - INFO - Skipped: 329
2026-03-22 16:59:18,079 - ProfilingConsumer - INFO - ============================================================
2026-03-22 16:59:18,597 - ProfilingConsumer - INFO - [CLAIM] Deleted profiling for claim TEST_CLAIM_002
2026-03-22 16:59:18,622 - ProfilingConsumer - INFO - [CLAIM] Deleted profiling for claim TEST_CLAIM_003
2026-03-22 16:59:18,649 - ProfilingConsumer - INFO - [CLAIM] Deleted profiling for claim TEST_CLAIM_004
2026-03-22 16:59:18,673 - ProfilingConsumer - INFO - [CLAIM] Deleted profiling for claim TEST_CLAIM_005
2026-03-23 03:44:21,165 - shared.connections - WARNING - [staging] Connection lost, reconnecting...
2026-03-23 04:47:34,305 - ProfilingConsumer - INFO - ============================================================
2026-03-23 04:47:34,306 - ProfilingConsumer - INFO - PROFILING CONSUMER STATISTICS
2026-03-23 04:47:34,306 - ProfilingConsumer - INFO - ============================================================
2026-03-23 04:47:34,307 - ProfilingConsumer - INFO - Running time: 43161s
2026-03-23 04:47:34,307 - ProfilingConsumer - INFO - Messages processed: 11900
2026-03-23 04:47:34,308 - ProfilingConsumer - INFO - Errors: 0
2026-03-23 04:47:34,309 - ProfilingConsumer - INFO - Claim events: 0
2026-03-23 04:47:34,309 - ProfilingConsumer - INFO - Contract events: 3442
2026-03-23 04:47:34,310 - ProfilingConsumer - INFO - Contract Object events: 8124
2026-03-23 04:47:34,310 - ProfilingConsumer - INFO - Inserts: 0
2026-03-23 04:47:34,311 - ProfilingConsumer - INFO - Updates: 318
2026-03-23 04:47:34,311 - ProfilingConsumer - INFO - Deletes: 5
2026-03-23 04:47:34,312 - ProfilingConsumer - INFO - Skipped: 329
2026-03-23 04:47:34,312 - ProfilingConsumer - INFO - ============================================================
2026-03-23 05:24:49,532 - ProfilingConsumer - INFO - Received SIGTERM — initiating graceful shutdown...
2026-03-23 05:24:50,085 - ProfilingConsumer - INFO - Cleaning up resources...
2026-03-23 05:24:50,087 - ProfilingConsumer - INFO - ============================================================
2026-03-23 05:24:50,088 - ProfilingConsumer - INFO - PROFILING CONSUMER STATISTICS
2026-03-23 05:24:50,088 - ProfilingConsumer - INFO - ============================================================
2026-03-23 05:24:50,089 - ProfilingConsumer - INFO - Running time: 45397s
2026-03-23 05:24:50,090 - ProfilingConsumer - INFO - Messages processed: 11909
2026-03-23 05:24:50,091 - ProfilingConsumer - INFO - Errors: 0
2026-03-23 05:24:50,092 - ProfilingConsumer - INFO - Claim events: 0
2026-03-23 05:24:50,092 - ProfilingConsumer - INFO - Contract events: 3448
2026-03-23 05:24:50,093 - ProfilingConsumer - INFO - Contract Object events: 8127
2026-03-23 05:24:50,094 - ProfilingConsumer - INFO - Inserts: 0
2026-03-23 05:24:50,095 - ProfilingConsumer - INFO - Updates: 318
2026-03-23 05:24:50,095 - ProfilingConsumer - INFO - Deletes: 5
2026-03-23 05:24:50,096 - ProfilingConsumer - INFO - Skipped: 329
2026-03-23 05:24:50,097 - ProfilingConsumer - INFO - ============================================================
2026-03-23 05:24:50,103 - ProfilingConsumer - INFO - Kafka consumer closed
2026-03-23 05:24:50,109 - shared.connections - INFO - [staging] MySQL connection closed
2026-03-23 05:24:50,111 - ProfilingConsumer - INFO - Profiling Consumer stopped
2026-03-23 05:27:28,427 - ProfilingConsumer - INFO - Architecture: Debezium → Kafka → This Consumer → profiling_analysis
2026-03-23 05:27:28,428 - ProfilingConsumer - INFO - Mode: Real-time streaming (replaces DB triggers)
2026-03-23 05:27:28,429 - ProfilingConsumer - INFO - ============================================================
2026-03-23 05:27:28,430 - ProfilingConsumer - INFO - STARTING PROFILING CONSUMER
2026-03-23 05:27:28,431 - ProfilingConsumer - INFO - ============================================================
2026-03-23 05:27:28,467 - shared.connections - INFO - [staging] Connected to MySQL: insuranceWarehouse
2026-03-23 05:27:28,505 - shared.connections - INFO - [reporting] Connected to MySQL: insuranceReporting
2026-03-23 05:27:28,613 - shared.connections - INFO - Kafka consumer created. Subscribed to 9 topics:
2026-03-23 05:27:28,614 - shared.connections - INFO -   - staging.insuranceWarehouse.stgClaim
2026-03-23 05:27:28,615 - shared.connections - INFO -   - staging.insuranceWarehouse.stgContract
2026-03-23 05:27:28,615 - shared.connections - INFO -   - staging.insuranceWarehouse.stgContractObject
2026-03-23 05:27:28,616 - shared.connections - INFO -   - staging.insuranceWarehouse.stgContractObjectVehicle
2026-03-23 05:27:28,616 - shared.connections - INFO -   - staging.insuranceWarehouse.stgContractObjectMoto
2026-03-23 05:27:28,617 - shared.connections - INFO -   - staging.insuranceWarehouse.stgContractObjectTravel
2026-03-23 05:27:28,618 - shared.connections - INFO -   - staging.insuranceWarehouse.stgContractObjectSocialInsurance
2026-03-23 05:27:28,618 - shared.connections - INFO -   - staging.insuranceWarehouse.stgContractObjectMedicalInsurance
2026-03-23 05:27:28,619 - shared.connections - INFO -   - staging.insuranceWarehouse.stgContractObjectHouse
2026-03-23 05:27:28,619 - ProfilingConsumer - INFO - Profiling Consumer started. Waiting for messages...
2026-03-23 05:27:36,415 - ProfilingConsumer - WARNING - [CLAIM] Missing contract for claim 000c1e906fcbbe899d500195db7f137b
2026-03-23 05:27:36,444 - ProfilingConsumer - WARNING - [CLAIM] Missing contract for claim 001df4fb776bbe899d5001972c0e3d3a
2026-03-23 05:27:36,472 - ProfilingConsumer - WARNING - [CLAIM] Missing contract for claim 003ba7f90198be899d50018cab5b1f22
2026-03-23 05:27:36,501 - ProfilingConsumer - WARNING - [CLAIM] Missing contract for claim 00935d507b09be899d50018df27e44ed
2026-03-23 05:27:36,530 - ProfilingConsumer - WARNING - [CLAIM] Missing contract for claim 00e2a3fc1b9bbe899d50019925338c5d
2026-03-23 05:27:36,559 - ProfilingConsumer - WARNING - [CLAIM] Missing contract for claim 01485f074feebe899d500197018a4934
2026-03-23 05:27:36,809 - ProfilingConsumer - WARNING - [CLAIM] Missing contract for claim 017dee261e92be899d500196ed37d23b
2026-03-23 05:27:36,838 - ProfilingConsumer - WARNING - [CLAIM] Missing contract for claim 018e21fc3296be899d500195a302aad4
2026-03-23 05:27:36,869 - ProfilingConsumer - WARNING - [CLAIM] Missing contract for claim 01f839f83815be899d5001987fc5ed66
2026-03-23 05:27:36,900 - ProfilingConsumer - WARNING - [CLAIM] Missing contract for claim 0213d7ff3815be899d500198743465ad
2026-03-23 05:27:36,928 - ProfilingConsumer - WARNING - [CLAIM] Missing contract for claim 024e44fc7a13be899d500194772d3f73
2026-03-23 05:27:36,956 - ProfilingConsumer - WARNING - [CLAIM] Missing contract for claim 0251a7406d9cbe899d5001971a72ae30
2026-03-23 05:27:36,986 - ProfilingConsumer - WARNING - [CLAIM] Missing contract for claim 027775156fcbbe899d50019628ebd7e3
2026-03-23 05:27:37,016 - ProfilingConsumer - WARNING - [CLAIM] Missing contract for claim 02bafbfe4bffbe899d5001980415892a
2026-03-23 05:27:37,044 - ProfilingConsumer - WARNING - [CLAIM] Missing contract for claim 02be95034ea9be899d5001981cba36fb
2026-03-23 05:27:37,077 - ProfilingConsumer - WARNING - [CLAIM] Missing contract for claim 03a7146656c5be899d50019984c98f96
2026-03-23 05:27:37,105 - ProfilingConsumer - WARNING - [CLAIM] Missing contract for claim 03b844fa1924be899d500199462bba4b
2026-03-23 05:27:37,135 - ProfilingConsumer - WARNING - [CLAIM] Missing contract for claim 0412eefd2223be899d50019955e0dd05
2026-03-23 05:27:37,165 - ProfilingConsumer - WARNING - [CLAIM] Missing contract for claim 04495090776bbe899d5001972bc4b4b1
2026-03-23 05:27:37,194 - ProfilingConsumer - WARNING - [CLAIM] Missing contract for claim 04603cf86020b529a2dd019b3b82a658
2026-03-23 05:27:37,226 - ProfilingConsumer - WARNING - [CLAIM] Missing contract for claim 04a1dcfe230dbe899d5001932446937d
2026-03-23 05:27:37,255 - ProfilingConsumer - WARNING - [CLAIM] Missing contract for claim 04adb8fc604abe899d5001993cb21cfb
2026-03-23 05:27:37,283 - ProfilingConsumer - WARNING - [CLAIM] Missing contract for claim 04af6cfb1e92be899d500196e8ec303a
2026-03-23 05:27:37,314 - ProfilingConsumer - WARNING - [CLAIM] Missing contract for claim 051a95fa3815be899d500198740f3323
2026-03-23 05:27:37,343 - ProfilingConsumer - WARNING - [CLAIM] Missing contract for claim 054933fb5696be899d500197ddb86fc2
2026-03-23 05:27:37,372 - ProfilingConsumer - WARNING - [CLAIM] Missing contract for claim 05554efc6fcbbe899d5001964d2b972c
2026-03-23 05:27:37,403 - ProfilingConsumer - WARNING - [CLAIM] Missing contract for claim 059724226b59be899d500194df641cba
2026-03-23 05:27:37,437 - ProfilingConsumer - WARNING - [CLAIM] Missing contract for claim 05d5ee5260cdbe899d5001928f1cdbab
2026-03-23 05:27:37,465 - ProfilingConsumer - WARNING - [CLAIM] Missing contract for claim 0648b2fc3815be899d5001987a083008
2026-03-23 05:27:37,497 - ProfilingConsumer - WARNING - [CLAIM] Missing contract for claim 065b56841924be899d5001994775dc64
2026-03-23 05:27:37,528 - ProfilingConsumer - WARNING - [CLAIM] Missing contract for claim 06b9c7fc6fcbbe899d50019618d6aa13
2026-03-23 05:27:37,556 - ProfilingConsumer - WARNING - [CLAIM] Missing contract for claim 06ddf006493bb6cbfa13019b367ab11e
2026-03-23 05:27:37,584 - ProfilingConsumer - WARNING - [CLAIM] Missing contract for claim 06f9d5fa51fcbe899d5001903463e1e9
2026-03-23 05:27:37,614 - ProfilingConsumer - WARNING - [CLAIM] Missing contract for claim 0707c1f9776bbe899d5001973124fb19
2026-03-23 05:27:37,650 - ProfilingConsumer - WARNING - [CLAIM] Missing contract for claim 072698fc9830b6c00008019b1b1582f5
2026-03-23 05:27:37,679 - ProfilingConsumer - WARNING - [CLAIM] Missing contract for claim 073548fe75c8be899d50019545bb79dc
2026-03-23 05:27:37,712 - ProfilingConsumer - WARNING - [CLAIM] Missing contract for claim 073c92fe022ebe899d500192cd0bf76e
2026-03-23 05:27:37,741 - ProfilingConsumer - WARNING - [CLAIM] Missing contract for claim 074939f83439be899d5001925a0bee95
2026-03-23 05:27:37,769 - ProfilingConsumer - WARNING - [CLAIM] Missing contract for claim 076a8142230dbe899d5001932ea587b6
2026-03-23 05:27:37,801 - ProfilingConsumer - WARNING - [CLAIM] Missing contract for claim 0785fc606fcbbe899d5001961904325f
2026-03-23 05:27:37,830 - ProfilingConsumer - WARNING - [CLAIM] Missing contract for claim 0799a73714d0be899d50018f8ddd5dcc
2026-03-23 05:27:37,859 - ProfilingConsumer - WARNING - [CLAIM] Missing contract for claim 07a6d4f86fcbbe899d5001967128003f
2026-03-23 05:27:37,887 - ProfilingConsumer - WARNING - [CLAIM] Missing contract for claim 07b54cfa4ea9be899d500198225b8b57
2026-03-23 05:27:37,920 - ProfilingConsumer - WARNING - [CLAIM] Missing contract for claim 07b5b1f17652be899d50019203d02091
2026-03-23 05:27:37,948 - ProfilingConsumer - WARNING - [CLAIM] Missing contract for claim 07c171371b9bbe899d5001991db588dc
2026-03-23 05:27:37,977 - ProfilingConsumer - WARNING - [CLAIM] Missing contract for claim 080f1cfe3439be899d50019246271bac
2026-03-23 05:27:38,006 - ProfilingConsumer - WARNING - [CLAIM] Missing contract for claim 082528657a1bbe899d50019739907ab7
2026-03-23 05:27:38,035 - ProfilingConsumer - WARNING - [CLAIM] Missing contract for claim 082b38fe5696be899d500197d4b54dcb
2026-03-23 05:27:38,075 - ProfilingConsumer - WARNING - [CLAIM] Missing contract for claim 08540f8434f5be899d50018c237e04c7
2026-03-23 05:27:38,105 - ProfilingConsumer - WARNING - [CLAIM] Missing contract for claim 08fc03fa6fc4b6c00008019b2ba927d0
2026-03-23 05:27:38,166 - ProfilingConsumer - WARNING - [CLAIM] Missing contract for claim 0914b2a16fcbbe899d5001963c9e4d6e
2026-03-23 05:27:38,252 - ProfilingConsumer - WARNING - [CLAIM] Missing contract for claim 097f7d2503deb6cbfa13019b53e001fa
2026-03-23 05:27:38,339 - ProfilingConsumer - WARNING - [CLAIM] Missing contract for claim 09a946d27a1bbe899d5001978351dc62
2026-03-23 05:27:38,414 - ProfilingConsumer - WARNING - [CLAIM] Missing contract for claim 09c682ff776bbe899d5001972acaf425
2026-03-23 05:27:38,499 - ProfilingConsumer - WARNING - [CLAIM] Missing contract for claim 09dbf2026fcbbe899d500195c6523d2c
2026-03-23 05:27:38,531 - ProfilingConsumer - WARNING - [CLAIM] Missing contract for claim 09ddb6956fcbbe899d500195bc67f89e
2026-03-23 05:27:38,567 - ProfilingConsumer - WARNING - [CLAIM] Missing contract for claim 09efc3fb617bbe899d5001919cceb195
2026-03-23 05:27:38,596 - ProfilingConsumer - WARNING - [CLAIM] Missing contract for claim 0a58b8f91b9bbe899d500198e4d65916
2026-03-23 05:27:38,632 - ProfilingConsumer - WARNING - [CLAIM] Missing contract for claim 0a5a98856fcbbe899d500195cdb0d5cb
2026-03-23 05:27:38,665 - ProfilingConsumer - WARNING - [CLAIM] Missing contract for claim 0a7318f71b9bbe899d500198e6a4c29c
2026-03-23 05:27:38,697 - ProfilingConsumer - WARNING - [CLAIM] Missing contract for claim 0a9513a74463be899d50019998809c9f
2026-03-23 05:27:38,728 - ProfilingConsumer - WARNING - [CLAIM] Missing contract for claim 0a9905200b6dbe899d500192743081d7
2026-03-23 05:27:38,757 - ProfilingConsumer - WARNING - [CLAIM] Missing contract for claim 0ad9f7f92f70b6c00008019b2b9d4f2b
2026-03-23 05:27:38,786 - ProfilingConsumer - WARNING - [CLAIM] Missing contract for claim 0b02df325c0fbe899d5001958fa166f9
2026-03-23 05:27:38,816 - ProfilingConsumer - WARNING - [CLAIM] Missing contract for claim 0b1e67f56a6db6cbfa13019b4e8b2503
2026-03-23 05:27:38,844 - ProfilingConsumer - WARNING - [CLAIM] Missing contract for claim 0b3e10fe4e50be899d5001970ceb1a83
2026-03-23 05:27:38,875 - ProfilingConsumer - WARNING - [CLAIM] Missing contract for claim 0b8b30f87a1bbe899d50019750111ec6
2026-03-23 05:27:38,904 - ProfilingConsumer - WARNING - [CLAIM] Missing contract for claim 0ba8135512debe899d50018bbc5a18e1
2026-03-23 05:27:38,932 - ProfilingConsumer - WARNING - [CLAIM] Missing contract for claim 0c4258fc7a1bbe899d50019757b644f6
2026-03-23 05:27:38,967 - ProfilingConsumer - WARNING - [CLAIM] Missing contract for claim 0c5dfbf27a1bbe899d5001974ada44b9
2026-03-23 05:27:38,997 - ProfilingConsumer - WARNING - [CLAIM] Missing contract for claim 0c742f067a1bbe899d50019779a199e5
2026-03-23 05:27:39,026 - ProfilingConsumer - WARNING - [CLAIM] Missing contract for claim 0c879bf53815be899d50019899dd9c1a
2026-03-23 05:27:39,055 - ProfilingConsumer - WARNING - [CLAIM] Missing contract for claim 0ca377041e92be899d500196eb645702
2026-03-23 05:27:39,085 - ProfilingConsumer - WARNING - [CLAIM] Missing contract for claim 0cb49efd5898b529a2dd019b4e862bcb
2026-03-23 05:27:39,114 - ProfilingConsumer - WARNING - [CLAIM] Missing contract for claim 0ce91cff6fcbbe899d500196a942715a
2026-03-23 05:27:39,142 - ProfilingConsumer - WARNING - [CLAIM] Missing contract for claim 0cf4561775c8be899d50019546b63484
2026-03-23 05:27:39,173 - ProfilingConsumer - WARNING - [CLAIM] Missing contract for claim 0d1bdd955ff8b6c00008019abf536f72
2026-03-23 05:27:39,204 - ProfilingConsumer - WARNING - [CLAIM] Missing contract for claim 0d229f4249d9be899d500194031b1677
2026-03-23 05:27:39,233 - ProfilingConsumer - WARNING - [CLAIM] Missing contract for claim 0d247dfa230dbe899d500193425dab18
2026-03-23 05:27:39,264 - ProfilingConsumer - WARNING - [CLAIM] Missing contract for claim 0d2db3f90963be899d5001997174301d
2026-03-23 05:27:39,294 - ProfilingConsumer - WARNING - [CLAIM] Missing contract for claim 0d72e4606fcbbe899d5001966087ea42
2026-03-23 05:27:39,320 - ProfilingConsumer - WARNING - [CLAIM] Missing contract for claim 0d7cb0725784b6c00008019b2baa2aff
2026-03-23 05:27:39,357 - ProfilingConsumer - WARNING - [CLAIM] Missing contract for claim 0da418f91992be899d5001982dfcece8
2026-03-23 05:27:39,389 - ProfilingConsumer - WARNING - [CLAIM] Missing contract for claim 0dbf7bf93815be899d50019874145468
2026-03-23 05:27:39,417 - ProfilingConsumer - WARNING - [CLAIM] Missing contract for claim 0dfa6aff7a1bbe899d5001978b267c33
2026-03-23 05:27:39,446 - ProfilingConsumer - WARNING - [CLAIM] Missing contract for claim 0e05b6777a1bbe899d50019743826c68
2026-03-23 05:27:39,474 - ProfilingConsumer - WARNING - [CLAIM] Missing contract for claim 0e4e0ca1230dbe899d5001931e60e371
2026-03-23 05:27:39,504 - ProfilingConsumer - WARNING - [CLAIM] Missing contract for claim 0e63a0ff5696be899d500197f373d51f
2026-03-23 05:27:39,532 - ProfilingConsumer - WARNING - [CLAIM] Missing contract for claim 0e7177fc5158b6c00008019b0c7f0a10
2026-03-23 05:27:41,284 - ProfilingConsumer - INFO - ============================================================
2026-03-23 05:27:41,285 - ProfilingConsumer - INFO - PROFILING CONSUMER STATISTICS
2026-03-23 05:27:41,285 - ProfilingConsumer - INFO - ============================================================
2026-03-23 05:27:41,285 - ProfilingConsumer - INFO - Running time: 13s
2026-03-23 05:27:41,286 - ProfilingConsumer - INFO - Messages processed: 500
2026-03-23 05:27:41,287 - ProfilingConsumer - INFO - Errors: 0
2026-03-23 05:27:41,287 - ProfilingConsumer - INFO - Claim events: 0
2026-03-23 05:27:41,288 - ProfilingConsumer - INFO - Contract events: 61
2026-03-23 05:27:41,288 - ProfilingConsumer - INFO - Contract Object events: 350
2026-03-23 05:27:41,289 - ProfilingConsumer - INFO - Inserts: 0
2026-03-23 05:27:41,289 - ProfilingConsumer - INFO - Updates: 0
2026-03-23 05:27:41,289 - ProfilingConsumer - INFO - Deletes: 0
2026-03-23 05:27:41,290 - ProfilingConsumer - INFO - Skipped: 89
2026-03-23 05:27:41,290 - ProfilingConsumer - INFO - ============================================================
2026-03-23 05:27:51,936 - ProfilingConsumer - WARNING - [CLAIM] Missing contract for claim 0e7eed673815be899d5001986ff53922
2026-03-23 05:27:52,110 - ProfilingConsumer - WARNING - [CLAIM] Missing contract for claim 0e885d705c0fbe899d5001957447fae1
2026-03-23 05:27:52,146 - ProfilingConsumer - WARNING - [CLAIM] Missing contract for claim 0e9e63b67b09be899d50018e02a99d2c
2026-03-23 05:27:52,187 - ProfilingConsumer - WARNING - [CLAIM] Missing contract for claim 0ed78e857a1bbe899d50019767560c3f
2026-03-23 05:27:52,219 - ProfilingConsumer - WARNING - [CLAIM] Missing contract for claim 0ee9ece04d25b6cbfa13019b53c36885
2026-03-23 05:27:52,257 - ProfilingConsumer - WARNING - [CLAIM] Missing contract for claim 0ef2ddf84588b6c00008019b0c758b13
2026-03-23 05:27:52,291 - ProfilingConsumer - WARNING - [CLAIM] Missing contract for claim 0f1d73f61b9bbe899d500198e5f5876b
2026-03-23 05:27:52,321 - ProfilingConsumer - WARNING - [CLAIM] Missing contract for claim 0f341efe6fcbbe899d50019637d95e40
2026-03-23 05:27:52,350 - ProfilingConsumer - WARNING - [CLAIM] Missing contract for claim 0f64f1042b7fbe899d50019134f0483e
2026-03-23 05:27:52,382 - ProfilingConsumer - WARNING - [CLAIM] Missing contract for claim 0f6b09026fcbbe899d500195cc68765e
2026-03-23 05:27:52,410 - ProfilingConsumer - WARNING - [CLAIM] Missing contract for claim 0f75e36675c8be899d50019569d2100d
2026-03-23 05:27:52,440 - ProfilingConsumer - WARNING - [CLAIM] Missing contract for claim 0f8301ff7a1bbe899d50019734065bf1
2026-03-23 05:27:52,473 - ProfilingConsumer - WARNING - [CLAIM] Missing contract for claim 0fa33b1256c5be899d5001998450f526
2026-03-23 05:27:52,506 - ProfilingConsumer - WARNING - [CLAIM] Missing contract for claim 0fdec3223ffdbe899d500198c786f210
2026-03-23 05:27:52,538 - ProfilingConsumer - WARNING - [CLAIM] Missing contract for claim 102e96fe2ffabe899d50019791c3e7f7
2026-03-23 05:27:52,568 - ProfilingConsumer - WARNING - [CLAIM] Missing contract for claim 1061d0035c0fbe899d500195741f844e
2026-03-23 05:27:52,600 - ProfilingConsumer - WARNING - [CLAIM] Missing contract for claim 10c0dcf81e92be899d500196b2423e7d
2026-03-23 05:27:52,630 - ProfilingConsumer - WARNING - [CLAIM] Missing contract for claim 10e106e4230dbe899d5001933e30684d
2026-03-23 05:27:52,660 - ProfilingConsumer - WARNING - [CLAIM] Missing contract for claim 11a5c9331b9bbe899d500198f3bbbfe5
2026-03-23 05:27:52,693 - ProfilingConsumer - WARNING - [CLAIM] Missing contract for claim 11c656ff1b9bbe899d50019919d5dfba
2026-03-23 05:27:52,728 - ProfilingConsumer - WARNING - [CLAIM] Missing contract for claim 11dd27f93e1dbe899d50018f3bfd2850
2026-03-23 05:27:52,768 - ProfilingConsumer - WARNING - [CLAIM] Missing contract for claim 122139956fcbbe899d5001963706f577
2026-03-23 05:27:52,797 - ProfilingConsumer - WARNING - [CLAIM] Missing contract for claim 123059fd1992be899d5001983b525fac
2026-03-23 05:27:52,829 - ProfilingConsumer - WARNING - [CLAIM] Missing contract for claim 123f2bfb1e92be899d500196ae14cc12
2026-03-23 05:27:52,859 - ProfilingConsumer - WARNING - [CLAIM] Missing contract for claim 1275dfe03ffdbe899d500198c7cb3983
2026-03-23 05:27:52,893 - ProfilingConsumer - WARNING - [CLAIM] Missing contract for claim 1278a77006bcb6c00008019b2bb53007
2026-03-23 05:27:52,924 - ProfilingConsumer - WARNING - [CLAIM] Missing contract for claim 12a3cefd1018be899d50018d0d650a7d
2026-03-23 05:27:52,956 - ProfilingConsumer - WARNING - [CLAIM] Missing contract for claim 1336ac601b9bbe899d500198e085abe4
2026-03-23 05:27:52,984 - ProfilingConsumer - WARNING - [CLAIM] Missing contract for claim 133a28fb51fcbe899d50019015eef495
2026-03-23 05:27:53,023 - ProfilingConsumer - WARNING - [CLAIM] Missing contract for claim 1352d7041b9bbe899d500199153c7d5b
2026-03-23 05:27:53,052 - ProfilingConsumer - WARNING - [CLAIM] Missing contract for claim 135972203815be899d5001986b545197
2026-03-23 05:27:53,082 - ProfilingConsumer - WARNING - [CLAIM] Missing contract for claim 13753cf73d48b529a2dd019b3ba677a6
2026-03-23 05:27:53,111 - ProfilingConsumer - WARNING - [CLAIM] Missing contract for claim 13e6dcf94bffbe899d50019804580c87
2026-03-23 05:27:53,144 - ProfilingConsumer - WARNING - [CLAIM] Missing contract for claim 13eb6fd23ffdbe899d500198cbeb651f
2026-03-23 05:27:53,176 - ProfilingConsumer - WARNING - [CLAIM] Missing contract for claim 13f620fc4e54b6c00008019b1b231dad
2026-03-23 05:27:53,205 - ProfilingConsumer - WARNING - [CLAIM] Missing contract for claim 140747ff776bbe899d500197314e84c3
2026-03-23 05:27:53,238 - ProfilingConsumer - WARNING - [CLAIM] Missing contract for claim 1410a2fc54ccbe899d50019523734983
2026-03-23 05:27:53,267 - ProfilingConsumer - WARNING - [CLAIM] Missing contract for claim 143c7bfa1c44b6cbfa13019b2fbb5bb6
2026-03-23 05:27:53,298 - ProfilingConsumer - WARNING - [CLAIM] Missing contract for claim 144fb2155c0fbe899d50019585b58428
2026-03-23 05:27:53,328 - ProfilingConsumer - WARNING - [CLAIM] Missing contract for claim 1473a8fc5941be899d5001983f631301
2026-03-23 05:27:53,363 - ProfilingConsumer - WARNING - [CLAIM] Missing contract for claim 147855fc682bbe899d5001994cb5f12f
2026-03-23 05:27:53,400 - ProfilingConsumer - WARNING - [CLAIM] Missing contract for claim 149b5ee21992be899d50019837daa7d5
2026-03-23 05:27:53,433 - ProfilingConsumer - WARNING - [CLAIM] Missing contract_object for claim 14bc43fe230dbe899d5001931bc3f0b1
2026-03-23 05:27:53,461 - ProfilingConsumer - WARNING - [CLAIM] Missing contract for claim 14cdc8643e1dbe899d50018f1e6b4da1
2026-03-23 05:27:53,490 - ProfilingConsumer - WARNING - [CLAIM] Missing contract for claim 14e629a6230dbe899d5001931a119cf6
2026-03-23 05:27:53,522 - ProfilingConsumer - WARNING - [CLAIM] Missing contract for claim 151d0ef56f20b6cbfa13019b2fc3d2a5
2026-03-23 05:27:53,554 - ProfilingConsumer - WARNING - [CLAIM] Missing contract for claim 1583eaff5b0cb6c00008019b30744f75
2026-03-23 05:27:53,583 - ProfilingConsumer - WARNING - [CLAIM] Missing contract for claim 15a4bde71d97be899d50018ff02e3862
2026-03-23 05:27:53,614 - ProfilingConsumer - WARNING - [CLAIM] Missing contract for claim 15b92c900ccbbe899d50018acf158817
2026-03-23 05:27:53,645 - ProfilingConsumer - WARNING - [CLAIM] Missing contract for claim 15cf73fb46d8b529a2dd019b3b70bdd6
2026-03-23 05:27:53,677 - ProfilingConsumer - WARNING - [CLAIM] Missing contract for claim 15db8d9513bebe899d50018db07bf29b
2026-03-23 05:27:53,707 - ProfilingConsumer - WARNING - [CLAIM] Missing contract for claim 15f199247f8bbe899d500194305e5988
2026-03-23 05:27:53,735 - ProfilingConsumer - WARNING - [CLAIM] Missing contract for claim 160563f97652be899d500191cb562e31
2026-03-23 05:27:53,770 - ProfilingConsumer - WARNING - [CLAIM] Missing contract for claim 164a3bfd6fcbbe899d500196345f6644
2026-03-23 05:27:53,806 - ProfilingConsumer - WARNING - [CLAIM] Missing contract for claim 1655e2c53b75be899d5001996b2d0708
2026-03-23 05:27:53,840 - ProfilingConsumer - WARNING - [CLAIM] Missing contract for claim 167064a654ccbe899d5001952153eca4
2026-03-23 05:27:53,875 - ProfilingConsumer - WARNING - [CLAIM] Missing contract for claim 169f95fd357cbe899d50019107f62ea6
2026-03-23 05:27:53,905 - ProfilingConsumer - WARNING - [CLAIM] Missing contract for claim 16a55dfe51fcbe899d500190346b55ff
2026-03-23 05:27:53,935 - ProfilingConsumer - WARNING - [CLAIM] Missing contract for claim 16c8b8b256c0be899d50019962521b32
2026-03-23 05:27:53,968 - ProfilingConsumer - WARNING - [CLAIM] Missing contract for claim 16e3afc01b9bbe899d5001991ed004b0
2026-03-23 05:27:53,998 - ProfilingConsumer - WARNING - [CLAIM] Missing contract for claim 16e74f551e92be899d500196d9abb8ed
2026-03-23 05:27:54,030 - ProfilingConsumer - WARNING - [CLAIM] Missing contract for claim 16ebf2f61018be899d50018d1bd90620
2026-03-23 05:27:54,063 - ProfilingConsumer - WARNING - [CLAIM] Missing contract_object for claim 16f6bdf834f5be899d50018c06e340ab
2026-03-23 05:27:54,092 - ProfilingConsumer - WARNING - [CLAIM] Missing contract for claim 180150731b9bbe899d5001990ecd2d32
2026-03-23 05:27:54,129 - ProfilingConsumer - WARNING - [CLAIM] Missing contract for claim 182d82ff1018be899d50018d02401ecc
2026-03-23 05:27:54,160 - ProfilingConsumer - WARNING - [CLAIM] Missing contract for claim 18700bd61b9bbe899d50019917f35bca
2026-03-23 05:27:54,194 - ProfilingConsumer - WARNING - [CLAIM] Missing contract for claim 1887e2fb7a1bbe899d5001974968adb9
2026-03-23 05:27:54,225 - ProfilingConsumer - WARNING - [CLAIM] Missing contract for claim 1889de736ef4b6c00008019b0c705d15
2026-03-23 05:27:54,253 - ProfilingConsumer - WARNING - [CLAIM] Missing contract for claim 188d59d77a13be899d5001946973381e
2026-03-23 05:27:54,284 - ProfilingConsumer - WARNING - [CLAIM] Missing contract for claim 18cc6cfa7a1bbe899d5001973de00542
2026-03-23 05:27:54,317 - ProfilingConsumer - WARNING - [CLAIM] Missing contract for claim 1900f1fc2f9bbe899d50018d5eab9886
2026-03-23 05:27:54,349 - ProfilingConsumer - WARNING - [CLAIM] Missing contract for claim 1949f8835941be899d5001984f2ff922
2026-03-23 05:27:54,379 - ProfilingConsumer - WARNING - [CLAIM] Missing contract for claim 194d76e61644be899d500197bfea788a
2026-03-23 05:27:54,410 - ProfilingConsumer - WARNING - [CLAIM] Missing contract for claim 19b9b2c57a13be899d50019481e3c511
2026-03-23 05:27:54,442 - ProfilingConsumer - WARNING - [CLAIM] Missing contract for claim 19be91537652be899d500191f3d6214b
2026-03-23 05:27:54,474 - ProfilingConsumer - WARNING - [CLAIM] Missing contract for claim 19ca47d617bdbe899d500194ca2eb104
2026-03-23 05:27:54,509 - ProfilingConsumer - WARNING - [CLAIM] Missing contract for claim 19e020fa6fcbbe899d5001963d582465
2026-03-23 05:27:54,541 - ProfilingConsumer - WARNING - [CLAIM] Missing contract for claim 1ab0b0fd1b9bbe899d500199127cd6b9
2026-03-23 05:27:54,572 - ProfilingConsumer - WARNING - [CLAIM] Missing contract for claim 1b0533f96fcbbe899d500196684f4c37
2026-03-23 05:27:54,603 - ProfilingConsumer - WARNING - [CLAIM] Missing contract for claim 1b35c7826a58be899d500199a302b1a4
2026-03-23 05:27:54,634 - ProfilingConsumer - WARNING - [CLAIM] Missing contract for claim 1e7ac1f43770b529a2dd019b4e85409a
2026-03-23 05:27:54,664 - ProfilingConsumer - WARNING - [CLAIM] Missing contract for claim 1eb49efe18b0b529a2dd019b4e78164a
2026-03-23 05:27:54,698 - ProfilingConsumer - WARNING - [CLAIM] Missing contract for claim 211254c53d48b529a2dd019b3ba4c95c
2026-03-23 05:27:55,447 - ProfilingConsumer - WARNING - [CLAIM] Missing contract for claim 21c5dfff2c64b529a2dd019b3b6bf1e5
2026-03-23 05:27:55,479 - ProfilingConsumer - WARNING - [CLAIM] Missing contract for claim 21f9a9fb2f4cb6c00008019b2f8aa126
2026-03-23 05:27:55,513 - ProfilingConsumer - WARNING - [CLAIM] Missing contract for claim 2234f8f81d26b6cbfa1301993c4a33f8
2026-03-23 05:27:55,548 - ProfilingConsumer - WARNING - [CLAIM] Missing contract_object for claim 2282f362add6b6aa5e8a019cd746f3ef
2026-03-23 05:27:55,577 - ProfilingConsumer - WARNING - [CLAIM] Missing contract for claim 232003fd5b0cb6c00008019b307246bc
2026-03-23 05:28:06,201 - ProfilingConsumer - WARNING - [CLAIM] Missing contract for claim 255a81c34e0cb6c00008019abf4f88c7
2026-03-23 05:28:06,260 - ProfilingConsumer - WARNING - [CLAIM] Missing contract for claim 257656fb28e8b6c00008019b3020695e
2026-03-23 05:28:06,371 - ProfilingConsumer - WARNING - [CLAIM] Missing contract for claim 27a5b35074a0b6c00008019b123c742f
2026-03-23 05:28:06,408 - ProfilingConsumer - WARNING - [CLAIM] Missing contract for claim 2aa291f8864cb6c00008019b1acc6107
2026-03-23 05:28:06,443 - ProfilingConsumer - WARNING - [CLAIM] Missing contract for claim 2b4b8a925338b529a2dd019b4e8b361f
2026-03-23 05:28:06,489 - ProfilingConsumer - WARNING - [CLAIM] Missing contract for claim 2c2d29d51f76b6cbfa13019b58ab279b
2026-03-23 05:28:06,532 - ProfilingConsumer - WARNING - [CLAIM] Missing contract for claim 2d125b960e0cb529a2dd019b4e6752f4
2026-03-23 05:28:06,575 - ProfilingConsumer - WARNING - [CLAIM] Missing contract for claim 2d3688fa4850b529a2dd019b4e89142e
2026-03-23 05:28:06,625 - ProfilingConsumer - WARNING - [CLAIM] Missing contract for claim 35565ca168acb529a2dd019b4e7f1490
2026-03-23 05:28:06,668 - ProfilingConsumer - WARNING - [CLAIM] Missing contract for claim 370258b16e98b6c00008019b3082e8ac
2026-03-23 05:28:06,709 - ProfilingConsumer - WARNING - [CLAIM] Missing contract for claim 3b40e2a265bcb529a2dd019b4e732fb8
2026-03-23 05:28:06,748 - ProfilingConsumer - WARNING - [CLAIM] Missing contract for claim 3f529cfe2a98b529a2dd019b3b899b3d
2026-03-23 05:28:06,784 - ProfilingConsumer - WARNING - [CLAIM] Missing contract for claim 3f901b6462feb6cbfa13019b58cf2139
2026-03-23 05:28:06,833 - ProfilingConsumer - WARNING - [CLAIM] Missing contract for claim 3fae6c833d48b529a2dd019b3ba46cb8
2026-03-23 05:28:06,891 - ProfilingConsumer - WARNING - [CLAIM] Missing contract for claim 3fe529f90969b6cbfa13019b2fc9eb3a
2026-03-23 05:28:06,932 - ProfilingConsumer - WARNING - [CLAIM] Missing contract for claim 4063f7fd03deb6cbfa13019b54273834
2026-03-23 05:28:06,975 - ProfilingConsumer - WARNING - [CLAIM] Missing contract for claim 419f51fb6020b529a2dd019b3b84ee78
2026-03-23 05:28:07,012 - ProfilingConsumer - WARNING - [CLAIM] Missing contract for claim 4455cdff9830b6c00008019b1b1ee163
2026-03-23 05:28:07,057 - ProfilingConsumer - WARNING - [CLAIM] Missing contract for claim 45da39fd7c14b6c00008019b122f0c00
2026-03-23 05:28:07,098 - ProfilingConsumer - WARNING - [CLAIM] Missing contract for claim 48353afa8680b6c00008019abf1cfa81
2026-03-23 05:28:07,141 - ProfilingConsumer - WARNING - [CLAIM] Missing contract for claim 483fcc161d60b6c00008019abf24cee6
2026-03-23 05:28:07,184 - ProfilingConsumer - WARNING - [CLAIM] Missing contract for claim 48502afe3770b529a2dd019b4e8004c5
2026-03-23 05:28:07,229 - ProfilingConsumer - WARNING - [CLAIM] Missing contract for claim 492dccf93af6b6cbfa13019c469ad5d7
2026-03-23 05:28:07,266 - ProfilingConsumer - WARNING - [CLAIM] Missing contract for claim 49ecfa6065bcb529a2dd019b4e71ec75
2026-03-23 05:28:07,306 - ProfilingConsumer - WARNING - [CLAIM] Missing contract for claim 4a4f48f90f58b6c00008019b0c74374a
2026-03-23 05:28:07,343 - ProfilingConsumer - WARNING - [CLAIM] Missing contract for claim 4aabe5655784b6c00008019b2bab75f7
2026-03-23 05:28:07,379 - ProfilingConsumer - WARNING - [CLAIM] Missing contract for claim 4c2879a1413cb529a2dd019b3b998117
2026-03-23 05:28:07,414 - ProfilingConsumer - WARNING - [CLAIM] Missing contract for claim 4d1adfa431e8b529a2dd019b3b8ec50e
2026-03-23 05:28:07,453 - ProfilingConsumer - WARNING - [CLAIM] Missing contract for claim 4d79d0fb5201b6cbfa13019b2f9feafa
2026-03-23 05:28:07,500 - ProfilingConsumer - WARNING - [CLAIM] Missing contract for claim 4efceff91f76b6cbfa13019b58a72718
2026-03-23 05:28:07,503 - ProfilingConsumer - INFO - ============================================================
2026-03-23 05:28:07,504 - ProfilingConsumer - INFO - PROFILING CONSUMER STATISTICS
2026-03-23 05:28:07,505 - ProfilingConsumer - INFO - ============================================================
2026-03-23 05:28:07,506 - ProfilingConsumer - INFO - Running time: 39s
2026-03-23 05:28:07,507 - ProfilingConsumer - INFO - Messages processed: 1400
2026-03-23 05:28:07,508 - ProfilingConsumer - INFO - Errors: 0
2026-03-23 05:28:07,508 - ProfilingConsumer - INFO - Claim events: 0
2026-03-23 05:28:07,509 - ProfilingConsumer - INFO - Contract events: 244
2026-03-23 05:28:07,509 - ProfilingConsumer - INFO - Contract Object events: 949
2026-03-23 05:28:07,510 - ProfilingConsumer - INFO - Inserts: 0
2026-03-23 05:28:07,511 - ProfilingConsumer - INFO - Updates: 0
2026-03-23 05:28:07,511 - ProfilingConsumer - INFO - Deletes: 0
2026-03-23 05:28:07,512 - ProfilingConsumer - INFO - Skipped: 207
2026-03-23 05:28:07,512 - ProfilingConsumer - INFO - ============================================================
2026-03-23 05:28:07,553 - ProfilingConsumer - WARNING - [CLAIM] Missing contract for claim 4f9170056668b6c00008019b20f7922b
2026-03-23 05:28:07,601 - ProfilingConsumer - WARNING - [CLAIM] Missing contract for claim 502655ff4e54b6c00008019b1b281823
2026-03-23 05:28:07,638 - ProfilingConsumer - WARNING - [CLAIM] Missing contract for claim 51fc00f86268b6c00008019b1ac2fef0
2026-03-23 05:28:07,683 - ProfilingConsumer - WARNING - [CLAIM] Missing contract for claim 55d7d8fa2b7cb6c00008019abf2aaf1a
2026-03-23 05:28:07,718 - ProfilingConsumer - WARNING - [CLAIM] Missing contract for claim 56cd50fe4d5cb6cbfa13019b53b11f51
2026-03-23 05:28:07,768 - ProfilingConsumer - WARNING - [CLAIM] Missing contract for claim 57fd53c56368b529a2dd019b3b8da570
2026-03-23 05:28:07,804 - ProfilingConsumer - WARNING - [CLAIM] Missing contract for claim 59a052fb1044b529a2dd019b3b75fc3d
2026-03-23 05:28:07,848 - ProfilingConsumer - WARNING - [CLAIM] Missing contract for claim 59bb90fd27a4b6c00008019b2b98b5de
2026-03-23 05:28:07,893 - ProfilingConsumer - WARNING - [CLAIM] Missing contract for claim 59d2e5f96a6db6cbfa13019b4e91ce79
2026-03-23 05:28:07,933 - ProfilingConsumer - WARNING - [CLAIM] Missing contract for claim 5a2087ff62f8b529a2dd019b53e0d631
2026-03-23 05:28:07,971 - ProfilingConsumer - WARNING - [CLAIM] Missing contract for claim 5a46bdf81d26b6cbfa1301993c590dd8
2026-03-23 05:28:08,041 - ProfilingConsumer - WARNING - [CLAIM] Missing contract for claim 5aa1f1d468e4b6c00008019b2bb799b7
2026-03-23 05:28:08,084 - ProfilingConsumer - WARNING - [CLAIM] Missing contract for claim 5be846fe7074b529a2dd019b53dfb78e
2026-03-23 05:28:08,143 - ProfilingConsumer - WARNING - [CLAIM] Missing contract for claim 5d9229f34e20b529a2dd019b53e283dc
2026-03-23 05:28:08,193 - ProfilingConsumer - WARNING - [CLAIM] Missing contract for claim 5f49caf96a74b6c00008019b0c6dbe1a
2026-03-23 05:28:08,246 - ProfilingConsumer - WARNING - [CLAIM] Missing contract for claim 5f8495fe669cb6c00008019b24e69533
2026-03-23 05:28:08,307 - ProfilingConsumer - WARNING - [CLAIM] Missing contract for claim 6064b4f92ddeb6cbfa13019b2bbe651a
2026-03-23 05:28:08,343 - ProfilingConsumer - WARNING - [CLAIM] Missing contract for claim 632dadd407bab6cbfa13019b68cd43fa
2026-03-23 05:28:08,394 - ProfilingConsumer - WARNING - [CLAIM] Missing contract for claim 682c6bfc369cb6c00008019b30805dbb
2026-03-23 05:28:08,435 - ProfilingConsumer - WARNING - [CLAIM] Missing contract for claim 68cc9ffd62f8b529a2dd019b53e061c8
2026-03-23 05:28:08,475 - ProfilingConsumer - WARNING - [CLAIM] Missing contract for claim 69856efc7074b529a2dd019b53ddf07c
2026-03-23 05:28:08,514 - ProfilingConsumer - WARNING - [CLAIM] Missing contract for claim 6d4956fd62feb6cbfa13019b58d4f0b0
2026-03-23 05:28:08,568 - ProfilingConsumer - WARNING - [CLAIM] Missing contract for claim 6d8921ff6288b6c00008019abf5c56d3
2026-03-23 05:28:08,610 - ProfilingConsumer - WARNING - [CLAIM] Missing contract for claim 6dc891f66020b529a2dd019b3b819982
2026-03-23 05:28:08,654 - ProfilingConsumer - WARNING - [CLAIM] Missing contract for claim 6ee405e22c64b529a2dd019b3b6fcaca
2026-03-23 05:28:08,708 - ProfilingConsumer - WARNING - [CLAIM] Missing contract for claim 71eb42f87c29b6cbfa13019b598cae05
2026-03-23 05:28:08,754 - ProfilingConsumer - WARNING - [CLAIM] Missing contract for claim 73d66e401e54b529a2dd019b3b7ca463
2026-03-23 05:28:08,800 - ProfilingConsumer - WARNING - [CLAIM] Missing contract for claim 743d9fc4cb944792a963f59184830a32
2026-03-23 05:28:08,844 - ProfilingConsumer - WARNING - [CLAIM] Missing contract for claim 763da1146408b529a2dd019b3b97d8e0
2026-03-23 05:28:08,884 - ProfilingConsumer - WARNING - [CLAIM] Missing contract for claim 76c883fa369cb6c00008019b307dbe34
2026-03-23 05:28:08,923 - ProfilingConsumer - WARNING - [CLAIM] Missing contract for claim 777059ff402cb529a2dd019b53c03645
2026-03-23 05:28:08,965 - ProfilingConsumer - WARNING - [CLAIM] Missing contract for claim 77e237733770b529a2dd019b4e823ec4
2026-03-23 05:28:09,006 - ProfilingConsumer - WARNING - [CLAIM] Missing contract for claim 796e88fb5201b6cbfa13019b2fac2885
2026-03-23 05:28:09,043 - ProfilingConsumer - WARNING - [CLAIM] Missing contract for claim 7abf08fe83e8b6c00008019b1ac621fd
2026-03-23 05:28:09,090 - ProfilingConsumer - WARNING - [CLAIM] Missing contract for claim 7c5f85fb4e54b6c00008019b1b2226c9
2026-03-23 05:28:09,133 - ProfilingConsumer - WARNING - [CLAIM] Missing contract for claim 814ed255017fb6cbfa13019b6841b4b6
2026-03-23 05:28:09,167 - ProfilingConsumer - WARNING - [CLAIM] Missing contract for claim 831bf6a6864cb6c00008019b1ac9118f
2026-03-23 05:28:09,211 - ProfilingConsumer - WARNING - [CLAIM] Missing contract for claim 833313d61c58b529a2dd019b4e87ea4d
2026-03-23 05:28:09,250 - ProfilingConsumer - WARNING - [CLAIM] Missing contract for claim 858f4f313770b529a2dd019b4e816f98
2026-03-23 05:28:09,284 - ProfilingConsumer - WARNING - [CLAIM] Missing contract for claim 87851cfe60f8b6c00008019b1ac4a15b
2026-03-23 05:28:09,323 - ProfilingConsumer - WARNING - [CLAIM] Missing contract for claim 8878fefc5240b529a2dd019b3b68df71
2026-03-23 05:28:09,360 - ProfilingConsumer - WARNING - [CLAIM] Missing contract for claim 89fa84fd5edcb529a2dd019b4e652b90
2026-03-23 05:28:09,396 - ProfilingConsumer - WARNING - [CLAIM] Missing contract for claim 8c529af83fa9b6cbfa13019b54db21d7
2026-03-23 05:28:09,433 - ProfilingConsumer - WARNING - [CLAIM] Missing contract for claim 8cc0a5f76668b6c00008019b20f90785
2026-03-23 05:28:09,474 - ProfilingConsumer - WARNING - [CLAIM] Missing contract for claim 8eb2f6424e0cb6c00008019abf4eba15
2026-03-23 05:28:09,511 - ProfilingConsumer - WARNING - [CLAIM] Missing contract for claim 8ffe08fc1f76b6cbfa13019b58ad9e23
2026-03-23 05:28:09,561 - ProfilingConsumer - WARNING - [CLAIM] Missing contract for claim 9085d7725dacb6c00008019abf00733a
2026-03-23 05:28:09,608 - ProfilingConsumer - WARNING - [CLAIM] Missing contract for claim 91737646432cb6c00008019abf522684
2026-03-23 05:28:09,651 - ProfilingConsumer - WARNING - [CLAIM] Missing contract for claim 950d3853022cb6c00008019b123b4620
2026-03-23 05:28:09,707 - ProfilingConsumer - WARNING - [CLAIM] Missing contract for claim 95b383e65f5bb6cbfa13019b5372c125
2026-03-23 05:28:09,741 - ProfilingConsumer - WARNING - [CLAIM] Missing contract for claim 96df77fe1044b529a2dd019b3b798a01
2026-03-23 05:28:09,779 - ProfilingConsumer - WARNING - [CLAIM] Missing contract for claim 9c5c9ba764a9b6cbfa13019b54876308
2026-03-23 05:28:09,814 - ProfilingConsumer - WARNING - [CLAIM] Missing contract for claim 9c8f12364e30b6c00008019b2106eb6c
2026-03-23 05:28:09,867 - ProfilingConsumer - WARNING - [CLAIM] Missing contract for claim 9cb3ca51669cb6c00008019b24e7058a
2026-03-23 05:28:09,919 - ProfilingConsumer - WARNING - [CLAIM] Missing contract for claim a1a732a41d60b6c00008019abf225cd8
2026-03-23 05:28:09,959 - ProfilingConsumer - WARNING - [CLAIM] Missing contract for claim a1ad9ff88680b6c00008019abf1b8266
2026-03-23 05:28:10,010 - ProfilingConsumer - WARNING - [CLAIM] Missing contract for claim a2e80cff017fb6cbfa13019b68231d8e
2026-03-23 05:28:10,053 - ProfilingConsumer - WARNING - [CLAIM] Missing contract for claim a3145be35784b6c00008019b2baa8047
2026-03-23 05:28:10,095 - ProfilingConsumer - WARNING - [CLAIM] Missing contract for claim a3b278175ff8b6c00008019abf5573ca
2026-03-23 05:28:10,137 - ProfilingConsumer - WARNING - [CLAIM] Missing contract for claim a3b7bdf80f58b6c00008019b0c727255
2026-03-23 05:28:10,171 - ProfilingConsumer - WARNING - [CLAIM] Missing contract for claim a42ea2515201b6cbfa13019b2fa68046
2026-03-23 05:28:10,212 - ProfilingConsumer - WARNING - [CLAIM] Missing contract for claim a49a68f94588b6c00008019b0c7753dc
2026-03-23 05:28:10,256 - ProfilingConsumer - WARNING - [CLAIM] Missing contract for claim a85fd8ff66c9b6cbfa13019b53d2ffc2
2026-03-23 05:28:10,295 - ProfilingConsumer - WARNING - [CLAIM] Missing contract for claim a8c6a6c53e2cb6c00008019b307c1f20
2026-03-23 05:28:10,329 - ProfilingConsumer - WARNING - [CLAIM] Missing contract for claim aac0388026d8b529a2dd019b3b6378a4
2026-03-23 05:28:10,372 - ProfilingConsumer - WARNING - [CLAIM] Missing contract for claim aaf7c6f96020b529a2dd019b3b849305
2026-03-23 05:28:10,407 - ProfilingConsumer - WARNING - [CLAIM] Missing contract for claim ac6aadf85701b6cbfa13019a95151d72
2026-03-23 05:28:10,444 - ProfilingConsumer - WARNING - [CLAIM] Missing contract for claim adbd23fd9830b6c00008019b1b187b38
2026-03-23 05:28:10,479 - ProfilingConsumer - WARNING - [CLAIM] Missing contract for claim ae33aefb7c14b6c00008019b122c7083
2026-03-23 05:28:10,515 - ProfilingConsumer - WARNING - [CLAIM] Missing contract for claim ae5b3dfd3c40b6c00008019b2f88a302
2026-03-23 05:28:10,553 - ProfilingConsumer - WARNING - [CLAIM] Missing contract for claim b0c4cbfb4d5cb6cbfa13019b5383688d
2026-03-23 05:28:10,591 - ProfilingConsumer - WARNING - [CLAIM] Missing contract for claim b3948ab12ab8b6c00008019b30283d98
2026-03-23 05:28:10,632 - ProfilingConsumer - WARNING - [CLAIM] Missing contract for claim b4b1b3c42c1cb529a2dd019b4e77644b
2026-03-23 05:28:10,666 - ProfilingConsumer - WARNING - [CLAIM] Missing contract for claim b98ebafe4e54b6c00008019b1b26e48b
2026-03-23 05:28:11,676 - ProfilingConsumer - WARNING - [CLAIM] Missing contract for claim ba0f27e3071cb529a2dd019b53d18ad1
2026-03-23 05:28:12,003 - ProfilingConsumer - WARNING - [CLAIM] Missing contract for claim be304ef82b7cb6c00008019abf2891ae
2026-03-23 05:28:12,042 - ProfilingConsumer - WARNING - [CLAIM] Missing contract for claim c25ecb822c1cb529a2dd019b4e770313
2026-03-23 05:28:12,076 - ProfilingConsumer - WARNING - [CLAIM] Missing contract for claim c2fdc3fa7074b529a2dd019b53db7d9b
2026-03-23 05:28:12,108 - ProfilingConsumer - WARNING - [CLAIM] Missing contract for claim c3260b221094b529a2dd019b53ce9ee8
2026-03-23 05:28:12,165 - ProfilingConsumer - WARNING - [CLAIM] Missing contract for claim c63107756020b529a2dd019b3b802a58
2026-03-23 05:28:12,197 - ProfilingConsumer - WARNING - [CLAIM] Missing contract for claim c6d1a9f8531cb529a2dd019b53d9e0e6
2026-03-23 05:28:12,228 - ProfilingConsumer - WARNING - [CLAIM] Missing contract for claim c75d6a612c64b529a2dd019b3b6c6067
2026-03-23 05:28:12,276 - ProfilingConsumer - WARNING - [CLAIM] Missing contract for claim c8b238260924b6c00008019b20f6c0e9
2026-03-23 05:28:12,310 - ProfilingConsumer - WARNING - [CLAIM] Missing contract for claim c98d7b5380a8b6c00008019abf1e95d8
2026-03-23 05:28:12,349 - ProfilingConsumer - WARNING - [CLAIM] Missing contract for claim ca8021a544fdb6cbfa13019b2e95e906
2026-03-23 05:28:12,383 - ProfilingConsumer - WARNING - [CLAIM] Missing contract for claim cb13ece8b4b04fbf8c2d72e59aa6a045
2026-03-23 05:28:12,426 - ProfilingConsumer - WARNING - [CLAIM] Missing contract for claim cd3d4ec174a0b6c00008019b129123a2
2026-03-23 05:28:12,462 - ProfilingConsumer - WARNING - [CLAIM] Missing contract for claim CLM001
2026-03-23 05:28:12,495 - ProfilingConsumer - WARNING - [CLAIM] Missing contract for claim d09aebf87074b529a2dd019b53dab954
2026-03-23 05:28:12,535 - ProfilingConsumer - WARNING - [CLAIM] Missing contract for claim d0fae3502c1cb529a2dd019b4e75c2c6
2026-03-23 05:28:12,577 - ProfilingConsumer - WARNING - [CLAIM] Missing contract for claim d0ffc2fe254cb6c00008019abf13e174
2026-03-23 05:28:12,618 - ProfilingConsumer - WARNING - [CLAIM] Missing contract for claim d3026bfe07bab6cbfa13019b6d781aaf
2026-03-23 05:28:12,651 - ProfilingConsumer - WARNING - [CLAIM] Missing contract for claim d4c3c3fd10adb6cbfa13019a2f27b5fa
2026-03-23 05:28:12,687 - ProfilingConsumer - WARNING - [CLAIM] Missing contract for claim d5f927302a98b529a2dd019b3b8ae836
2026-03-23 05:28:12,723 - ProfilingConsumer - WARNING - [CLAIM] Missing contract for claim d61cbafd280eb6cbfa13019b2be35ad9
2026-03-23 05:28:12,763 - ProfilingConsumer - WARNING - [CLAIM] Missing contract for claim d79c03f84d5cb6cbfa13019b53a7416c
2026-03-23 05:28:12,812 - ProfilingConsumer - WARNING - [CLAIM] Missing contract for claim d9e2ff44669cb6c00008019b24e7860a
2026-03-23 05:28:12,844 - ProfilingConsumer - WARNING - [CLAIM] Missing contract for claim dcc1def568e4b6c00008019b0c6c6ec8
2026-03-23 05:28:12,874 - ProfilingConsumer - WARNING - [CLAIM] Missing contract for claim de91c1ff4640b529a2dd019b3b95840f
2026-03-23 05:28:12,912 - ProfilingConsumer - WARNING - [CLAIM] Missing contract for claim e1e064fa5240b529a2dd019b3b665934
2026-03-23 05:28:12,942 - ProfilingConsumer - WARNING - [CLAIM] Missing contract for claim e1fe36fa5380b529a2dd019b3b94a472
2026-03-23 05:28:12,973 - ProfilingConsumer - WARNING - [CLAIM] Missing contract for claim e361e7566224b529a2dd019b3b922b16
2026-03-23 05:28:13,005 - ProfilingConsumer - WARNING - [CLAIM] Missing contract for claim e7e0750127184f4c8f743796e7f21157
2026-03-23 05:28:13,036 - ProfilingConsumer - WARNING - [CLAIM] Missing contract for claim e86314f918cdb6cbfa13019b2aff3eab
2026-03-23 05:28:13,068 - ProfilingConsumer - WARNING - [CLAIM] Missing contract for claim e9fe066545b4b6c00008019b2baf1643
2026-03-23 05:28:13,107 - ProfilingConsumer - WARNING - [CLAIM] Missing contract for claim eaec58e09830b6c00008019b1b1f4a6e
2026-03-23 05:28:13,142 - ProfilingConsumer - WARNING - [CLAIM] Missing contract for claim ede6c3fc759cb6c00008019b0c6a9fba
2026-03-23 05:28:13,177 - ProfilingConsumer - WARNING - [CLAIM] Missing contract for claim ee870cfe2c1cb529a2dd019b4e752204
2026-03-23 05:28:13,209 - ProfilingConsumer - WARNING - [CLAIM] Missing contract for claim f0184cfa64a9b6cbfa13019b5485e924
2026-03-23 05:28:13,242 - ProfilingConsumer - WARNING - [CLAIM] Missing contract for claim f1f11ed664a9b6cbfa13019b547c9716
2026-03-23 05:28:13,275 - ProfilingConsumer - WARNING - [CLAIM] Missing contract for claim f72727fe68acb529a2dd019b4e7983ce
2026-03-23 05:28:13,309 - ProfilingConsumer - WARNING - [CLAIM] Missing contract for claim faef69a653a0b529a2dd019b53c17fa8
2026-03-23 05:28:13,343 - ProfilingConsumer - WARNING - [CLAIM] Missing contract for claim fb2e1ff85784b6c00008019b24eed0d0
2026-03-23 05:28:13,387 - ProfilingConsumer - WARNING - [CLAIM] Missing contract for claim fe17ccfc9158b6c00008019b1abdffec
2026-03-23 05:28:13,421 - ProfilingConsumer - WARNING - [CLAIM] Missing contract for claim fe65add1022cb6c00008019b12311c0b
2026-03-23 05:28:13,457 - ProfilingConsumer - WARNING - [CLAIM] Missing contract for claim fef0240403deb6cbfa13019b542ca65f
2026-03-23 05:28:13,489 - ProfilingConsumer - WARNING - [CLAIM] Missing contract for claim ff38ecfd1044b529a2dd019b3b78a9b9
2026-03-23 05:29:19,661 - ProfilingConsumer - INFO - ============================================================
2026-03-23 05:29:19,662 - ProfilingConsumer - INFO - PROFILING CONSUMER STATISTICS
2026-03-23 05:29:19,663 - ProfilingConsumer - INFO - ============================================================
2026-03-23 05:29:19,663 - ProfilingConsumer - INFO - Running time: 111s
2026-03-23 05:29:19,664 - ProfilingConsumer - INFO - Messages processed: 3700
2026-03-23 05:29:19,664 - ProfilingConsumer - INFO - Errors: 0
2026-03-23 05:29:19,665 - ProfilingConsumer - INFO - Claim events: 0
2026-03-23 05:29:19,665 - ProfilingConsumer - INFO - Contract events: 855
2026-03-23 05:29:19,666 - ProfilingConsumer - INFO - Contract Object events: 2521
2026-03-23 05:29:19,666 - ProfilingConsumer - INFO - Inserts: 0
2026-03-23 05:29:19,667 - ProfilingConsumer - INFO - Updates: 0
2026-03-23 05:29:19,668 - ProfilingConsumer - INFO - Deletes: 0
2026-03-23 05:29:19,668 - ProfilingConsumer - INFO - Skipped: 324
2026-03-23 05:29:19,669 - ProfilingConsumer - INFO - ============================================================
2026-03-23 05:30:13,057 - ProfilingConsumer - INFO - ============================================================
2026-03-23 05:30:13,058 - ProfilingConsumer - INFO - PROFILING CONSUMER STATISTICS
2026-03-23 05:30:13,058 - ProfilingConsumer - INFO - ============================================================
2026-03-23 05:30:13,059 - ProfilingConsumer - INFO - Running time: 164s
2026-03-23 05:30:13,059 - ProfilingConsumer - INFO - Messages processed: 5500
2026-03-23 05:30:13,060 - ProfilingConsumer - INFO - Errors: 0
2026-03-23 05:30:13,060 - ProfilingConsumer - INFO - Claim events: 0
2026-03-23 05:30:13,060 - ProfilingConsumer - INFO - Contract events: 1648
2026-03-23 05:30:13,061 - ProfilingConsumer - INFO - Contract Object events: 3528
2026-03-23 05:30:13,061 - ProfilingConsumer - INFO - Inserts: 0
2026-03-23 05:30:13,062 - ProfilingConsumer - INFO - Updates: 5
2026-03-23 05:30:13,062 - ProfilingConsumer - INFO - Deletes: 0
2026-03-23 05:30:13,063 - ProfilingConsumer - INFO - Skipped: 324
2026-03-23 05:30:13,063 - ProfilingConsumer - INFO - ============================================================
2026-03-23 05:30:15,607 - ProfilingConsumer - INFO - ============================================================
2026-03-23 05:30:15,608 - ProfilingConsumer - INFO - PROFILING CONSUMER STATISTICS
2026-03-23 05:30:15,609 - ProfilingConsumer - INFO - ============================================================
2026-03-23 05:30:15,610 - ProfilingConsumer - INFO - Running time: 167s
2026-03-23 05:30:15,610 - ProfilingConsumer - INFO - Messages processed: 5600
2026-03-23 05:30:15,611 - ProfilingConsumer - INFO - Errors: 0
2026-03-23 05:30:15,612 - ProfilingConsumer - INFO - Claim events: 0
2026-03-23 05:30:15,612 - ProfilingConsumer - INFO - Contract events: 1714
2026-03-23 05:30:15,613 - ProfilingConsumer - INFO - Contract Object events: 3562
2026-03-23 05:30:15,613 - ProfilingConsumer - INFO - Inserts: 0
2026-03-23 05:30:15,614 - ProfilingConsumer - INFO - Updates: 5
2026-03-23 05:30:15,615 - ProfilingConsumer - INFO - Deletes: 0
2026-03-23 05:30:15,615 - ProfilingConsumer - INFO - Skipped: 324
2026-03-23 05:30:15,616 - ProfilingConsumer - INFO - ============================================================
2026-03-23 05:31:27,992 - ProfilingConsumer - INFO - ============================================================
2026-03-23 05:31:27,992 - ProfilingConsumer - INFO - PROFILING CONSUMER STATISTICS
2026-03-23 05:31:27,993 - ProfilingConsumer - INFO - ============================================================
2026-03-23 05:31:27,993 - ProfilingConsumer - INFO - Running time: 239s
2026-03-23 05:31:27,994 - ProfilingConsumer - INFO - Messages processed: 8000
2026-03-23 05:31:27,995 - ProfilingConsumer - INFO - Errors: 0
2026-03-23 05:31:27,995 - ProfilingConsumer - INFO - Claim events: 0
2026-03-23 05:31:27,995 - ProfilingConsumer - INFO - Contract events: 3247
2026-03-23 05:31:27,996 - ProfilingConsumer - INFO - Contract Object events: 4429
2026-03-23 05:31:27,996 - ProfilingConsumer - INFO - Inserts: 0
2026-03-23 05:31:27,997 - ProfilingConsumer - INFO - Updates: 212
2026-03-23 05:31:27,997 - ProfilingConsumer - INFO - Deletes: 0
2026-03-23 05:31:27,998 - ProfilingConsumer - INFO - Skipped: 324
2026-03-23 05:31:27,999 - ProfilingConsumer - INFO - ============================================================
2026-03-23 05:31:38,907 - ProfilingConsumer - INFO - ============================================================
2026-03-23 05:31:38,907 - ProfilingConsumer - INFO - PROFILING CONSUMER STATISTICS
2026-03-23 05:31:38,908 - ProfilingConsumer - INFO - ============================================================
2026-03-23 05:31:38,908 - ProfilingConsumer - INFO - Running time: 250s
2026-03-23 05:31:38,909 - ProfilingConsumer - INFO - Messages processed: 8300
2026-03-23 05:31:38,909 - ProfilingConsumer - INFO - Errors: 0
2026-03-23 05:31:38,910 - ProfilingConsumer - INFO - Claim events: 0
2026-03-23 05:31:38,911 - ProfilingConsumer - INFO - Contract events: 3393
2026-03-23 05:31:38,911 - ProfilingConsumer - INFO - Contract Object events: 4583
2026-03-23 05:31:38,912 - ProfilingConsumer - INFO - Inserts: 0
2026-03-23 05:31:38,912 - ProfilingConsumer - INFO - Updates: 216
2026-03-23 05:31:38,913 - ProfilingConsumer - INFO - Deletes: 0
2026-03-23 05:31:38,913 - ProfilingConsumer - INFO - Skipped: 324
2026-03-23 05:31:38,914 - ProfilingConsumer - INFO - ============================================================
2026-03-23 05:32:17,458 - ProfilingConsumer - INFO - ============================================================
2026-03-23 05:32:17,458 - ProfilingConsumer - INFO - PROFILING CONSUMER STATISTICS
2026-03-23 05:32:17,459 - ProfilingConsumer - INFO - ============================================================
2026-03-23 05:32:17,460 - ProfilingConsumer - INFO - Running time: 289s
2026-03-23 05:32:17,460 - ProfilingConsumer - INFO - Messages processed: 9500
2026-03-23 05:32:17,461 - ProfilingConsumer - INFO - Errors: 0
2026-03-23 05:32:17,461 - ProfilingConsumer - INFO - Claim events: 0
2026-03-23 05:32:17,462 - ProfilingConsumer - INFO - Contract events: 3393
2026-03-23 05:32:17,462 - ProfilingConsumer - INFO - Contract Object events: 5783
2026-03-23 05:32:17,463 - ProfilingConsumer - INFO - Inserts: 0
2026-03-23 05:32:17,463 - ProfilingConsumer - INFO - Updates: 257
2026-03-23 05:32:17,464 - ProfilingConsumer - INFO - Deletes: 0
2026-03-23 05:32:17,464 - ProfilingConsumer - INFO - Skipped: 324
2026-03-23 05:32:17,465 - ProfilingConsumer - INFO - ============================================================
2026-03-23 05:32:44,363 - ProfilingConsumer - INFO - ============================================================
2026-03-23 05:32:44,363 - ProfilingConsumer - INFO - PROFILING CONSUMER STATISTICS
2026-03-23 05:32:44,364 - ProfilingConsumer - INFO - ============================================================
2026-03-23 05:32:44,364 - ProfilingConsumer - INFO - Running time: 316s
2026-03-23 05:32:44,365 - ProfilingConsumer - INFO - Messages processed: 10400
2026-03-23 05:32:44,365 - ProfilingConsumer - INFO - Errors: 0
2026-03-23 05:32:44,366 - ProfilingConsumer - INFO - Claim events: 0
2026-03-23 05:32:44,366 - ProfilingConsumer - INFO - Contract events: 3393
2026-03-23 05:32:44,367 - ProfilingConsumer - INFO - Contract Object events: 6683
2026-03-23 05:32:44,367 - ProfilingConsumer - INFO - Inserts: 0
2026-03-23 05:32:44,368 - ProfilingConsumer - INFO - Updates: 280
2026-03-23 05:32:44,368 - ProfilingConsumer - INFO - Deletes: 0
2026-03-23 05:32:44,369 - ProfilingConsumer - INFO - Skipped: 324
2026-03-23 05:32:44,369 - ProfilingConsumer - INFO - ============================================================
2026-03-23 05:33:01,467 - ProfilingConsumer - INFO - ============================================================
2026-03-23 05:33:01,468 - ProfilingConsumer - INFO - PROFILING CONSUMER STATISTICS
2026-03-23 05:33:01,468 - ProfilingConsumer - INFO - ============================================================
2026-03-23 05:33:01,469 - ProfilingConsumer - INFO - Running time: 333s
2026-03-23 05:33:01,470 - ProfilingConsumer - INFO - Messages processed: 11000
2026-03-23 05:33:01,470 - ProfilingConsumer - INFO - Errors: 0
2026-03-23 05:33:01,471 - ProfilingConsumer - INFO - Claim events: 0
2026-03-23 05:33:01,471 - ProfilingConsumer - INFO - Contract events: 3393
2026-03-23 05:33:01,471 - ProfilingConsumer - INFO - Contract Object events: 7283
2026-03-23 05:33:01,472 - ProfilingConsumer - INFO - Inserts: 0
2026-03-23 05:33:01,472 - ProfilingConsumer - INFO - Updates: 295
2026-03-23 05:33:01,473 - ProfilingConsumer - INFO - Deletes: 0
2026-03-23 05:33:01,474 - ProfilingConsumer - INFO - Skipped: 324
2026-03-23 05:33:01,474 - ProfilingConsumer - INFO - ============================================================
2026-03-23 05:33:03,975 - ProfilingConsumer - INFO - ============================================================
2026-03-23 05:33:03,976 - ProfilingConsumer - INFO - PROFILING CONSUMER STATISTICS
2026-03-23 05:33:03,976 - ProfilingConsumer - INFO - ============================================================
2026-03-23 05:33:03,977 - ProfilingConsumer - INFO - Running time: 335s
2026-03-23 05:33:03,977 - ProfilingConsumer - INFO - Messages processed: 11100
2026-03-23 05:33:03,977 - ProfilingConsumer - INFO - Errors: 0
2026-03-23 05:33:03,978 - ProfilingConsumer - INFO - Claim events: 0
2026-03-23 05:33:03,978 - ProfilingConsumer - INFO - Contract events: 3393
2026-03-23 05:33:03,979 - ProfilingConsumer - INFO - Contract Object events: 7383
2026-03-23 05:33:03,979 - ProfilingConsumer - INFO - Inserts: 0
2026-03-23 05:33:03,979 - ProfilingConsumer - INFO - Updates: 297
2026-03-23 05:33:03,980 - ProfilingConsumer - INFO - Deletes: 0
2026-03-23 05:33:03,981 - ProfilingConsumer - INFO - Skipped: 324
2026-03-23 05:33:03,981 - ProfilingConsumer - INFO - ============================================================
2026-03-23 05:33:28,362 - ProfilingConsumer - INFO - ============================================================
2026-03-23 05:33:28,362 - ProfilingConsumer - INFO - PROFILING CONSUMER STATISTICS
2026-03-23 05:33:28,363 - ProfilingConsumer - INFO - ============================================================
2026-03-23 05:33:28,363 - ProfilingConsumer - INFO - Running time: 360s
2026-03-23 05:33:28,364 - ProfilingConsumer - INFO - Messages processed: 11800
2026-03-23 05:33:28,364 - ProfilingConsumer - INFO - Errors: 0
2026-03-23 05:33:28,365 - ProfilingConsumer - INFO - Claim events: 0
2026-03-23 05:33:28,366 - ProfilingConsumer - INFO - Contract events: 3393
2026-03-23 05:33:28,366 - ProfilingConsumer - INFO - Contract Object events: 8083
2026-03-23 05:33:28,367 - ProfilingConsumer - INFO - Inserts: 0
2026-03-23 05:33:28,367 - ProfilingConsumer - INFO - Updates: 313
2026-03-23 05:33:28,368 - ProfilingConsumer - INFO - Deletes: 0
2026-03-23 05:33:28,368 - ProfilingConsumer - INFO - Skipped: 324
2026-03-23 05:33:28,369 - ProfilingConsumer - INFO - ============================================================
2026-03-23 07:25:52,101 - ProfilingConsumer - INFO - Received SIGTERM — initiating graceful shutdown...
2026-03-23 07:25:52,914 - ProfilingConsumer - INFO - Cleaning up resources...
2026-03-23 07:25:52,921 - ProfilingConsumer - INFO - ============================================================
2026-03-23 07:25:52,922 - ProfilingConsumer - INFO - PROFILING CONSUMER STATISTICS
2026-03-23 07:25:52,922 - ProfilingConsumer - INFO - ============================================================
2026-03-23 07:25:52,923 - ProfilingConsumer - INFO - Running time: 7104s
2026-03-23 07:25:52,924 - ProfilingConsumer - INFO - Messages processed: 11839
2026-03-23 07:25:52,925 - ProfilingConsumer - INFO - Errors: 0
2026-03-23 07:25:52,925 - ProfilingConsumer - INFO - Claim events: 0
2026-03-23 07:25:52,926 - ProfilingConsumer - INFO - Contract events: 3415
2026-03-23 07:25:52,927 - ProfilingConsumer - INFO - Contract Object events: 8100
2026-03-23 07:25:52,927 - ProfilingConsumer - INFO - Inserts: 0
2026-03-23 07:25:52,929 - ProfilingConsumer - INFO - Updates: 313
2026-03-23 07:25:52,930 - ProfilingConsumer - INFO - Deletes: 0
2026-03-23 07:25:52,931 - ProfilingConsumer - INFO - Skipped: 324
2026-03-23 07:25:52,931 - ProfilingConsumer - INFO - ============================================================
2026-03-23 07:25:52,942 - ProfilingConsumer - INFO - Kafka consumer closed
2026-03-23 07:25:52,952 - shared.connections - INFO - [staging] MySQL connection closed
2026-03-23 07:25:52,961 - shared.connections - INFO - [reporting] MySQL connection closed
2026-03-23 07:25:52,963 - ProfilingConsumer - INFO - Profiling Consumer stopped
2026-03-24 02:53:21,041 - ProfilingConsumer - INFO - Architecture: Debezium → Kafka → This Consumer → profiling_analysis
2026-03-24 02:53:21,061 - ProfilingConsumer - INFO - Mode: Real-time streaming (replaces DB triggers)
2026-03-24 02:53:21,067 - ProfilingConsumer - INFO - ============================================================
2026-03-24 02:53:21,072 - ProfilingConsumer - INFO - STARTING PROFILING CONSUMER
2026-03-24 02:53:21,074 - ProfilingConsumer - INFO - ============================================================
2026-03-24 02:53:21,167 - shared.connections - INFO - [staging] Connected to MySQL: insuranceWarehouse
2026-03-24 02:53:21,226 - shared.connections - INFO - [reporting] Connected to MySQL: insuranceReporting
2026-03-24 02:53:21,281 - shared.connections - ERROR - Attempt 1/10 - Kafka connection failed: NoBrokersAvailable
2026-03-24 02:53:26,341 - shared.connections - ERROR - Attempt 2/10 - Kafka connection failed: NoBrokersAvailable
2026-03-24 02:53:31,410 - shared.connections - ERROR - Attempt 3/10 - Kafka connection failed: NoBrokersAvailable
2026-03-24 02:53:36,481 - shared.connections - ERROR - Attempt 4/10 - Kafka connection failed: NoBrokersAvailable
2026-03-24 02:53:41,535 - shared.connections - ERROR - Attempt 5/10 - Kafka connection failed: NoBrokersAvailable
2026-03-24 02:53:46,648 - shared.connections - INFO - Kafka consumer created. Subscribed to 9 topics:
2026-03-24 02:53:46,650 - shared.connections - INFO -   - staging.insuranceWarehouse.stgClaim
2026-03-24 02:53:46,651 - shared.connections - INFO -   - staging.insuranceWarehouse.stgContract
2026-03-24 02:53:46,652 - shared.connections - INFO -   - staging.insuranceWarehouse.stgContractObject
2026-03-24 02:53:46,653 - shared.connections - INFO -   - staging.insuranceWarehouse.stgContractObjectVehicle
2026-03-24 02:53:46,655 - shared.connections - INFO -   - staging.insuranceWarehouse.stgContractObjectMoto
2026-03-24 02:53:46,657 - shared.connections - INFO -   - staging.insuranceWarehouse.stgContractObjectTravel
2026-03-24 02:53:46,658 - shared.connections - INFO -   - staging.insuranceWarehouse.stgContractObjectSocialInsurance
2026-03-24 02:53:46,659 - shared.connections - INFO -   - staging.insuranceWarehouse.stgContractObjectMedicalInsurance
2026-03-24 02:53:46,660 - shared.connections - INFO -   - staging.insuranceWarehouse.stgContractObjectHouse
2026-03-24 02:53:46,661 - ProfilingConsumer - INFO - Profiling Consumer started. Waiting for messages...
2026-03-24 03:09:22,839 - ProfilingConsumer - INFO - Received SIGTERM — initiating graceful shutdown...
2026-03-24 03:09:23,030 - ProfilingConsumer - INFO - Cleaning up resources...
2026-03-24 03:09:23,032 - ProfilingConsumer - INFO - ============================================================
2026-03-24 03:09:23,033 - ProfilingConsumer - INFO - PROFILING CONSUMER STATISTICS
2026-03-24 03:09:23,035 - ProfilingConsumer - INFO - ============================================================
2026-03-24 03:09:23,037 - ProfilingConsumer - INFO - Running time: 936s
2026-03-24 03:09:23,039 - ProfilingConsumer - INFO - Messages processed: 175
2026-03-24 03:09:23,042 - ProfilingConsumer - INFO - Errors: 0
2026-03-24 03:09:23,044 - ProfilingConsumer - INFO - Claim events: 0
2026-03-24 03:09:23,045 - ProfilingConsumer - INFO - Contract events: 109
2026-03-24 03:09:23,048 - ProfilingConsumer - INFO - Contract Object events: 66
2026-03-24 03:09:23,051 - ProfilingConsumer - INFO - Inserts: 0
2026-03-24 03:09:23,052 - ProfilingConsumer - INFO - Updates: 0
2026-03-24 03:09:23,053 - ProfilingConsumer - INFO - Deletes: 0
2026-03-24 03:09:23,054 - ProfilingConsumer - INFO - Skipped: 0
2026-03-24 03:09:23,055 - ProfilingConsumer - INFO - ============================================================
2026-03-24 03:09:23,061 - ProfilingConsumer - INFO - Kafka consumer closed
2026-03-24 03:09:23,076 - shared.connections - INFO - [staging] MySQL connection closed
2026-03-24 03:09:23,083 - shared.connections - INFO - [reporting] MySQL connection closed
2026-03-24 03:09:23,085 - ProfilingConsumer - INFO - Profiling Consumer stopped
2026-03-24 07:48:10,633 - ProfilingConsumer - INFO - Architecture: Debezium → Kafka → This Consumer → profiling_analysis
2026-03-24 07:48:10,637 - ProfilingConsumer - INFO - Mode: Real-time streaming (replaces DB triggers)
2026-03-24 07:48:10,641 - ProfilingConsumer - INFO - ============================================================
2026-03-24 07:48:10,643 - ProfilingConsumer - INFO - STARTING PROFILING CONSUMER
2026-03-24 07:48:10,664 - ProfilingConsumer - INFO - ============================================================
2026-03-24 07:48:10,678 - shared.connections - ERROR - [staging] Connection failed (attempt 1/3): 2003 (HY000): Can't connect to MySQL server on 'localhost:3306' (111)
2026-03-24 07:48:15,980 - shared.connections - INFO - [staging] Connected to MySQL: insuranceWarehouse
2026-03-24 07:48:16,090 - shared.connections - INFO - [reporting] Connected to MySQL: insuranceReporting
2026-03-24 07:48:16,162 - shared.connections - ERROR - Attempt 1/10 - Kafka connection failed: NoBrokersAvailable
2026-03-24 07:48:21,236 - shared.connections - ERROR - Attempt 2/10 - Kafka connection failed: NoBrokersAvailable
2026-03-24 07:48:26,314 - shared.connections - ERROR - Attempt 3/10 - Kafka connection failed: NoBrokersAvailable
2026-03-24 07:48:31,383 - shared.connections - ERROR - Attempt 4/10 - Kafka connection failed: NoBrokersAvailable
2026-03-24 07:48:36,437 - shared.connections - ERROR - Attempt 5/10 - Kafka connection failed: NoBrokersAvailable
2026-03-24 07:48:41,491 - shared.connections - ERROR - Attempt 6/10 - Kafka connection failed: NoBrokersAvailable
2026-03-24 07:48:46,603 - shared.connections - INFO - Kafka consumer created. Subscribed to 9 topics:
2026-03-24 07:48:46,607 - shared.connections - INFO -   - staging.insuranceWarehouse.stgClaim
2026-03-24 07:48:46,608 - shared.connections - INFO -   - staging.insuranceWarehouse.stgContract
2026-03-24 07:48:46,609 - shared.connections - INFO -   - staging.insuranceWarehouse.stgContractObject
2026-03-24 07:48:46,615 - shared.connections - INFO -   - staging.insuranceWarehouse.stgContractObjectVehicle
2026-03-24 07:48:46,616 - shared.connections - INFO -   - staging.insuranceWarehouse.stgContractObjectMoto
2026-03-24 07:48:46,618 - shared.connections - INFO -   - staging.insuranceWarehouse.stgContractObjectTravel
2026-03-24 07:48:46,623 - shared.connections - INFO -   - staging.insuranceWarehouse.stgContractObjectSocialInsurance
2026-03-24 07:48:46,625 - shared.connections - INFO -   - staging.insuranceWarehouse.stgContractObjectMedicalInsurance
2026-03-24 07:48:46,626 - shared.connections - INFO -   - staging.insuranceWarehouse.stgContractObjectHouse
2026-03-24 07:48:46,627 - ProfilingConsumer - INFO - Profiling Consumer started. Waiting for messages...
2026-03-24 07:50:19,720 - ProfilingConsumer - INFO - ============================================================
2026-03-24 07:50:19,720 - ProfilingConsumer - INFO - PROFILING CONSUMER STATISTICS
2026-03-24 07:50:19,721 - ProfilingConsumer - INFO - ============================================================
2026-03-24 07:50:19,722 - ProfilingConsumer - INFO - Running time: 93s
2026-03-24 07:50:19,722 - ProfilingConsumer - INFO - Messages processed: 100
2026-03-24 07:50:19,723 - ProfilingConsumer - INFO - Errors: 0
2026-03-24 07:50:19,724 - ProfilingConsumer - INFO - Claim events: 0
2026-03-24 07:50:19,724 - ProfilingConsumer - INFO - Contract events: 62
2026-03-24 07:50:19,725 - ProfilingConsumer - INFO - Contract Object events: 38
2026-03-24 07:50:19,725 - ProfilingConsumer - INFO - Inserts: 0
2026-03-24 07:50:19,726 - ProfilingConsumer - INFO - Updates: 0
2026-03-24 07:50:19,726 - ProfilingConsumer - INFO - Deletes: 0
2026-03-24 07:50:19,727 - ProfilingConsumer - INFO - Skipped: 0
2026-03-24 07:50:19,727 - ProfilingConsumer - INFO - ============================================================
2026-03-24 07:57:36,040 - ProfilingConsumer - INFO - [CLAIM] Profiled claim TEST_CLAIM_001 (c)
2026-03-24 07:57:36,099 - ProfilingConsumer - INFO - [CLAIM] Profiled claim TEST_CLAIM_002 (c)
2026-03-24 07:57:36,163 - ProfilingConsumer - INFO - [CLAIM] Profiled claim TEST_CLAIM_003 (c)
2026-03-24 07:57:36,219 - ProfilingConsumer - INFO - [CLAIM] Profiled claim TEST_CLAIM_004 (c)
2026-03-24 07:57:36,277 - ProfilingConsumer - INFO - [CLAIM] Profiled claim TEST_CLAIM_005 (c)
2026-03-24 07:57:36,330 - ProfilingConsumer - INFO - [CLAIM] Profiled claim TEST_CLAIM_006 (c)
2026-03-24 10:16:19,320 - ProfilingConsumer - INFO - ============================================================
2026-03-24 10:16:19,322 - ProfilingConsumer - INFO - PROFILING CONSUMER STATISTICS
2026-03-24 10:16:19,323 - ProfilingConsumer - INFO - ============================================================
2026-03-24 10:16:19,323 - ProfilingConsumer - INFO - Running time: 8853s
2026-03-24 10:16:19,324 - ProfilingConsumer - INFO - Messages processed: 200
2026-03-24 10:16:19,325 - ProfilingConsumer - INFO - Errors: 0
2026-03-24 10:16:19,325 - ProfilingConsumer - INFO - Claim events: 6
2026-03-24 10:16:19,326 - ProfilingConsumer - INFO - Contract events: 115
2026-03-24 10:16:19,326 - ProfilingConsumer - INFO - Contract Object events: 79
2026-03-24 10:16:19,327 - ProfilingConsumer - INFO - Inserts: 6
2026-03-24 10:16:19,327 - ProfilingConsumer - INFO - Updates: 12
2026-03-24 10:16:19,328 - ProfilingConsumer - INFO - Deletes: 0
2026-03-24 10:16:19,328 - ProfilingConsumer - INFO - Skipped: 0
2026-03-24 10:16:19,329 - ProfilingConsumer - INFO - ============================================================
2026-03-24 17:02:14,417 - ProfilingConsumer - INFO - Received SIGTERM — initiating graceful shutdown...
2026-03-24 17:02:15,298 - ProfilingConsumer - INFO - Cleaning up resources...
2026-03-24 17:02:15,300 - ProfilingConsumer - INFO - ============================================================
2026-03-24 17:02:15,301 - ProfilingConsumer - INFO - PROFILING CONSUMER STATISTICS
2026-03-24 17:02:15,302 - ProfilingConsumer - INFO - ============================================================
2026-03-24 17:02:15,304 - ProfilingConsumer - INFO - Running time: 33209s
2026-03-24 17:02:15,305 - ProfilingConsumer - INFO - Messages processed: 223
2026-03-24 17:02:15,306 - ProfilingConsumer - INFO - Errors: 0
2026-03-24 17:02:15,308 - ProfilingConsumer - INFO - Claim events: 6
2026-03-24 17:02:15,309 - ProfilingConsumer - INFO - Contract events: 128
2026-03-24 17:02:15,310 - ProfilingConsumer - INFO - Contract Object events: 89
2026-03-24 17:02:15,311 - ProfilingConsumer - INFO - Inserts: 6
2026-03-24 17:02:15,312 - ProfilingConsumer - INFO - Updates: 12
2026-03-24 17:02:15,313 - ProfilingConsumer - INFO - Deletes: 0
2026-03-24 17:02:15,314 - ProfilingConsumer - INFO - Skipped: 0
2026-03-24 17:02:15,315 - ProfilingConsumer - INFO - ============================================================
2026-03-24 17:02:15,331 - ProfilingConsumer - INFO - Kafka consumer closed
2026-03-24 17:02:15,344 - shared.connections - INFO - [staging] MySQL connection closed
2026-03-24 17:02:15,347 - ProfilingConsumer - INFO - Profiling Consumer stopped
2026-03-25 07:07:53,547 - ProfilingConsumer - INFO - Architecture: Debezium → Kafka → This Consumer → profiling_analysis
2026-03-25 07:07:53,551 - ProfilingConsumer - INFO - Mode: Real-time streaming (replaces DB triggers)
2026-03-25 07:07:53,554 - ProfilingConsumer - INFO - ============================================================
2026-03-25 07:07:53,556 - ProfilingConsumer - INFO - STARTING PROFILING CONSUMER
2026-03-25 07:07:53,558 - ProfilingConsumer - INFO - ============================================================
2026-03-25 07:07:53,660 - shared.connections - INFO - [staging] Connected to MySQL: insuranceWarehouse
2026-03-25 07:07:53,726 - shared.connections - INFO - [reporting] Connected to MySQL: insuranceReporting
2026-03-25 07:07:53,780 - shared.connections - ERROR - Attempt 1/10 - Kafka connection failed: NoBrokersAvailable
2026-03-25 07:07:58,844 - shared.connections - ERROR - Attempt 2/10 - Kafka connection failed: NoBrokersAvailable
2026-03-25 07:08:03,898 - shared.connections - ERROR - Attempt 3/10 - Kafka connection failed: NoBrokersAvailable
2026-03-25 07:08:08,950 - shared.connections - ERROR - Attempt 4/10 - Kafka connection failed: NoBrokersAvailable
2026-03-25 07:08:14,057 - shared.connections - INFO - Kafka consumer created. Subscribed to 9 topics:
2026-03-25 07:08:14,058 - shared.connections - INFO -   - staging.insuranceWarehouse.stgClaim
2026-03-25 07:08:14,059 - shared.connections - INFO -   - staging.insuranceWarehouse.stgContract
2026-03-25 07:08:14,060 - shared.connections - INFO -   - staging.insuranceWarehouse.stgContractObject
2026-03-25 07:08:14,060 - shared.connections - INFO -   - staging.insuranceWarehouse.stgContractObjectVehicle
2026-03-25 07:08:14,061 - shared.connections - INFO -   - staging.insuranceWarehouse.stgContractObjectMoto
2026-03-25 07:08:14,061 - shared.connections - INFO -   - staging.insuranceWarehouse.stgContractObjectTravel
2026-03-25 07:08:14,062 - shared.connections - INFO -   - staging.insuranceWarehouse.stgContractObjectSocialInsurance
2026-03-25 07:08:14,062 - shared.connections - INFO -   - staging.insuranceWarehouse.stgContractObjectMedicalInsurance
2026-03-25 07:08:14,063 - shared.connections - INFO -   - staging.insuranceWarehouse.stgContractObjectHouse
2026-03-25 07:08:14,064 - ProfilingConsumer - INFO - Profiling Consumer started. Waiting for messages...
2026-03-25 09:22:23,255 - shared.connections - WARNING - [staging] Connection lost, reconnecting...
2026-03-25 12:32:32,504 - shared.connections - WARNING - [staging] Connection lost, reconnecting...
2026-03-25 14:14:48,892 - ProfilingConsumer - INFO - Received SIGTERM — initiating graceful shutdown...
2026-03-25 14:14:48,995 - ProfilingConsumer - INFO - Cleaning up resources...
2026-03-25 14:14:49,001 - ProfilingConsumer - INFO - ============================================================
2026-03-25 14:14:49,004 - ProfilingConsumer - INFO - PROFILING CONSUMER STATISTICS
2026-03-25 14:14:49,006 - ProfilingConsumer - INFO - ============================================================
2026-03-25 14:14:49,008 - ProfilingConsumer - INFO - Running time: 25595s
2026-03-25 14:14:49,020 - ProfilingConsumer - INFO - Messages processed: 98
2026-03-25 14:14:49,021 - ProfilingConsumer - INFO - Errors: 0
2026-03-25 14:14:49,023 - ProfilingConsumer - INFO - Claim events: 0
2026-03-25 14:14:49,024 - ProfilingConsumer - INFO - Contract events: 58
2026-03-25 14:14:49,025 - ProfilingConsumer - INFO - Contract Object events: 40
2026-03-25 14:14:49,026 - ProfilingConsumer - INFO - Inserts: 0
2026-03-25 14:14:49,028 - ProfilingConsumer - INFO - Updates: 0
2026-03-25 14:14:49,030 - ProfilingConsumer - INFO - Deletes: 0
2026-03-25 14:14:49,032 - ProfilingConsumer - INFO - Skipped: 0
2026-03-25 14:14:49,034 - ProfilingConsumer - INFO - ============================================================
2026-03-25 14:14:49,055 - ProfilingConsumer - INFO - Kafka consumer closed
2026-03-25 14:14:49,063 - ProfilingConsumer - INFO - Profiling Consumer stopped
2026-03-27 13:34:32,578 - ProfilingConsumer - INFO - Architecture: Debezium → Kafka → This Consumer → profiling_analysis
2026-03-27 13:34:32,580 - ProfilingConsumer - INFO - Mode: Real-time streaming (replaces DB triggers)
2026-03-27 13:34:32,581 - ProfilingConsumer - INFO - ============================================================
2026-03-27 13:34:32,583 - ProfilingConsumer - INFO - STARTING PROFILING CONSUMER
2026-03-27 13:34:32,589 - ProfilingConsumer - INFO - ============================================================
2026-03-27 13:34:53,624 - shared.connections - ERROR - [staging] Connection failed (attempt 1/3): 2003 (HY000): Can't connect to MySQL server on 'localhost:3306' (111)
2026-03-27 13:35:19,672 - shared.connections - ERROR - [staging] Connection failed (attempt 2/3): 2003 (HY000): Can't connect to MySQL server on 'localhost:3306' (111)
2026-03-27 13:35:45,711 - shared.connections - ERROR - [staging] Connection failed (attempt 3/3): 2003 (HY000): Can't connect to MySQL server on 'localhost:3306' (111)
2026-03-27 13:35:45,712 - ProfilingConsumer - ERROR - Failed to set up connections.
2026-03-27 13:35:45,713 - ProfilingConsumer - ERROR - Setup failed. Exiting.
2026-03-27 13:35:46,471 - ProfilingConsumer - INFO - Architecture: Debezium → Kafka → This Consumer → profiling_analysis
2026-03-27 13:35:46,471 - ProfilingConsumer - INFO - Mode: Real-time streaming (replaces DB triggers)
2026-03-27 13:35:46,472 - ProfilingConsumer - INFO - ============================================================
2026-03-27 13:35:46,473 - ProfilingConsumer - INFO - STARTING PROFILING CONSUMER
2026-03-27 13:35:46,473 - ProfilingConsumer - INFO - ============================================================
2026-03-27 13:36:06,559 - shared.connections - ERROR - [staging] Connection failed (attempt 1/3): 2003 (HY000): Can't connect to MySQL server on 'localhost:3306' (111)
2026-03-27 13:36:33,701 - shared.connections - ERROR - [staging] Connection failed (attempt 2/3): 2003 (HY000): Can't connect to MySQL server on 'localhost:3306' (111)
2026-03-27 13:36:58,183 - shared.connections - ERROR - [staging] Connection failed (attempt 3/3): 2003 (HY000): Can't connect to MySQL server on 'localhost:3306' (111)
2026-03-27 13:36:58,184 - ProfilingConsumer - ERROR - Failed to set up connections.
2026-03-27 13:36:58,184 - ProfilingConsumer - ERROR - Setup failed. Exiting.
2026-03-27 13:37:00,814 - ProfilingConsumer - INFO - Architecture: Debezium → Kafka → This Consumer → profiling_analysis
2026-03-27 13:37:00,815 - ProfilingConsumer - INFO - Mode: Real-time streaming (replaces DB triggers)
2026-03-27 13:37:00,815 - ProfilingConsumer - INFO - ============================================================
2026-03-27 13:37:00,816 - ProfilingConsumer - INFO - STARTING PROFILING CONSUMER
2026-03-27 13:37:00,816 - ProfilingConsumer - INFO - ============================================================
2026-03-27 13:37:20,093 - shared.connections - ERROR - [staging] Connection failed (attempt 1/3): 2003 (HY000): Can't connect to MySQL server on 'localhost:3306' (111)
2026-03-27 13:37:47,084 - shared.connections - ERROR - [staging] Connection failed (attempt 2/3): 2003 (HY000): Can't connect to MySQL server on 'localhost:3306' (111)
2026-03-27 13:38:14,080 - shared.connections - ERROR - [staging] Connection failed (attempt 3/3): 2003 (HY000): Can't connect to MySQL server on 'localhost:3306' (111)
2026-03-27 13:38:14,080 - ProfilingConsumer - ERROR - Failed to set up connections.
2026-03-27 13:38:14,081 - ProfilingConsumer - ERROR - Setup failed. Exiting.
2026-03-27 13:38:14,867 - ProfilingConsumer - INFO - Architecture: Debezium → Kafka → This Consumer → profiling_analysis
2026-03-27 13:38:14,867 - ProfilingConsumer - INFO - Mode: Real-time streaming (replaces DB triggers)
2026-03-27 13:38:14,868 - ProfilingConsumer - INFO - ============================================================
2026-03-27 13:38:14,868 - ProfilingConsumer - INFO - STARTING PROFILING CONSUMER
2026-03-27 13:38:14,869 - ProfilingConsumer - INFO - ============================================================
2026-03-27 13:38:34,159 - shared.connections - ERROR - [staging] Connection failed (attempt 1/3): 2003 (HY000): Can't connect to MySQL server on 'localhost:3306' (111)
2026-03-27 13:39:01,167 - shared.connections - ERROR - [staging] Connection failed (attempt 2/3): 2003 (HY000): Can't connect to MySQL server on 'localhost:3306' (111)
2026-03-27 13:39:28,164 - shared.connections - ERROR - [staging] Connection failed (attempt 3/3): 2003 (HY000): Can't connect to MySQL server on 'localhost:3306' (111)
2026-03-27 13:39:28,165 - ProfilingConsumer - ERROR - Failed to set up connections.
2026-03-27 13:39:28,166 - ProfilingConsumer - ERROR - Setup failed. Exiting.
2026-03-27 13:39:29,002 - ProfilingConsumer - INFO - Architecture: Debezium → Kafka → This Consumer → profiling_analysis
2026-03-27 13:39:29,002 - ProfilingConsumer - INFO - Mode: Real-time streaming (replaces DB triggers)
2026-03-27 13:39:29,003 - ProfilingConsumer - INFO - ============================================================
2026-03-27 13:39:29,004 - ProfilingConsumer - INFO - STARTING PROFILING CONSUMER
2026-03-27 13:39:29,004 - ProfilingConsumer - INFO - ============================================================
2026-03-27 13:39:51,022 - shared.connections - ERROR - [staging] Connection failed (attempt 1/3): 2003 (HY000): Can't connect to MySQL server on 'localhost:3306' (111)
2026-03-27 13:40:18,028 - shared.connections - ERROR - [staging] Connection failed (attempt 2/3): 2003 (HY000): Can't connect to MySQL server on 'localhost:3306' (111)
2026-03-27 13:40:43,054 - shared.connections - ERROR - [staging] Connection failed (attempt 3/3): 2003 (HY000): Can't connect to MySQL server on 'localhost:3306' (111)
2026-03-27 13:40:43,055 - ProfilingConsumer - ERROR - Failed to set up connections.
2026-03-27 13:40:43,056 - ProfilingConsumer - ERROR - Setup failed. Exiting.
2026-03-27 13:40:43,718 - ProfilingConsumer - INFO - Architecture: Debezium → Kafka → This Consumer → profiling_analysis
2026-03-27 13:40:43,719 - ProfilingConsumer - INFO - Mode: Real-time streaming (replaces DB triggers)
2026-03-27 13:40:43,720 - ProfilingConsumer - INFO - ============================================================
2026-03-27 13:40:43,720 - ProfilingConsumer - INFO - STARTING PROFILING CONSUMER
2026-03-27 13:40:43,721 - ProfilingConsumer - INFO - ============================================================
2026-03-27 13:41:04,972 - shared.connections - ERROR - [staging] Connection failed (attempt 1/3): 2003 (HY000): Can't connect to MySQL server on 'localhost:3306' (111)
2026-03-27 13:41:31,967 - shared.connections - ERROR - [staging] Connection failed (attempt 2/3): 2003 (HY000): Can't connect to MySQL server on 'localhost:3306' (111)
2026-03-27 13:41:58,993 - shared.connections - ERROR - [staging] Connection failed (attempt 3/3): 2003 (HY000): Can't connect to MySQL server on 'localhost:3306' (111)
2026-03-27 13:41:58,994 - ProfilingConsumer - ERROR - Failed to set up connections.
2026-03-27 13:41:58,994 - ProfilingConsumer - ERROR - Setup failed. Exiting.
2026-03-27 13:41:59,713 - ProfilingConsumer - INFO - Architecture: Debezium → Kafka → This Consumer → profiling_analysis
2026-03-27 13:41:59,714 - ProfilingConsumer - INFO - Mode: Real-time streaming (replaces DB triggers)
2026-03-27 13:41:59,715 - ProfilingConsumer - INFO - ============================================================
2026-03-27 13:41:59,715 - ProfilingConsumer - INFO - STARTING PROFILING CONSUMER
2026-03-27 13:41:59,716 - ProfilingConsumer - INFO - ============================================================
2026-03-27 13:42:18,988 - shared.connections - ERROR - [staging] Connection failed (attempt 1/3): 2003 (HY000): Can't connect to MySQL server on 'localhost:3306' (111)
2026-03-27 13:42:45,986 - shared.connections - ERROR - [staging] Connection failed (attempt 2/3): 2003 (HY000): Can't connect to MySQL server on 'localhost:3306' (111)
2026-03-27 13:43:13,005 - shared.connections - ERROR - [staging] Connection failed (attempt 3/3): 2003 (HY000): Can't connect to MySQL server on 'localhost:3306' (111)
2026-03-27 13:43:13,006 - ProfilingConsumer - ERROR - Failed to set up connections.
2026-03-27 13:43:13,007 - ProfilingConsumer - ERROR - Setup failed. Exiting.
2026-03-27 13:43:13,660 - ProfilingConsumer - INFO - Architecture: Debezium → Kafka → This Consumer → profiling_analysis
2026-03-27 13:43:13,661 - ProfilingConsumer - INFO - Mode: Real-time streaming (replaces DB triggers)
2026-03-27 13:43:13,662 - ProfilingConsumer - INFO - ============================================================
2026-03-27 13:43:13,662 - ProfilingConsumer - INFO - STARTING PROFILING CONSUMER
2026-03-27 13:43:13,663 - ProfilingConsumer - INFO - ============================================================
2026-03-27 13:43:35,686 - shared.connections - ERROR - [staging] Connection failed (attempt 1/3): 2003 (HY000): Can't connect to MySQL server on 'localhost:3306' (111)
2026-03-27 13:43:59,973 - shared.connections - ERROR - [staging] Connection failed (attempt 2/3): 2003 (HY000): Can't connect to MySQL server on 'localhost:3306' (111)
2026-03-27 13:44:26,987 - shared.connections - ERROR - [staging] Connection failed (attempt 3/3): 2003 (HY000): Can't connect to MySQL server on 'localhost:3306' (111)
2026-03-27 13:44:26,988 - ProfilingConsumer - ERROR - Failed to set up connections.
2026-03-27 13:44:26,989 - ProfilingConsumer - ERROR - Setup failed. Exiting.
2026-03-27 13:44:27,768 - ProfilingConsumer - INFO - Architecture: Debezium → Kafka → This Consumer → profiling_analysis
2026-03-27 13:44:27,768 - ProfilingConsumer - INFO - Mode: Real-time streaming (replaces DB triggers)
2026-03-27 13:44:27,769 - ProfilingConsumer - INFO - ============================================================
2026-03-27 13:44:27,769 - ProfilingConsumer - INFO - STARTING PROFILING CONSUMER
2026-03-27 13:44:27,770 - ProfilingConsumer - INFO - ============================================================
2026-03-27 13:44:49,766 - shared.connections - ERROR - [staging] Connection failed (attempt 1/3): 2003 (HY000): Can't connect to MySQL server on 'localhost:3306' (111)
2026-03-27 13:45:16,757 - shared.connections - ERROR - [staging] Connection failed (attempt 2/3): 2003 (HY000): Can't connect to MySQL server on 'localhost:3306' (111)
2026-03-27 13:45:41,041 - shared.connections - ERROR - [staging] Connection failed (attempt 3/3): 2003 (HY000): Can't connect to MySQL server on 'localhost:3306' (111)
2026-03-27 13:45:41,042 - ProfilingConsumer - ERROR - Failed to set up connections.
2026-03-27 13:45:41,042 - ProfilingConsumer - ERROR - Setup failed. Exiting.
2026-03-27 13:45:41,338 - ProfilingConsumer - INFO - Architecture: Debezium → Kafka → This Consumer → profiling_analysis
2026-03-27 13:45:41,339 - ProfilingConsumer - INFO - Mode: Real-time streaming (replaces DB triggers)
2026-03-27 13:45:41,340 - ProfilingConsumer - INFO - ============================================================
2026-03-27 13:45:41,341 - ProfilingConsumer - INFO - STARTING PROFILING CONSUMER
2026-03-27 13:45:41,342 - ProfilingConsumer - INFO - ============================================================
2026-03-27 13:46:03,756 - shared.connections - ERROR - [staging] Connection failed (attempt 1/3): 2003 (HY000): Can't connect to MySQL server on 'localhost:3306' (111)
2026-03-27 13:46:30,766 - shared.connections - ERROR - [staging] Connection failed (attempt 2/3): 2003 (HY000): Can't connect to MySQL server on 'localhost:3306' (111)
2026-03-27 13:46:57,784 - shared.connections - ERROR - [staging] Connection failed (attempt 3/3): 2003 (HY000): Can't connect to MySQL server on 'localhost:3306' (111)
2026-03-27 13:46:57,785 - ProfilingConsumer - ERROR - Failed to set up connections.
2026-03-27 13:46:57,785 - ProfilingConsumer - ERROR - Setup failed. Exiting.
2026-03-27 13:46:58,518 - ProfilingConsumer - INFO - Architecture: Debezium → Kafka → This Consumer → profiling_analysis
2026-03-27 13:46:58,519 - ProfilingConsumer - INFO - Mode: Real-time streaming (replaces DB triggers)
2026-03-27 13:46:58,519 - ProfilingConsumer - INFO - ============================================================
2026-03-27 13:46:58,520 - ProfilingConsumer - INFO - STARTING PROFILING CONSUMER
2026-03-27 13:46:58,520 - ProfilingConsumer - INFO - ============================================================
2026-03-27 13:47:17,807 - shared.connections - ERROR - [staging] Connection failed (attempt 1/3): 2003 (HY000): Can't connect to MySQL server on 'localhost:3306' (111)
2026-03-27 13:47:44,815 - shared.connections - ERROR - [staging] Connection failed (attempt 2/3): 2003 (HY000): Can't connect to MySQL server on 'localhost:3306' (111)
2026-03-27 13:48:11,812 - shared.connections - ERROR - [staging] Connection failed (attempt 3/3): 2003 (HY000): Can't connect to MySQL server on 'localhost:3306' (111)
2026-03-27 13:48:11,813 - ProfilingConsumer - ERROR - Failed to set up connections.
2026-03-27 13:48:11,813 - ProfilingConsumer - ERROR - Setup failed. Exiting.
2026-03-27 13:48:12,486 - ProfilingConsumer - INFO - Architecture: Debezium → Kafka → This Consumer → profiling_analysis
2026-03-27 13:48:12,487 - ProfilingConsumer - INFO - Mode: Real-time streaming (replaces DB triggers)
2026-03-27 13:48:12,487 - ProfilingConsumer - INFO - ============================================================
2026-03-27 13:48:12,488 - ProfilingConsumer - INFO - STARTING PROFILING CONSUMER
2026-03-27 13:48:12,489 - ProfilingConsumer - INFO - ============================================================
2026-03-27 13:48:34,507 - shared.connections - ERROR - [staging] Connection failed (attempt 1/3): 2003 (HY000): Can't connect to MySQL server on 'localhost:3306' (111)
2026-03-27 13:49:01,511 - shared.connections - ERROR - [staging] Connection failed (attempt 2/3): 2003 (HY000): Can't connect to MySQL server on 'localhost:3306' (111)
2026-03-27 13:49:25,795 - shared.connections - ERROR - [staging] Connection failed (attempt 3/3): 2003 (HY000): Can't connect to MySQL server on 'localhost:3306' (111)
2026-03-27 13:49:25,796 - ProfilingConsumer - ERROR - Failed to set up connections.
2026-03-27 13:49:25,796 - ProfilingConsumer - ERROR - Setup failed. Exiting.
2026-03-27 13:49:26,467 - ProfilingConsumer - INFO - Architecture: Debezium → Kafka → This Consumer → profiling_analysis
2026-03-27 13:49:26,468 - ProfilingConsumer - INFO - Mode: Real-time streaming (replaces DB triggers)
2026-03-27 13:49:26,468 - ProfilingConsumer - INFO - ============================================================
2026-03-27 13:49:26,469 - ProfilingConsumer - INFO - STARTING PROFILING CONSUMER
2026-03-27 13:49:26,469 - ProfilingConsumer - INFO - ============================================================
2026-03-27 13:49:48,469 - shared.connections - ERROR - [staging] Connection failed (attempt 1/3): 2003 (HY000): Can't connect to MySQL server on 'localhost:3306' (111)
2026-03-27 13:50:15,477 - shared.connections - ERROR - [staging] Connection failed (attempt 2/3): 2003 (HY000): Can't connect to MySQL server on 'localhost:3306' (111)
2026-03-27 13:50:42,478 - shared.connections - ERROR - [staging] Connection failed (attempt 3/3): 2003 (HY000): Can't connect to MySQL server on 'localhost:3306' (111)
2026-03-27 13:50:42,479 - ProfilingConsumer - ERROR - Failed to set up connections.
2026-03-27 13:50:42,480 - ProfilingConsumer - ERROR - Setup failed. Exiting.
2026-03-27 13:50:43,168 - ProfilingConsumer - INFO - Architecture: Debezium → Kafka → This Consumer → profiling_analysis
2026-03-27 13:50:43,169 - ProfilingConsumer - INFO - Mode: Real-time streaming (replaces DB triggers)
2026-03-27 13:50:43,169 - ProfilingConsumer - INFO - ============================================================
2026-03-27 13:50:43,170 - ProfilingConsumer - INFO - STARTING PROFILING CONSUMER
2026-03-27 13:50:43,170 - ProfilingConsumer - INFO - ============================================================
2026-03-27 13:51:02,448 - shared.connections - ERROR - [staging] Connection failed (attempt 1/3): 2003 (HY000): Can't connect to MySQL server on 'localhost:3306' (111)
2026-03-27 13:51:29,488 - shared.connections - ERROR - [staging] Connection failed (attempt 2/3): 2003 (HY000): Can't connect to MySQL server on 'localhost:3306' (111)
2026-03-27 13:51:56,509 - shared.connections - ERROR - [staging] Connection failed (attempt 3/3): 2003 (HY000): Can't connect to MySQL server on 'localhost:3306' (111)
2026-03-27 13:51:56,510 - ProfilingConsumer - ERROR - Failed to set up connections.
2026-03-27 13:51:56,511 - ProfilingConsumer - ERROR - Setup failed. Exiting.
2026-03-27 13:51:57,249 - ProfilingConsumer - INFO - Architecture: Debezium → Kafka → This Consumer → profiling_analysis
2026-03-27 13:51:57,250 - ProfilingConsumer - INFO - Mode: Real-time streaming (replaces DB triggers)
2026-03-27 13:51:57,251 - ProfilingConsumer - INFO - ============================================================
2026-03-27 13:51:57,251 - ProfilingConsumer - INFO - STARTING PROFILING CONSUMER
2026-03-27 13:51:57,252 - ProfilingConsumer - INFO - ============================================================
2026-03-27 13:52:19,258 - shared.connections - ERROR - [staging] Connection failed (attempt 1/3): 2003 (HY000): Can't connect to MySQL server on 'localhost:3306' (111)
2026-03-27 13:52:43,536 - shared.connections - ERROR - [staging] Connection failed (attempt 2/3): 2003 (HY000): Can't connect to MySQL server on 'localhost:3306' (111)
2026-03-27 13:53:10,543 - shared.connections - ERROR - [staging] Connection failed (attempt 3/3): 2003 (HY000): Can't connect to MySQL server on 'localhost:3306' (111)
2026-03-27 13:53:10,544 - ProfilingConsumer - ERROR - Failed to set up connections.
2026-03-27 13:53:10,544 - ProfilingConsumer - ERROR - Setup failed. Exiting.
2026-03-27 13:53:11,181 - ProfilingConsumer - INFO - Architecture: Debezium → Kafka → This Consumer → profiling_analysis
2026-03-27 13:53:11,182 - ProfilingConsumer - INFO - Mode: Real-time streaming (replaces DB triggers)
2026-03-27 13:53:11,182 - ProfilingConsumer - INFO - ============================================================
2026-03-27 13:53:11,183 - ProfilingConsumer - INFO - STARTING PROFILING CONSUMER
2026-03-27 13:53:11,183 - ProfilingConsumer - INFO - ============================================================
2026-03-27 13:53:33,201 - shared.connections - ERROR - [staging] Connection failed (attempt 1/3): 2003 (HY000): Can't connect to MySQL server on 'localhost:3306' (111)
2026-03-27 13:54:00,197 - shared.connections - ERROR - [staging] Connection failed (attempt 2/3): 2003 (HY000): Can't connect to MySQL server on 'localhost:3306' (111)
2026-03-27 13:54:24,487 - shared.connections - ERROR - [staging] Connection failed (attempt 3/3): 2003 (HY000): Can't connect to MySQL server on 'localhost:3306' (111)
2026-03-27 13:54:24,488 - ProfilingConsumer - ERROR - Failed to set up connections.
2026-03-27 13:54:24,489 - ProfilingConsumer - ERROR - Setup failed. Exiting.
2026-03-27 13:54:25,158 - ProfilingConsumer - INFO - Architecture: Debezium → Kafka → This Consumer → profiling_analysis
2026-03-27 13:54:25,159 - ProfilingConsumer - INFO - Mode: Real-time streaming (replaces DB triggers)
2026-03-27 13:54:25,159 - ProfilingConsumer - INFO - ============================================================
2026-03-27 13:54:25,160 - ProfilingConsumer - INFO - STARTING PROFILING CONSUMER
2026-03-27 13:54:25,161 - ProfilingConsumer - INFO - ============================================================
2026-03-27 13:54:47,173 - shared.connections - ERROR - [staging] Connection failed (attempt 1/3): 2003 (HY000): Can't connect to MySQL server on 'localhost:3306' (111)
2026-03-27 13:55:14,205 - shared.connections - ERROR - [staging] Connection failed (attempt 2/3): 2003 (HY000): Can't connect to MySQL server on 'localhost:3306' (111)
2026-03-27 13:55:41,221 - shared.connections - ERROR - [staging] Connection failed (attempt 3/3): 2003 (HY000): Can't connect to MySQL server on 'localhost:3306' (111)
2026-03-27 13:55:41,222 - ProfilingConsumer - ERROR - Failed to set up connections.
2026-03-27 13:55:41,223 - ProfilingConsumer - ERROR - Setup failed. Exiting.
2026-03-27 13:55:41,888 - ProfilingConsumer - INFO - Architecture: Debezium → Kafka → This Consumer → profiling_analysis
2026-03-27 13:55:41,889 - ProfilingConsumer - INFO - Mode: Real-time streaming (replaces DB triggers)
2026-03-27 13:55:41,890 - ProfilingConsumer - INFO - ============================================================
2026-03-27 13:55:41,890 - ProfilingConsumer - INFO - STARTING PROFILING CONSUMER
2026-03-27 13:55:41,891 - ProfilingConsumer - INFO - ============================================================
2026-03-27 13:56:01,157 - shared.connections - ERROR - [staging] Connection failed (attempt 1/3): 2003 (HY000): Can't connect to MySQL server on 'localhost:3306' (111)
2026-03-27 13:56:28,161 - shared.connections - ERROR - [staging] Connection failed (attempt 2/3): 2003 (HY000): Can't connect to MySQL server on 'localhost:3306' (111)
2026-03-27 13:56:55,158 - shared.connections - ERROR - [staging] Connection failed (attempt 3/3): 2003 (HY000): Can't connect to MySQL server on 'localhost:3306' (111)
2026-03-27 13:56:55,158 - ProfilingConsumer - ERROR - Failed to set up connections.
2026-03-27 13:56:55,159 - ProfilingConsumer - ERROR - Setup failed. Exiting.
2026-03-27 13:56:55,919 - ProfilingConsumer - INFO - Architecture: Debezium → Kafka → This Consumer → profiling_analysis
2026-03-27 13:56:55,920 - ProfilingConsumer - INFO - Mode: Real-time streaming (replaces DB triggers)
2026-03-27 13:56:55,920 - ProfilingConsumer - INFO - ============================================================
2026-03-27 13:56:55,921 - ProfilingConsumer - INFO - STARTING PROFILING CONSUMER
2026-03-27 13:56:55,922 - ProfilingConsumer - INFO - ============================================================
2026-03-27 13:57:17,935 - shared.connections - ERROR - [staging] Connection failed (attempt 1/3): 2003 (HY000): Can't connect to MySQL server on 'localhost:3306' (111)
2026-03-27 13:57:44,966 - shared.connections - ERROR - [staging] Connection failed (attempt 2/3): 2003 (HY000): Can't connect to MySQL server on 'localhost:3306' (111)
2026-03-27 13:58:09,254 - shared.connections - ERROR - [staging] Connection failed (attempt 3/3): 2003 (HY000): Can't connect to MySQL server on 'localhost:3306' (111)
2026-03-27 13:58:09,255 - ProfilingConsumer - ERROR - Failed to set up connections.
2026-03-27 13:58:09,256 - ProfilingConsumer - ERROR - Setup failed. Exiting.
2026-03-27 13:58:09,964 - ProfilingConsumer - INFO - Architecture: Debezium → Kafka → This Consumer → profiling_analysis
2026-03-27 13:58:09,965 - ProfilingConsumer - INFO - Mode: Real-time streaming (replaces DB triggers)
2026-03-27 13:58:09,965 - ProfilingConsumer - INFO - ============================================================
2026-03-27 13:58:09,966 - ProfilingConsumer - INFO - STARTING PROFILING CONSUMER
2026-03-27 13:58:09,966 - ProfilingConsumer - INFO - ============================================================
2026-03-27 13:58:31,972 - shared.connections - ERROR - [staging] Connection failed (attempt 1/3): 2003 (HY000): Can't connect to MySQL server on 'localhost:3306' (111)
2026-03-27 13:58:58,994 - shared.connections - ERROR - [staging] Connection failed (attempt 2/3): 2003 (HY000): Can't connect to MySQL server on 'localhost:3306' (111)
2026-03-27 13:59:26,005 - shared.connections - ERROR - [staging] Connection failed (attempt 3/3): 2003 (HY000): Can't connect to MySQL server on 'localhost:3306' (111)
2026-03-27 13:59:26,005 - ProfilingConsumer - ERROR - Failed to set up connections.
2026-03-27 13:59:26,006 - ProfilingConsumer - ERROR - Setup failed. Exiting.
2026-03-27 13:59:26,642 - ProfilingConsumer - INFO - Architecture: Debezium → Kafka → This Consumer → profiling_analysis
2026-03-27 13:59:26,643 - ProfilingConsumer - INFO - Mode: Real-time streaming (replaces DB triggers)
2026-03-27 13:59:26,644 - ProfilingConsumer - INFO - ============================================================
2026-03-27 13:59:26,644 - ProfilingConsumer - INFO - STARTING PROFILING CONSUMER
2026-03-27 13:59:26,645 - ProfilingConsumer - INFO - ============================================================
2026-03-27 13:59:45,925 - shared.connections - ERROR - [staging] Connection failed (attempt 1/3): 2003 (HY000): Can't connect to MySQL server on 'localhost:3306' (111)
2026-03-27 14:00:12,942 - shared.connections - ERROR - [staging] Connection failed (attempt 2/3): 2003 (HY000): Can't connect to MySQL server on 'localhost:3306' (111)
2026-03-27 14:00:39,953 - shared.connections - ERROR - [staging] Connection failed (attempt 3/3): 2003 (HY000): Can't connect to MySQL server on 'localhost:3306' (111)
2026-03-27 14:00:39,954 - ProfilingConsumer - ERROR - Failed to set up connections.
2026-03-27 14:00:39,954 - ProfilingConsumer - ERROR - Setup failed. Exiting.
2026-03-27 14:00:40,670 - ProfilingConsumer - INFO - Architecture: Debezium → Kafka → This Consumer → profiling_analysis
2026-03-27 14:00:40,671 - ProfilingConsumer - INFO - Mode: Real-time streaming (replaces DB triggers)
2026-03-27 14:00:40,672 - ProfilingConsumer - INFO - ============================================================
2026-03-27 14:00:40,673 - ProfilingConsumer - INFO - STARTING PROFILING CONSUMER
2026-03-27 14:00:40,673 - ProfilingConsumer - INFO - ============================================================
2026-03-27 14:01:02,690 - shared.connections - ERROR - [staging] Connection failed (attempt 1/3): 2003 (HY000): Can't connect to MySQL server on 'localhost:3306' (111)
2026-03-27 14:01:26,957 - shared.connections - ERROR - [staging] Connection failed (attempt 2/3): 2003 (HY000): Can't connect to MySQL server on 'localhost:3306' (111)
2026-03-27 14:01:53,974 - shared.connections - ERROR - [staging] Connection failed (attempt 3/3): 2003 (HY000): Can't connect to MySQL server on 'localhost:3306' (111)
2026-03-27 14:01:53,975 - ProfilingConsumer - ERROR - Failed to set up connections.
2026-03-27 14:01:53,976 - ProfilingConsumer - ERROR - Setup failed. Exiting.
2026-03-27 14:01:54,696 - ProfilingConsumer - INFO - Architecture: Debezium → Kafka → This Consumer → profiling_analysis
2026-03-27 14:01:54,697 - ProfilingConsumer - INFO - Mode: Real-time streaming (replaces DB triggers)
2026-03-27 14:01:54,698 - ProfilingConsumer - INFO - ============================================================
2026-03-27 14:01:54,699 - ProfilingConsumer - INFO - STARTING PROFILING CONSUMER
2026-03-27 14:01:54,699 - ProfilingConsumer - INFO - ============================================================
2026-03-27 14:02:16,697 - shared.connections - ERROR - [staging] Connection failed (attempt 1/3): 2003 (HY000): Can't connect to MySQL server on 'localhost:3306' (111)
2026-03-27 14:02:43,710 - shared.connections - ERROR - [staging] Connection failed (attempt 2/3): 2003 (HY000): Can't connect to MySQL server on 'localhost:3306' (111)
2026-03-27 14:03:08,003 - shared.connections - ERROR - [staging] Connection failed (attempt 3/3): 2003 (HY000): Can't connect to MySQL server on 'localhost:3306' (111)
2026-03-27 14:03:08,004 - ProfilingConsumer - ERROR - Failed to set up connections.
2026-03-27 14:03:08,004 - ProfilingConsumer - ERROR - Setup failed. Exiting.
2026-03-27 14:03:08,682 - ProfilingConsumer - INFO - Architecture: Debezium → Kafka → This Consumer → profiling_analysis
2026-03-27 14:03:08,682 - ProfilingConsumer - INFO - Mode: Real-time streaming (replaces DB triggers)
2026-03-27 14:03:08,683 - ProfilingConsumer - INFO - ============================================================
2026-03-27 14:03:08,683 - ProfilingConsumer - INFO - STARTING PROFILING CONSUMER
2026-03-27 14:03:08,684 - ProfilingConsumer - INFO - ============================================================
2026-03-27 14:03:30,715 - shared.connections - ERROR - [staging] Connection failed (attempt 1/3): 2003 (HY000): Can't connect to MySQL server on 'localhost:3306' (111)
2026-03-27 14:03:57,733 - shared.connections - ERROR - [staging] Connection failed (attempt 2/3): 2003 (HY000): Can't connect to MySQL server on 'localhost:3306' (111)
2026-03-27 14:04:24,735 - shared.connections - ERROR - [staging] Connection failed (attempt 3/3): 2003 (HY000): Can't connect to MySQL server on 'localhost:3306' (111)
2026-03-27 14:04:24,736 - ProfilingConsumer - ERROR - Failed to set up connections.
2026-03-27 14:04:24,736 - ProfilingConsumer - ERROR - Setup failed. Exiting.
2026-03-27 14:04:25,453 - ProfilingConsumer - INFO - Architecture: Debezium → Kafka → This Consumer → profiling_analysis
2026-03-27 14:04:25,453 - ProfilingConsumer - INFO - Mode: Real-time streaming (replaces DB triggers)
2026-03-27 14:04:25,454 - ProfilingConsumer - INFO - ============================================================
2026-03-27 14:04:25,454 - ProfilingConsumer - INFO - STARTING PROFILING CONSUMER
2026-03-27 14:04:25,455 - ProfilingConsumer - INFO - ============================================================
2026-03-27 14:04:44,746 - shared.connections - ERROR - [staging] Connection failed (attempt 1/3): 2003 (HY000): Can't connect to MySQL server on 'localhost:3306' (111)
2026-03-27 14:05:11,775 - shared.connections - ERROR - [staging] Connection failed (attempt 2/3): 2003 (HY000): Can't connect to MySQL server on 'localhost:3306' (111)
2026-03-27 14:05:38,776 - shared.connections - ERROR - [staging] Connection failed (attempt 3/3): 2003 (HY000): Can't connect to MySQL server on 'localhost:3306' (111)
2026-03-27 14:05:38,777 - ProfilingConsumer - ERROR - Failed to set up connections.
2026-03-27 14:05:38,777 - ProfilingConsumer - ERROR - Setup failed. Exiting.
2026-03-27 14:05:39,450 - ProfilingConsumer - INFO - Architecture: Debezium → Kafka → This Consumer → profiling_analysis
2026-03-27 14:05:39,451 - ProfilingConsumer - INFO - Mode: Real-time streaming (replaces DB triggers)
2026-03-27 14:05:39,452 - ProfilingConsumer - INFO - ============================================================
2026-03-27 14:05:39,452 - ProfilingConsumer - INFO - STARTING PROFILING CONSUMER
2026-03-27 14:05:39,453 - ProfilingConsumer - INFO - ============================================================
2026-03-27 14:06:01,482 - shared.connections - ERROR - [staging] Connection failed (attempt 1/3): 2003 (HY000): Can't connect to MySQL server on 'localhost:3306' (111)
2026-03-27 14:06:28,486 - shared.connections - ERROR - [staging] Connection failed (attempt 2/3): 2003 (HY000): Can't connect to MySQL server on 'localhost:3306' (111)
2026-03-27 14:06:52,777 - shared.connections - ERROR - [staging] Connection failed (attempt 3/3): 2003 (HY000): Can't connect to MySQL server on 'localhost:3306' (111)
2026-03-27 14:06:52,778 - ProfilingConsumer - ERROR - Failed to set up connections.
2026-03-27 14:06:52,778 - ProfilingConsumer - ERROR - Setup failed. Exiting.
2026-03-27 14:06:53,504 - ProfilingConsumer - INFO - Architecture: Debezium → Kafka → This Consumer → profiling_analysis
2026-03-27 14:06:53,505 - ProfilingConsumer - INFO - Mode: Real-time streaming (replaces DB triggers)
2026-03-27 14:06:53,505 - ProfilingConsumer - INFO - ============================================================
2026-03-27 14:06:53,506 - ProfilingConsumer - INFO - STARTING PROFILING CONSUMER
2026-03-27 14:06:53,506 - ProfilingConsumer - INFO - ============================================================
2026-03-27 14:07:15,518 - shared.connections - ERROR - [staging] Connection failed (attempt 1/3): 2003 (HY000): Can't connect to MySQL server on 'localhost:3306' (111)
2026-03-27 14:07:42,554 - shared.connections - ERROR - [staging] Connection failed (attempt 2/3): 2003 (HY000): Can't connect to MySQL server on 'localhost:3306' (111)
2026-03-27 14:08:09,580 - shared.connections - ERROR - [staging] Connection failed (attempt 3/3): 2003 (HY000): Can't connect to MySQL server on 'localhost:3306' (111)
2026-03-27 14:08:09,581 - ProfilingConsumer - ERROR - Failed to set up connections.
2026-03-27 14:08:09,582 - ProfilingConsumer - ERROR - Setup failed. Exiting.
2026-03-27 14:08:10,329 - ProfilingConsumer - INFO - Architecture: Debezium → Kafka → This Consumer → profiling_analysis
2026-03-27 14:08:10,330 - ProfilingConsumer - INFO - Mode: Real-time streaming (replaces DB triggers)
2026-03-27 14:08:10,330 - ProfilingConsumer - INFO - ============================================================
2026-03-27 14:08:10,331 - ProfilingConsumer - INFO - STARTING PROFILING CONSUMER
2026-03-27 14:08:10,331 - ProfilingConsumer - INFO - ============================================================
2026-03-27 14:08:29,632 - shared.connections - ERROR - [staging] Connection failed (attempt 1/3): 2003 (HY000): Can't connect to MySQL server on 'localhost:3306' (111)
2026-03-27 14:08:56,631 - shared.connections - ERROR - [staging] Connection failed (attempt 2/3): 2003 (HY000): Can't connect to MySQL server on 'localhost:3306' (111)
2026-03-27 14:09:23,632 - shared.connections - ERROR - [staging] Connection failed (attempt 3/3): 2003 (HY000): Can't connect to MySQL server on 'localhost:3306' (111)
2026-03-27 14:09:23,633 - ProfilingConsumer - ERROR - Failed to set up connections.
2026-03-27 14:09:23,633 - ProfilingConsumer - ERROR - Setup failed. Exiting.
2026-03-27 14:09:24,597 - ProfilingConsumer - INFO - Architecture: Debezium → Kafka → This Consumer → profiling_analysis
2026-03-27 14:09:24,597 - ProfilingConsumer - INFO - Mode: Real-time streaming (replaces DB triggers)
2026-03-27 14:09:24,598 - ProfilingConsumer - INFO - ============================================================
2026-03-27 14:09:24,598 - ProfilingConsumer - INFO - STARTING PROFILING CONSUMER
2026-03-27 14:09:24,599 - ProfilingConsumer - INFO - ============================================================
2026-03-27 14:09:46,614 - shared.connections - ERROR - [staging] Connection failed (attempt 1/3): 2003 (HY000): Can't connect to MySQL server on 'localhost:3306' (111)
2026-03-27 14:10:10,914 - shared.connections - ERROR - [staging] Connection failed (attempt 2/3): 2003 (HY000): Can't connect to MySQL server on 'localhost:3306' (111)
2026-03-27 14:10:37,917 - shared.connections - ERROR - [staging] Connection failed (attempt 3/3): 2003 (HY000): Can't connect to MySQL server on 'localhost:3306' (111)
2026-03-27 14:10:37,918 - ProfilingConsumer - ERROR - Failed to set up connections.
2026-03-27 14:10:37,919 - ProfilingConsumer - ERROR - Setup failed. Exiting.
2026-03-27 14:10:38,888 - ProfilingConsumer - INFO - Architecture: Debezium → Kafka → This Consumer → profiling_analysis
2026-03-27 14:10:38,889 - ProfilingConsumer - INFO - Mode: Real-time streaming (replaces DB triggers)
2026-03-27 14:10:38,890 - ProfilingConsumer - INFO - ============================================================
2026-03-27 14:10:38,890 - ProfilingConsumer - INFO - STARTING PROFILING CONSUMER
2026-03-27 14:10:38,891 - ProfilingConsumer - INFO - ============================================================
2026-03-27 14:11:00,898 - shared.connections - ERROR - [staging] Connection failed (attempt 1/3): 2003 (HY000): Can't connect to MySQL server on 'localhost:3306' (111)
2026-03-27 14:11:27,909 - shared.connections - ERROR - [staging] Connection failed (attempt 2/3): 2003 (HY000): Can't connect to MySQL server on 'localhost:3306' (111)
2026-03-27 14:11:52,196 - shared.connections - ERROR - [staging] Connection failed (attempt 3/3): 2003 (HY000): Can't connect to MySQL server on 'localhost:3306' (111)
2026-03-27 14:11:52,197 - ProfilingConsumer - ERROR - Failed to set up connections.
2026-03-27 14:11:52,197 - ProfilingConsumer - ERROR - Setup failed. Exiting.
2026-03-27 14:11:55,736 - ProfilingConsumer - INFO - Architecture: Debezium → Kafka → This Consumer → profiling_analysis
2026-03-27 14:11:55,736 - ProfilingConsumer - INFO - Mode: Real-time streaming (replaces DB triggers)
2026-03-27 14:11:55,737 - ProfilingConsumer - INFO - ============================================================
2026-03-27 14:11:55,737 - ProfilingConsumer - INFO - STARTING PROFILING CONSUMER
2026-03-27 14:11:55,738 - ProfilingConsumer - INFO - ============================================================
2026-03-27 14:12:15,027 - shared.connections - ERROR - [staging] Connection failed (attempt 1/3): 2003 (HY000): Can't connect to MySQL server on 'localhost:3306' (111)
2026-03-27 14:12:42,046 - shared.connections - ERROR - [staging] Connection failed (attempt 2/3): 2003 (HY000): Can't connect to MySQL server on 'localhost:3306' (111)
2026-03-27 14:13:09,052 - shared.connections - ERROR - [staging] Connection failed (attempt 3/3): 2003 (HY000): Can't connect to MySQL server on 'localhost:3306' (111)
2026-03-27 14:13:09,053 - ProfilingConsumer - ERROR - Failed to set up connections.
2026-03-27 14:13:09,053 - ProfilingConsumer - ERROR - Setup failed. Exiting.
2026-03-27 14:13:09,858 - ProfilingConsumer - INFO - Architecture: Debezium → Kafka → This Consumer → profiling_analysis
2026-03-27 14:13:09,858 - ProfilingConsumer - INFO - Mode: Real-time streaming (replaces DB triggers)
2026-03-27 14:13:09,859 - ProfilingConsumer - INFO - ============================================================
2026-03-27 14:13:09,859 - ProfilingConsumer - INFO - STARTING PROFILING CONSUMER
2026-03-27 14:13:09,860 - ProfilingConsumer - INFO - ============================================================
2026-03-27 14:13:29,150 - shared.connections - ERROR - [staging] Connection failed (attempt 1/3): 2003 (HY000): Can't connect to MySQL server on 'localhost:3306' (111)
2026-03-27 14:13:56,144 - shared.connections - ERROR - [staging] Connection failed (attempt 2/3): 2003 (HY000): Can't connect to MySQL server on 'localhost:3306' (111)
2026-03-27 14:14:23,154 - shared.connections - ERROR - [staging] Connection failed (attempt 3/3): 2003 (HY000): Can't connect to MySQL server on 'localhost:3306' (111)
2026-03-27 14:14:23,155 - ProfilingConsumer - ERROR - Failed to set up connections.
2026-03-27 14:14:23,157 - ProfilingConsumer - ERROR - Setup failed. Exiting.
2026-03-27 14:14:24,267 - ProfilingConsumer - INFO - Architecture: Debezium → Kafka → This Consumer → profiling_analysis
2026-03-27 14:14:24,267 - ProfilingConsumer - INFO - Mode: Real-time streaming (replaces DB triggers)
2026-03-27 14:14:24,268 - ProfilingConsumer - INFO - ============================================================
2026-03-27 14:14:24,269 - ProfilingConsumer - INFO - STARTING PROFILING CONSUMER
2026-03-27 14:14:24,270 - ProfilingConsumer - INFO - ============================================================
2026-03-27 14:14:46,276 - shared.connections - ERROR - [staging] Connection failed (attempt 1/3): 2003 (HY000): Can't connect to MySQL server on 'localhost:3306' (111)
2026-03-27 14:15:13,281 - shared.connections - ERROR - [staging] Connection failed (attempt 2/3): 2003 (HY000): Can't connect to MySQL server on 'localhost:3306' (111)
2026-03-27 14:15:37,559 - shared.connections - ERROR - [staging] Connection failed (attempt 3/3): 2003 (HY000): Can't connect to MySQL server on 'localhost:3306' (111)
2026-03-27 14:15:37,560 - ProfilingConsumer - ERROR - Failed to set up connections.
2026-03-27 14:15:37,561 - ProfilingConsumer - ERROR - Setup failed. Exiting.
2026-03-27 14:15:38,419 - ProfilingConsumer - INFO - Architecture: Debezium → Kafka → This Consumer → profiling_analysis
2026-03-27 14:15:38,420 - ProfilingConsumer - INFO - Mode: Real-time streaming (replaces DB triggers)
2026-03-27 14:15:38,420 - ProfilingConsumer - INFO - ============================================================
2026-03-27 14:15:38,421 - ProfilingConsumer - INFO - STARTING PROFILING CONSUMER
2026-03-27 14:15:38,422 - ProfilingConsumer - INFO - ============================================================
2026-03-27 14:16:00,433 - shared.connections - ERROR - [staging] Connection failed (attempt 1/3): 2003 (HY000): Can't connect to MySQL server on 'localhost:3306' (111)
2026-03-27 14:16:27,442 - shared.connections - ERROR - [staging] Connection failed (attempt 2/3): 2003 (HY000): Can't connect to MySQL server on 'localhost:3306' (111)
2026-03-27 14:16:54,464 - shared.connections - ERROR - [staging] Connection failed (attempt 3/3): 2003 (HY000): Can't connect to MySQL server on 'localhost:3306' (111)
2026-03-27 14:16:54,466 - ProfilingConsumer - ERROR - Failed to set up connections.
2026-03-27 14:16:54,467 - ProfilingConsumer - ERROR - Setup failed. Exiting.
2026-03-27 14:16:55,686 - ProfilingConsumer - INFO - Architecture: Debezium → Kafka → This Consumer → profiling_analysis
2026-03-27 14:16:55,687 - ProfilingConsumer - INFO - Mode: Real-time streaming (replaces DB triggers)
2026-03-27 14:16:55,688 - ProfilingConsumer - INFO - ============================================================
2026-03-27 14:16:55,689 - ProfilingConsumer - INFO - STARTING PROFILING CONSUMER
2026-03-27 14:16:55,691 - ProfilingConsumer - INFO - ============================================================
2026-03-27 14:17:14,966 - shared.connections - ERROR - [staging] Connection failed (attempt 1/3): 2003 (HY000): Can't connect to MySQL server on 'localhost:3306' (111)
2026-03-27 14:17:41,961 - shared.connections - ERROR - [staging] Connection failed (attempt 2/3): 2003 (HY000): Can't connect to MySQL server on 'localhost:3306' (111)
2026-03-27 14:18:08,979 - shared.connections - ERROR - [staging] Connection failed (attempt 3/3): 2003 (HY000): Can't connect to MySQL server on 'localhost:3306' (111)
2026-03-27 14:18:08,981 - ProfilingConsumer - ERROR - Failed to set up connections.
2026-03-27 14:18:08,981 - ProfilingConsumer - ERROR - Setup failed. Exiting.
2026-03-27 14:18:10,072 - ProfilingConsumer - INFO - Architecture: Debezium → Kafka → This Consumer → profiling_analysis
2026-03-27 14:18:10,073 - ProfilingConsumer - INFO - Mode: Real-time streaming (replaces DB triggers)
2026-03-27 14:18:10,074 - ProfilingConsumer - INFO - ============================================================
2026-03-27 14:18:10,075 - ProfilingConsumer - INFO - STARTING PROFILING CONSUMER
2026-03-27 14:18:10,075 - ProfilingConsumer - INFO - ============================================================
2026-03-27 14:18:32,086 - shared.connections - ERROR - [staging] Connection failed (attempt 1/3): 2003 (HY000): Can't connect to MySQL server on 'localhost:3306' (111)
2026-03-27 14:18:56,354 - shared.connections - ERROR - [staging] Connection failed (attempt 2/3): 2003 (HY000): Can't connect to MySQL server on 'localhost:3306' (111)
2026-03-28 12:18:13,249 - ProfilingConsumer - INFO - Architecture: Debezium → Kafka → This Consumer → profiling_analysis
2026-03-28 12:18:13,250 - ProfilingConsumer - INFO - Mode: Real-time streaming (replaces DB triggers)
2026-03-28 12:18:13,251 - ProfilingConsumer - INFO - ============================================================
2026-03-28 12:18:13,251 - ProfilingConsumer - INFO - STARTING PROFILING CONSUMER
2026-03-28 12:18:13,252 - ProfilingConsumer - INFO - ============================================================
2026-03-28 18:37:14,424 - ProfilingConsumer - INFO - Architecture: Debezium → Kafka → This Consumer → profiling_analysis
2026-03-28 18:37:14,427 - ProfilingConsumer - INFO - Mode: Real-time streaming (replaces DB triggers)
2026-03-28 18:37:14,429 - ProfilingConsumer - INFO - ============================================================
2026-03-28 18:37:14,430 - ProfilingConsumer - INFO - STARTING PROFILING CONSUMER
2026-03-28 18:37:14,433 - ProfilingConsumer - INFO - ============================================================
2026-03-28 18:37:35,516 - shared.connections - ERROR - [staging] Connection failed (attempt 1/3): 2003 (HY000): Can't connect to MySQL server on 'localhost:3306' (111)
2026-03-28 18:38:01,580 - shared.connections - ERROR - [staging] Connection failed (attempt 2/3): 2003 (HY000): Can't connect to MySQL server on 'localhost:3306' (111)
2026-03-28 18:38:27,615 - shared.connections - ERROR - [staging] Connection failed (attempt 3/3): 2003 (HY000): Can't connect to MySQL server on 'localhost:3306' (111)
2026-03-28 18:38:27,616 - ProfilingConsumer - ERROR - Failed to set up connections.
2026-03-28 18:38:27,617 - ProfilingConsumer - ERROR - Setup failed. Exiting.
2026-03-30 10:53:23,517 - ProfilingConsumer - INFO - Architecture: Debezium → Kafka → This Consumer → profiling_analysis
2026-03-30 10:53:23,518 - ProfilingConsumer - INFO - Mode: Real-time streaming (replaces DB triggers)
2026-03-30 10:53:23,523 - ProfilingConsumer - INFO - ============================================================
2026-03-30 10:53:23,526 - ProfilingConsumer - INFO - STARTING PROFILING CONSUMER
2026-03-30 10:53:23,535 - ProfilingConsumer - INFO - ============================================================
2026-03-30 10:53:44,613 - shared.connections - ERROR - [staging] Connection failed (attempt 1/3): 2003 (HY000): Can't connect to MySQL server on 'localhost:3306' (111)
2026-03-30 10:54:10,703 - shared.connections - ERROR - [staging] Connection failed (attempt 2/3): 2003 (HY000): Can't connect to MySQL server on 'localhost:3306' (111)
2026-03-30 10:54:36,741 - shared.connections - ERROR - [staging] Connection failed (attempt 3/3): 2003 (HY000): Can't connect to MySQL server on 'localhost:3306' (111)
2026-03-30 10:54:36,744 - ProfilingConsumer - ERROR - Failed to set up connections.
2026-03-30 10:54:36,746 - ProfilingConsumer - ERROR - Setup failed. Exiting.
2026-03-30 10:54:38,636 - ProfilingConsumer - INFO - Architecture: Debezium → Kafka → This Consumer → profiling_analysis
2026-03-30 10:54:38,637 - ProfilingConsumer - INFO - Mode: Real-time streaming (replaces DB triggers)
2026-03-30 10:54:38,638 - ProfilingConsumer - INFO - ============================================================
2026-03-30 10:54:38,639 - ProfilingConsumer - INFO - STARTING PROFILING CONSUMER
2026-03-30 10:54:38,640 - ProfilingConsumer - INFO - ============================================================
2026-03-30 10:54:59,701 - shared.connections - ERROR - [staging] Connection failed (attempt 1/3): 2003 (HY000): Can't connect to MySQL server on 'localhost:3306' (111)
2026-03-30 10:55:25,762 - shared.connections - ERROR - [staging] Connection failed (attempt 2/3): 2003 (HY000): Can't connect to MySQL server on 'localhost:3306' (111)
2026-03-30 10:55:51,801 - shared.connections - ERROR - [staging] Connection failed (attempt 3/3): 2003 (HY000): Can't connect to MySQL server on 'localhost:3306' (111)
2026-03-30 10:55:51,803 - ProfilingConsumer - ERROR - Failed to set up connections.
2026-03-30 10:55:51,804 - ProfilingConsumer - ERROR - Setup failed. Exiting.
2026-03-30 10:55:53,188 - ProfilingConsumer - INFO - Architecture: Debezium → Kafka → This Consumer → profiling_analysis
2026-03-30 10:55:53,190 - ProfilingConsumer - INFO - Mode: Real-time streaming (replaces DB triggers)
2026-03-30 10:55:53,191 - ProfilingConsumer - INFO - ============================================================
2026-03-30 10:55:53,192 - ProfilingConsumer - INFO - STARTING PROFILING CONSUMER
2026-03-30 10:55:53,193 - ProfilingConsumer - INFO - ============================================================
2026-03-31 04:46:57,067 - ProfilingConsumer - INFO - Architecture: Debezium → Kafka → This Consumer → profiling_analysis
2026-03-31 04:46:57,074 - ProfilingConsumer - INFO - Mode: Real-time streaming (replaces DB triggers)
2026-03-31 04:46:57,080 - ProfilingConsumer - INFO - ============================================================
2026-03-31 04:46:57,082 - ProfilingConsumer - INFO - STARTING PROFILING CONSUMER
2026-03-31 04:46:57,091 - ProfilingConsumer - INFO - ============================================================
2026-03-31 08:15:08,048 - ProfilingConsumer - INFO - Architecture: Debezium → Kafka → This Consumer → profiling_analysis
2026-03-31 08:15:08,056 - ProfilingConsumer - INFO - Mode: Real-time streaming (replaces DB triggers)
2026-03-31 08:15:08,062 - ProfilingConsumer - INFO - ============================================================
2026-03-31 08:15:08,064 - ProfilingConsumer - INFO - STARTING PROFILING CONSUMER
2026-03-31 08:15:08,068 - ProfilingConsumer - INFO - ============================================================
2026-03-31 08:15:08,712 - shared.connections - INFO - [staging] Connected to MySQL: insuranceWarehouse
2026-03-31 08:15:08,781 - shared.connections - INFO - [reporting] Connected to MySQL: insuranceReporting
2026-03-31 08:15:08,839 - shared.connections - ERROR - Attempt 1/10 - Kafka connection failed: NoBrokersAvailable
2026-03-31 08:15:13,898 - shared.connections - ERROR - Attempt 2/10 - Kafka connection failed: NoBrokersAvailable
2026-03-31 08:15:18,959 - shared.connections - ERROR - Attempt 3/10 - Kafka connection failed: NoBrokersAvailable
2026-03-31 08:15:24,016 - shared.connections - ERROR - Attempt 4/10 - Kafka connection failed: NoBrokersAvailable
2026-03-31 08:15:29,070 - shared.connections - ERROR - Attempt 5/10 - Kafka connection failed: NoBrokersAvailable
2026-03-31 08:15:38,075 - shared.connections - ERROR - Attempt 6/10 - Kafka connection failed: NoBrokersAvailable
2026-03-31 08:15:43,128 - shared.connections - ERROR - Attempt 7/10 - Kafka connection failed: NoBrokersAvailable
2026-03-31 08:15:48,240 - shared.connections - INFO - Kafka consumer created. Subscribed to 9 topics:
2026-03-31 08:15:48,241 - shared.connections - INFO -   - staging.insuranceWarehouse.stgClaim
2026-03-31 08:15:48,242 - shared.connections - INFO -   - staging.insuranceWarehouse.stgContract
2026-03-31 08:15:48,243 - shared.connections - INFO -   - staging.insuranceWarehouse.stgContractObject
2026-03-31 08:15:48,244 - shared.connections - INFO -   - staging.insuranceWarehouse.stgContractObjectVehicle
2026-03-31 08:15:48,244 - shared.connections - INFO -   - staging.insuranceWarehouse.stgContractObjectMoto
2026-03-31 08:15:48,245 - shared.connections - INFO -   - staging.insuranceWarehouse.stgContractObjectTravel
2026-03-31 08:15:48,246 - shared.connections - INFO -   - staging.insuranceWarehouse.stgContractObjectSocialInsurance
2026-03-31 08:15:48,247 - shared.connections - INFO -   - staging.insuranceWarehouse.stgContractObjectMedicalInsurance
2026-03-31 08:15:48,248 - shared.connections - INFO -   - staging.insuranceWarehouse.stgContractObjectHouse
2026-03-31 08:15:48,250 - ProfilingConsumer - INFO - Profiling Consumer started. Waiting for messages...
2026-04-01 13:12:41,409 - ProfilingConsumer - INFO - Received SIGTERM — initiating graceful shutdown...
2026-04-01 13:12:41,563 - ProfilingConsumer - INFO - Cleaning up resources...
2026-04-01 13:12:41,565 - ProfilingConsumer - INFO - ============================================================
2026-04-01 13:12:41,566 - ProfilingConsumer - INFO - PROFILING CONSUMER STATISTICS
2026-04-01 13:12:41,567 - ProfilingConsumer - INFO - ============================================================
2026-04-01 13:12:41,568 - ProfilingConsumer - INFO - Running time: 104213s
2026-04-01 13:12:41,573 - ProfilingConsumer - INFO - Messages processed: 0
2026-04-01 13:12:41,574 - ProfilingConsumer - INFO - Errors: 0
2026-04-01 13:12:41,579 - ProfilingConsumer - INFO - Claim events: 0
2026-04-01 13:12:41,582 - ProfilingConsumer - INFO - Contract events: 0
2026-04-01 13:12:41,584 - ProfilingConsumer - INFO - Contract Object events: 0
2026-04-01 13:12:41,594 - ProfilingConsumer - INFO - Inserts: 0
2026-04-01 13:12:41,595 - ProfilingConsumer - INFO - Updates: 0
2026-04-01 13:12:41,598 - ProfilingConsumer - INFO - Deletes: 0
2026-04-01 13:12:41,599 - ProfilingConsumer - INFO - Skipped: 0
2026-04-01 13:12:41,601 - ProfilingConsumer - INFO - ============================================================
2026-04-01 13:12:41,612 - ProfilingConsumer - INFO - Kafka consumer closed
2026-04-01 13:12:41,622 - ProfilingConsumer - INFO - Profiling Consumer stopped
2026-04-01 13:21:51,807 - ProfilingConsumer - INFO - Architecture: Debezium → Kafka → This Consumer → profiling_analysis
2026-04-01 13:21:51,808 - ProfilingConsumer - INFO - Mode: Real-time streaming (replaces DB triggers)
2026-04-01 13:21:51,809 - ProfilingConsumer - INFO - ============================================================
2026-04-01 13:21:51,810 - ProfilingConsumer - INFO - STARTING PROFILING CONSUMER
2026-04-01 13:21:51,811 - ProfilingConsumer - INFO - ============================================================
2026-04-01 13:21:52,070 - shared.connections - INFO - [staging] Connected to MySQL: insuranceWarehouse
2026-04-01 13:21:52,889 - shared.connections - INFO - [reporting] Connected to MySQL: insuranceReporting
2026-04-01 13:21:52,996 - shared.connections - INFO - Kafka consumer created. Subscribed to 9 topics:
2026-04-01 13:21:52,997 - shared.connections - INFO -   - staging.insuranceWarehouse.stgClaim
2026-04-01 13:21:52,998 - shared.connections - INFO -   - staging.insuranceWarehouse.stgContract
2026-04-01 13:21:52,999 - shared.connections - INFO -   - staging.insuranceWarehouse.stgContractObject
2026-04-01 13:21:53,000 - shared.connections - INFO -   - staging.insuranceWarehouse.stgContractObjectVehicle
2026-04-01 13:21:53,001 - shared.connections - INFO -   - staging.insuranceWarehouse.stgContractObjectMoto
2026-04-01 13:21:53,001 - shared.connections - INFO -   - staging.insuranceWarehouse.stgContractObjectTravel
2026-04-01 13:21:53,002 - shared.connections - INFO -   - staging.insuranceWarehouse.stgContractObjectSocialInsurance
2026-04-01 13:21:53,003 - shared.connections - INFO -   - staging.insuranceWarehouse.stgContractObjectMedicalInsurance
2026-04-01 13:21:53,004 - shared.connections - INFO -   - staging.insuranceWarehouse.stgContractObjectHouse
2026-04-01 13:21:53,004 - ProfilingConsumer - INFO - Profiling Consumer started. Waiting for messages...
2026-04-01 13:22:30,187 - shared.connections - WARNING - [staging] Connection lost, reconnecting...
2026-04-01 13:24:01,395 - ProfilingConsumer - INFO - Received SIGTERM — initiating graceful shutdown...
2026-04-01 13:24:01,723 - ProfilingConsumer - INFO - Cleaning up resources...
2026-04-01 13:24:01,724 - ProfilingConsumer - INFO - ============================================================
2026-04-01 13:24:01,725 - ProfilingConsumer - INFO - PROFILING CONSUMER STATISTICS
2026-04-01 13:24:01,726 - ProfilingConsumer - INFO - ============================================================
2026-04-01 13:24:01,727 - ProfilingConsumer - INFO - Running time: 129s
2026-04-01 13:24:01,728 - ProfilingConsumer - INFO - Messages processed: 115
2026-04-01 13:24:01,729 - ProfilingConsumer - INFO - Errors: 0
2026-04-01 13:24:01,729 - ProfilingConsumer - INFO - Claim events: 0
2026-04-01 13:24:01,730 - ProfilingConsumer - INFO - Contract events: 80
2026-04-01 13:24:01,731 - ProfilingConsumer - INFO - Contract Object events: 35
2026-04-01 13:24:01,732 - ProfilingConsumer - INFO - Inserts: 0
2026-04-01 13:24:01,733 - ProfilingConsumer - INFO - Updates: 0
2026-04-01 13:24:01,734 - ProfilingConsumer - INFO - Deletes: 0
2026-04-01 13:24:01,735 - ProfilingConsumer - INFO - Skipped: 0
2026-04-01 13:24:01,736 - ProfilingConsumer - INFO - ============================================================
2026-04-01 13:24:01,745 - ProfilingConsumer - INFO - Kafka consumer closed
2026-04-01 13:24:01,755 - shared.connections - INFO - [staging] MySQL connection closed
2026-04-01 13:24:01,757 - ProfilingConsumer - INFO - Profiling Consumer stopped
2026-04-01 13:24:24,627 - ProfilingConsumer - INFO - Architecture: Debezium → Kafka → This Consumer → profiling_analysis
2026-04-01 13:24:24,632 - ProfilingConsumer - INFO - Mode: Real-time streaming (replaces DB triggers)
2026-04-01 13:24:24,633 - ProfilingConsumer - INFO - ============================================================
2026-04-01 13:24:24,634 - ProfilingConsumer - INFO - STARTING PROFILING CONSUMER
2026-04-01 13:24:24,636 - ProfilingConsumer - INFO - ============================================================
2026-04-01 13:24:25,159 - shared.connections - INFO - [staging] Connected to MySQL: insuranceWarehouse
2026-04-01 13:24:25,366 - shared.connections - INFO - [reporting] Connected to MySQL: insuranceReporting
2026-04-01 13:24:37,377 - shared.connections - ERROR - Attempt 1/10 - Kafka connection failed: NoBrokersAvailable
2026-04-01 13:24:42,430 - shared.connections - ERROR - Attempt 2/10 - Kafka connection failed: NoBrokersAvailable
2026-04-01 13:24:47,507 - shared.connections - ERROR - Attempt 3/10 - Kafka connection failed: NoBrokersAvailable
2026-04-01 13:24:52,560 - shared.connections - ERROR - Attempt 4/10 - Kafka connection failed: NoBrokersAvailable
2026-04-01 13:24:57,612 - shared.connections - ERROR - Attempt 5/10 - Kafka connection failed: NoBrokersAvailable
2026-04-01 13:25:02,665 - shared.connections - ERROR - Attempt 6/10 - Kafka connection failed: NoBrokersAvailable
2026-04-01 13:25:07,787 - shared.connections - INFO - Kafka consumer created. Subscribed to 9 topics:
2026-04-01 13:25:07,791 - shared.connections - INFO -   - staging.insuranceWarehouse.stgClaim
2026-04-01 13:25:07,793 - shared.connections - INFO -   - staging.insuranceWarehouse.stgContract
2026-04-01 13:25:07,799 - shared.connections - INFO -   - staging.insuranceWarehouse.stgContractObject
2026-04-01 13:25:07,801 - shared.connections - INFO -   - staging.insuranceWarehouse.stgContractObjectVehicle
2026-04-01 13:25:07,802 - shared.connections - INFO -   - staging.insuranceWarehouse.stgContractObjectMoto
2026-04-01 13:25:07,804 - shared.connections - INFO -   - staging.insuranceWarehouse.stgContractObjectTravel
2026-04-01 13:25:07,806 - shared.connections - INFO -   - staging.insuranceWarehouse.stgContractObjectSocialInsurance
2026-04-01 13:25:07,807 - shared.connections - INFO -   - staging.insuranceWarehouse.stgContractObjectMedicalInsurance
2026-04-01 13:25:07,809 - shared.connections - INFO -   - staging.insuranceWarehouse.stgContractObjectHouse
2026-04-01 13:25:07,810 - ProfilingConsumer - INFO - Profiling Consumer started. Waiting for messages...
2026-04-01 13:25:28,807 - ProfilingConsumer - WARNING - [CLAIM] Missing contract for claim 000c1e906fcbbe899d500195db7f137b
2026-04-01 13:25:29,084 - ProfilingConsumer - WARNING - [CLAIM] Missing contract for claim 001df4fb776bbe899d5001972c0e3d3a
2026-04-01 13:25:29,292 - ProfilingConsumer - WARNING - [CLAIM] Missing contract for claim 003ba7f90198be899d50018cab5b1f22
2026-04-01 13:25:29,440 - ProfilingConsumer - WARNING - [CLAIM] Missing contract for claim 00935d507b09be899d50018df27e44ed
2026-04-01 13:25:29,594 - ProfilingConsumer - WARNING - [CLAIM] Missing contract for claim 00e2a3fc1b9bbe899d50019925338c5d
2026-04-01 13:25:29,726 - ProfilingConsumer - WARNING - [CLAIM] Missing contract for claim 01485f074feebe899d500197018a4934
2026-04-01 13:25:29,858 - ProfilingConsumer - WARNING - [CLAIM] Missing contract for claim 017dee261e92be899d500196ed37d23b
2026-04-01 13:25:30,003 - ProfilingConsumer - WARNING - [CLAIM] Missing contract for claim 018e21fc3296be899d500195a302aad4
2026-04-01 13:25:30,169 - ProfilingConsumer - WARNING - [CLAIM] Missing contract for claim 01f839f83815be899d5001987fc5ed66
2026-04-01 13:25:30,311 - ProfilingConsumer - WARNING - [CLAIM] Missing contract for claim 0213d7ff3815be899d500198743465ad
2026-04-01 13:25:32,282 - ProfilingConsumer - WARNING - [CLAIM] Missing contract for claim 024e44fc7a13be899d500194772d3f73
2026-04-01 13:25:33,529 - ProfilingConsumer - WARNING - [CLAIM] Missing contract for claim 0251a7406d9cbe899d5001971a72ae30
2026-04-01 13:25:56,191 - ProfilingConsumer - WARNING - [CLAIM] Missing contract for claim 027775156fcbbe899d50019628ebd7e3
2026-04-01 13:25:56,303 - ProfilingConsumer - WARNING - [CLAIM] Missing contract for claim 02bafbfe4bffbe899d5001980415892a
2026-04-01 13:25:56,480 - ProfilingConsumer - WARNING - [CLAIM] Missing contract for claim 02be95034ea9be899d5001981cba36fb
2026-04-01 13:25:56,587 - ProfilingConsumer - WARNING - [CLAIM] Missing contract for claim 03a7146656c5be899d50019984c98f96
2026-04-01 13:25:56,716 - ProfilingConsumer - WARNING - [CLAIM] Missing contract for claim 03b844fa1924be899d500199462bba4b
2026-04-01 13:25:56,818 - ProfilingConsumer - WARNING - [CLAIM] Missing contract for claim 0412eefd2223be899d50019955e0dd05
2026-04-01 13:25:56,935 - ProfilingConsumer - WARNING - [CLAIM] Missing contract for claim 04495090776bbe899d5001972bc4b4b1
2026-04-01 13:25:57,075 - ProfilingConsumer - WARNING - [CLAIM] Missing contract for claim 04603cf86020b529a2dd019b3b82a658
2026-04-01 13:25:57,209 - ProfilingConsumer - WARNING - [CLAIM] Missing contract for claim 04a1dcfe230dbe899d5001932446937d
2026-04-01 13:25:57,329 - ProfilingConsumer - WARNING - [CLAIM] Missing contract for claim 04adb8fc604abe899d5001993cb21cfb
2026-04-01 13:25:57,473 - ProfilingConsumer - WARNING - [CLAIM] Missing contract for claim 04af6cfb1e92be899d500196e8ec303a
2026-04-01 13:25:57,640 - ProfilingConsumer - WARNING - [CLAIM] Missing contract for claim 051a95fa3815be899d500198740f3323
2026-04-01 13:25:57,745 - ProfilingConsumer - WARNING - [CLAIM] Missing contract for claim 054933fb5696be899d500197ddb86fc2
2026-04-01 13:25:57,849 - ProfilingConsumer - WARNING - [CLAIM] Missing contract for claim 05554efc6fcbbe899d5001964d2b972c
2026-04-01 13:25:57,958 - ProfilingConsumer - WARNING - [CLAIM] Missing contract for claim 059724226b59be899d500194df641cba
2026-04-01 13:25:58,070 - ProfilingConsumer - WARNING - [CLAIM] Missing contract for claim 05d5ee5260cdbe899d5001928f1cdbab
2026-04-01 13:25:58,190 - ProfilingConsumer - WARNING - [CLAIM] Missing contract for claim 0648b2fc3815be899d5001987a083008
2026-04-01 13:25:58,331 - ProfilingConsumer - WARNING - [CLAIM] Missing contract for claim 065b56841924be899d5001994775dc64
2026-04-01 13:25:58,451 - ProfilingConsumer - WARNING - [CLAIM] Missing contract for claim 06b9c7fc6fcbbe899d50019618d6aa13
2026-04-01 13:25:58,559 - ProfilingConsumer - WARNING - [CLAIM] Missing contract for claim 06ddf006493bb6cbfa13019b367ab11e
2026-04-01 13:25:58,695 - ProfilingConsumer - WARNING - [CLAIM] Missing contract for claim 06f9d5fa51fcbe899d5001903463e1e9
2026-04-01 13:25:58,810 - ProfilingConsumer - WARNING - [CLAIM] Missing contract for claim 0707c1f9776bbe899d5001973124fb19
2026-04-01 13:25:58,942 - ProfilingConsumer - WARNING - [CLAIM] Missing contract for claim 072698fc9830b6c00008019b1b1582f5
2026-04-01 13:25:59,052 - ProfilingConsumer - WARNING - [CLAIM] Missing contract for claim 073548fe75c8be899d50019545bb79dc
2026-04-01 13:25:59,230 - ProfilingConsumer - WARNING - [CLAIM] Missing contract for claim 073c92fe022ebe899d500192cd0bf76e
2026-04-01 13:25:59,520 - ProfilingConsumer - WARNING - [CLAIM] Missing contract for claim 074939f83439be899d5001925a0bee95
2026-04-01 13:25:59,668 - ProfilingConsumer - WARNING - [CLAIM] Missing contract for claim 076a8142230dbe899d5001932ea587b6
2026-04-01 13:25:59,790 - ProfilingConsumer - WARNING - [CLAIM] Missing contract for claim 0785fc606fcbbe899d5001961904325f
2026-04-01 13:25:59,922 - ProfilingConsumer - WARNING - [CLAIM] Missing contract for claim 0799a73714d0be899d50018f8ddd5dcc
2026-04-01 13:26:00,074 - ProfilingConsumer - WARNING - [CLAIM] Missing contract for claim 07a6d4f86fcbbe899d5001967128003f
2026-04-01 13:26:00,229 - ProfilingConsumer - WARNING - [CLAIM] Missing contract for claim 07b54cfa4ea9be899d500198225b8b57
2026-04-01 13:26:00,386 - ProfilingConsumer - WARNING - [CLAIM] Missing contract for claim 07b5b1f17652be899d50019203d02091
2026-04-01 13:26:00,541 - ProfilingConsumer - WARNING - [CLAIM] Missing contract for claim 07c171371b9bbe899d5001991db588dc
2026-04-01 13:26:00,678 - ProfilingConsumer - WARNING - [CLAIM] Missing contract for claim 080f1cfe3439be899d50019246271bac
2026-04-01 13:26:00,836 - ProfilingConsumer - WARNING - [CLAIM] Missing contract for claim 082528657a1bbe899d50019739907ab7
2026-04-01 13:26:01,020 - ProfilingConsumer - WARNING - [CLAIM] Missing contract for claim 082b38fe5696be899d500197d4b54dcb
2026-04-01 13:26:01,172 - ProfilingConsumer - WARNING - [CLAIM] Missing contract for claim 08540f8434f5be899d50018c237e04c7
2026-04-01 13:26:01,308 - ProfilingConsumer - WARNING - [CLAIM] Missing contract for claim 08fc03fa6fc4b6c00008019b2ba927d0
2026-04-01 13:26:01,475 - ProfilingConsumer - WARNING - [CLAIM] Missing contract for claim 0914b2a16fcbbe899d5001963c9e4d6e
2026-04-01 13:26:01,596 - ProfilingConsumer - WARNING - [CLAIM] Missing contract for claim 097f7d2503deb6cbfa13019b53e001fa
2026-04-01 13:26:01,715 - ProfilingConsumer - WARNING - [CLAIM] Missing contract for claim 09a946d27a1bbe899d5001978351dc62
2026-04-01 13:26:01,855 - ProfilingConsumer - WARNING - [CLAIM] Missing contract for claim 09c682ff776bbe899d5001972acaf425
2026-04-01 13:26:02,025 - ProfilingConsumer - WARNING - [CLAIM] Missing contract for claim 09dbf2026fcbbe899d500195c6523d2c
2026-04-01 13:26:02,197 - ProfilingConsumer - WARNING - [CLAIM] Missing contract for claim 09ddb6956fcbbe899d500195bc67f89e
2026-04-01 13:26:02,329 - ProfilingConsumer - WARNING - [CLAIM] Missing contract for claim 09efc3fb617bbe899d5001919cceb195
2026-04-01 13:26:02,443 - ProfilingConsumer - WARNING - [CLAIM] Missing contract for claim 0a58b8f91b9bbe899d500198e4d65916
2026-04-01 13:26:02,607 - ProfilingConsumer - WARNING - [CLAIM] Missing contract for claim 0a5a98856fcbbe899d500195cdb0d5cb
2026-04-01 13:26:02,728 - ProfilingConsumer - WARNING - [CLAIM] Missing contract for claim 0a7318f71b9bbe899d500198e6a4c29c
2026-04-01 13:26:02,899 - ProfilingConsumer - WARNING - [CLAIM] Missing contract for claim 0a9513a74463be899d50019998809c9f
2026-04-01 13:26:03,035 - ProfilingConsumer - WARNING - [CLAIM] Missing contract for claim 0a9905200b6dbe899d500192743081d7
2026-04-01 13:26:03,204 - ProfilingConsumer - WARNING - [CLAIM] Missing contract for claim 0ad9f7f92f70b6c00008019b2b9d4f2b
2026-04-01 13:26:03,350 - ProfilingConsumer - WARNING - [CLAIM] Missing contract for claim 0b02df325c0fbe899d5001958fa166f9
2026-04-01 13:26:03,477 - ProfilingConsumer - WARNING - [CLAIM] Missing contract for claim 0b1e67f56a6db6cbfa13019b4e8b2503
2026-04-01 13:26:03,601 - ProfilingConsumer - WARNING - [CLAIM] Missing contract for claim 0b3e10fe4e50be899d5001970ceb1a83
2026-04-01 13:26:03,744 - ProfilingConsumer - WARNING - [CLAIM] Missing contract for claim 0b8b30f87a1bbe899d50019750111ec6
2026-04-01 13:26:03,849 - ProfilingConsumer - WARNING - [CLAIM] Missing contract for claim 0ba8135512debe899d50018bbc5a18e1
2026-04-01 13:26:03,915 - ProfilingConsumer - WARNING - [CLAIM] Missing contract for claim 0c4258fc7a1bbe899d50019757b644f6
2026-04-01 13:26:03,995 - ProfilingConsumer - WARNING - [CLAIM] Missing contract for claim 0c5dfbf27a1bbe899d5001974ada44b9
2026-04-01 13:26:04,070 - ProfilingConsumer - WARNING - [CLAIM] Missing contract for claim 0c742f067a1bbe899d50019779a199e5
2026-04-01 13:26:04,143 - ProfilingConsumer - WARNING - [CLAIM] Missing contract for claim 0c879bf53815be899d50019899dd9c1a
2026-04-01 13:26:04,201 - ProfilingConsumer - WARNING - [CLAIM] Missing contract for claim 0ca377041e92be899d500196eb645702
2026-04-01 13:26:04,269 - ProfilingConsumer - WARNING - [CLAIM] Missing contract for claim 0cb49efd5898b529a2dd019b4e862bcb
2026-04-01 13:26:04,361 - ProfilingConsumer - WARNING - [CLAIM] Missing contract for claim 0ce91cff6fcbbe899d500196a942715a
2026-04-01 13:26:04,435 - ProfilingConsumer - WARNING - [CLAIM] Missing contract for claim 0cf4561775c8be899d50019546b63484
2026-04-01 13:26:04,506 - ProfilingConsumer - WARNING - [CLAIM] Missing contract for claim 0d1bdd955ff8b6c00008019abf536f72
2026-04-01 13:26:04,580 - ProfilingConsumer - WARNING - [CLAIM] Missing contract for claim 0d229f4249d9be899d500194031b1677
2026-04-01 13:26:04,650 - ProfilingConsumer - WARNING - [CLAIM] Missing contract for claim 0d247dfa230dbe899d500193425dab18
2026-04-01 13:26:04,726 - ProfilingConsumer - WARNING - [CLAIM] Missing contract for claim 0d2db3f90963be899d5001997174301d
2026-04-01 13:26:04,804 - ProfilingConsumer - WARNING - [CLAIM] Missing contract for claim 0d72e4606fcbbe899d5001966087ea42
2026-04-01 13:26:04,870 - ProfilingConsumer - WARNING - [CLAIM] Missing contract for claim 0d7cb0725784b6c00008019b2baa2aff
2026-04-01 13:26:04,945 - ProfilingConsumer - WARNING - [CLAIM] Missing contract for claim 0da418f91992be899d5001982dfcece8
2026-04-01 13:26:05,016 - ProfilingConsumer - WARNING - [CLAIM] Missing contract for claim 0dbf7bf93815be899d50019874145468
2026-04-01 13:26:05,083 - ProfilingConsumer - WARNING - [CLAIM] Missing contract for claim 0dfa6aff7a1bbe899d5001978b267c33
2026-04-01 13:26:05,151 - ProfilingConsumer - WARNING - [CLAIM] Missing contract for claim 0e05b6777a1bbe899d50019743826c68
2026-04-01 13:26:05,225 - ProfilingConsumer - WARNING - [CLAIM] Missing contract for claim 0e4e0ca1230dbe899d5001931e60e371
2026-04-01 13:26:05,283 - ProfilingConsumer - WARNING - [CLAIM] Missing contract for claim 0e63a0ff5696be899d500197f373d51f
2026-04-01 13:26:05,340 - ProfilingConsumer - WARNING - [CLAIM] Missing contract for claim 0e7177fc5158b6c00008019b0c7f0a10
2026-04-01 13:26:05,396 - ProfilingConsumer - WARNING - [CLAIM] Missing contract for claim 0e7eed673815be899d5001986ff53922
2026-04-01 13:26:05,450 - ProfilingConsumer - WARNING - [CLAIM] Missing contract for claim 0e885d705c0fbe899d5001957447fae1
2026-04-01 13:26:05,512 - ProfilingConsumer - WARNING - [CLAIM] Missing contract for claim 0e9e63b67b09be899d50018e02a99d2c
2026-04-01 13:26:05,578 - ProfilingConsumer - WARNING - [CLAIM] Missing contract for claim 0ed78e857a1bbe899d50019767560c3f
2026-04-01 13:26:05,645 - ProfilingConsumer - WARNING - [CLAIM] Missing contract for claim 0ee9ece04d25b6cbfa13019b53c36885
2026-04-01 13:26:05,697 - ProfilingConsumer - WARNING - [CLAIM] Missing contract for claim 0ef2ddf84588b6c00008019b0c758b13
2026-04-01 13:26:05,756 - ProfilingConsumer - WARNING - [CLAIM] Missing contract for claim 0f1d73f61b9bbe899d500198e5f5876b
2026-04-01 13:26:05,807 - ProfilingConsumer - WARNING - [CLAIM] Missing contract for claim 0f341efe6fcbbe899d50019637d95e40
2026-04-01 13:26:05,866 - ProfilingConsumer - WARNING - [CLAIM] Missing contract for claim 0f64f1042b7fbe899d50019134f0483e
2026-04-01 13:26:05,920 - ProfilingConsumer - WARNING - [CLAIM] Missing contract for claim 0f6b09026fcbbe899d500195cc68765e
2026-04-01 13:26:17,662 - ProfilingConsumer - WARNING - [CLAIM] Missing contract for claim 0f75e36675c8be899d50019569d2100d
2026-04-01 13:26:17,714 - ProfilingConsumer - WARNING - [CLAIM] Missing contract for claim 0f8301ff7a1bbe899d50019734065bf1
2026-04-01 13:26:17,774 - ProfilingConsumer - WARNING - [CLAIM] Missing contract for claim 0fa33b1256c5be899d5001998450f526
2026-04-01 13:26:17,826 - ProfilingConsumer - WARNING - [CLAIM] Missing contract for claim 0fdec3223ffdbe899d500198c786f210
2026-04-01 13:26:17,886 - ProfilingConsumer - WARNING - [CLAIM] Missing contract for claim 102e96fe2ffabe899d50019791c3e7f7
2026-04-01 13:26:17,948 - ProfilingConsumer - WARNING - [CLAIM] Missing contract for claim 1061d0035c0fbe899d500195741f844e
2026-04-01 13:26:18,004 - ProfilingConsumer - WARNING - [CLAIM] Missing contract for claim 10c0dcf81e92be899d500196b2423e7d
2026-04-01 13:26:18,063 - ProfilingConsumer - WARNING - [CLAIM] Missing contract for claim 10e106e4230dbe899d5001933e30684d
2026-04-01 13:26:18,119 - ProfilingConsumer - WARNING - [CLAIM] Missing contract for claim 11a5c9331b9bbe899d500198f3bbbfe5
2026-04-01 13:26:18,185 - ProfilingConsumer - WARNING - [CLAIM] Missing contract for claim 11c656ff1b9bbe899d50019919d5dfba
2026-04-01 13:26:18,245 - ProfilingConsumer - WARNING - [CLAIM] Missing contract for claim 11dd27f93e1dbe899d50018f3bfd2850
2026-04-01 13:26:18,305 - ProfilingConsumer - WARNING - [CLAIM] Missing contract for claim 122139956fcbbe899d5001963706f577
2026-04-01 13:26:18,371 - ProfilingConsumer - WARNING - [CLAIM] Missing contract for claim 123059fd1992be899d5001983b525fac
2026-04-01 13:26:18,424 - ProfilingConsumer - WARNING - [CLAIM] Missing contract for claim 123f2bfb1e92be899d500196ae14cc12
2026-04-01 13:26:18,480 - ProfilingConsumer - WARNING - [CLAIM] Missing contract for claim 1275dfe03ffdbe899d500198c7cb3983
2026-04-01 13:26:18,537 - ProfilingConsumer - WARNING - [CLAIM] Missing contract for claim 1278a77006bcb6c00008019b2bb53007
2026-04-01 13:26:18,594 - ProfilingConsumer - WARNING - [CLAIM] Missing contract for claim 12a3cefd1018be899d50018d0d650a7d
2026-04-01 13:26:18,655 - ProfilingConsumer - WARNING - [CLAIM] Missing contract for claim 1336ac601b9bbe899d500198e085abe4
2026-04-01 13:26:18,711 - ProfilingConsumer - WARNING - [CLAIM] Missing contract for claim 133a28fb51fcbe899d50019015eef495
2026-04-01 13:26:18,770 - ProfilingConsumer - WARNING - [CLAIM] Missing contract for claim 1352d7041b9bbe899d500199153c7d5b
2026-04-01 13:26:18,826 - ProfilingConsumer - WARNING - [CLAIM] Missing contract for claim 135972203815be899d5001986b545197
2026-04-01 13:26:18,884 - ProfilingConsumer - WARNING - [CLAIM] Missing contract for claim 13753cf73d48b529a2dd019b3ba677a6
2026-04-01 13:26:18,943 - ProfilingConsumer - WARNING - [CLAIM] Missing contract for claim 13e6dcf94bffbe899d50019804580c87
2026-04-01 13:26:19,003 - ProfilingConsumer - WARNING - [CLAIM] Missing contract for claim 13eb6fd23ffdbe899d500198cbeb651f
2026-04-01 13:26:19,066 - ProfilingConsumer - WARNING - [CLAIM] Missing contract for claim 13f620fc4e54b6c00008019b1b231dad
2026-04-01 13:26:19,124 - ProfilingConsumer - WARNING - [CLAIM] Missing contract for claim 140747ff776bbe899d500197314e84c3
2026-04-01 13:26:19,184 - ProfilingConsumer - WARNING - [CLAIM] Missing contract for claim 1410a2fc54ccbe899d50019523734983
2026-04-01 13:26:19,241 - ProfilingConsumer - WARNING - [CLAIM] Missing contract for claim 143c7bfa1c44b6cbfa13019b2fbb5bb6
2026-04-01 13:26:19,295 - ProfilingConsumer - WARNING - [CLAIM] Missing contract for claim 144fb2155c0fbe899d50019585b58428
2026-04-01 13:26:19,351 - ProfilingConsumer - WARNING - [CLAIM] Missing contract for claim 1473a8fc5941be899d5001983f631301
2026-04-01 13:26:19,409 - ProfilingConsumer - WARNING - [CLAIM] Missing contract for claim 147855fc682bbe899d5001994cb5f12f
2026-04-01 13:26:19,466 - ProfilingConsumer - WARNING - [CLAIM] Missing contract for claim 149b5ee21992be899d50019837daa7d5
2026-04-01 13:26:19,528 - ProfilingConsumer - WARNING - [CLAIM] Missing contract for claim 14bc43fe230dbe899d5001931bc3f0b1
2026-04-01 13:26:19,591 - ProfilingConsumer - WARNING - [CLAIM] Missing contract for claim 14cdc8643e1dbe899d50018f1e6b4da1
2026-04-01 13:26:19,649 - ProfilingConsumer - WARNING - [CLAIM] Missing contract for claim 14e629a6230dbe899d5001931a119cf6
2026-04-01 13:26:19,710 - ProfilingConsumer - WARNING - [CLAIM] Missing contract for claim 151d0ef56f20b6cbfa13019b2fc3d2a5
2026-04-01 13:26:19,766 - ProfilingConsumer - WARNING - [CLAIM] Missing contract for claim 1583eaff5b0cb6c00008019b30744f75
2026-04-01 13:26:19,828 - ProfilingConsumer - WARNING - [CLAIM] Missing contract for claim 15a4bde71d97be899d50018ff02e3862
2026-04-01 13:26:19,885 - ProfilingConsumer - WARNING - [CLAIM] Missing contract for claim 15b92c900ccbbe899d50018acf158817
2026-04-01 13:26:19,947 - ProfilingConsumer - WARNING - [CLAIM] Missing contract for claim 15cf73fb46d8b529a2dd019b3b70bdd6
2026-04-01 13:26:20,007 - ProfilingConsumer - WARNING - [CLAIM] Missing contract for claim 15db8d9513bebe899d50018db07bf29b
2026-04-01 13:26:20,068 - ProfilingConsumer - WARNING - [CLAIM] Missing contract for claim 15f199247f8bbe899d500194305e5988
2026-04-01 13:26:20,131 - ProfilingConsumer - WARNING - [CLAIM] Missing contract for claim 160563f97652be899d500191cb562e31
2026-04-01 13:26:20,193 - ProfilingConsumer - WARNING - [CLAIM] Missing contract for claim 164a3bfd6fcbbe899d500196345f6644
2026-04-01 13:26:20,252 - ProfilingConsumer - WARNING - [CLAIM] Missing contract for claim 1655e2c53b75be899d5001996b2d0708
2026-04-01 13:26:20,316 - ProfilingConsumer - WARNING - [CLAIM] Missing contract for claim 167064a654ccbe899d5001952153eca4
2026-04-01 13:26:20,394 - ProfilingConsumer - WARNING - [CLAIM] Missing contract for claim 169f95fd357cbe899d50019107f62ea6
2026-04-01 13:26:20,457 - ProfilingConsumer - WARNING - [CLAIM] Missing contract for claim 16a55dfe51fcbe899d500190346b55ff
2026-04-01 13:26:20,523 - ProfilingConsumer - WARNING - [CLAIM] Missing contract for claim 16c8b8b256c0be899d50019962521b32
2026-04-01 13:26:20,596 - ProfilingConsumer - WARNING - [CLAIM] Missing contract for claim 16e3afc01b9bbe899d5001991ed004b0
2026-04-01 13:26:20,658 - ProfilingConsumer - WARNING - [CLAIM] Missing contract for claim 16e74f551e92be899d500196d9abb8ed
2026-04-01 13:26:20,721 - ProfilingConsumer - WARNING - [CLAIM] Missing contract for claim 16ebf2f61018be899d50018d1bd90620
2026-04-01 13:26:20,779 - ProfilingConsumer - WARNING - [CLAIM] Missing contract_object for claim 16f6bdf834f5be899d50018c06e340ab
2026-04-01 13:26:20,848 - ProfilingConsumer - WARNING - [CLAIM] Missing contract for claim 180150731b9bbe899d5001990ecd2d32
2026-04-01 13:26:20,906 - ProfilingConsumer - WARNING - [CLAIM] Missing contract for claim 182d82ff1018be899d50018d02401ecc
2026-04-01 13:26:20,965 - ProfilingConsumer - WARNING - [CLAIM] Missing contract for claim 18700bd61b9bbe899d50019917f35bca
2026-04-01 13:26:21,031 - ProfilingConsumer - WARNING - [CLAIM] Missing contract for claim 1887e2fb7a1bbe899d5001974968adb9
2026-04-01 13:26:21,090 - ProfilingConsumer - WARNING - [CLAIM] Missing contract for claim 1889de736ef4b6c00008019b0c705d15
2026-04-01 13:26:21,152 - ProfilingConsumer - WARNING - [CLAIM] Missing contract for claim 188d59d77a13be899d5001946973381e
2026-04-01 13:26:21,209 - ProfilingConsumer - WARNING - [CLAIM] Missing contract for claim 18cc6cfa7a1bbe899d5001973de00542
2026-04-01 13:26:21,269 - ProfilingConsumer - WARNING - [CLAIM] Missing contract for claim 1900f1fc2f9bbe899d50018d5eab9886
2026-04-01 13:26:21,330 - ProfilingConsumer - WARNING - [CLAIM] Missing contract for claim 1949f8835941be899d5001984f2ff922
2026-04-01 13:26:21,388 - ProfilingConsumer - WARNING - [CLAIM] Missing contract for claim 194d76e61644be899d500197bfea788a
2026-04-01 13:26:21,466 - ProfilingConsumer - WARNING - [CLAIM] Missing contract for claim 19b9b2c57a13be899d50019481e3c511
2026-04-01 13:26:21,522 - ProfilingConsumer - WARNING - [CLAIM] Missing contract for claim 19be91537652be899d500191f3d6214b
2026-04-01 13:26:21,581 - ProfilingConsumer - WARNING - [CLAIM] Missing contract for claim 19ca47d617bdbe899d500194ca2eb104
2026-04-01 13:26:21,643 - ProfilingConsumer - WARNING - [CLAIM] Missing contract for claim 19e020fa6fcbbe899d5001963d582465
2026-04-01 13:26:21,703 - ProfilingConsumer - WARNING - [CLAIM] Missing contract for claim 1ab0b0fd1b9bbe899d500199127cd6b9
2026-04-01 13:26:21,764 - ProfilingConsumer - WARNING - [CLAIM] Missing contract for claim 1b0533f96fcbbe899d500196684f4c37
2026-04-01 13:26:21,819 - ProfilingConsumer - WARNING - [CLAIM] Missing contract for claim 1b35c7826a58be899d500199a302b1a4
2026-04-01 13:26:21,883 - ProfilingConsumer - WARNING - [CLAIM] Missing contract for claim 1e7ac1f43770b529a2dd019b4e85409a
2026-04-01 13:26:21,943 - ProfilingConsumer - WARNING - [CLAIM] Missing contract for claim 1eb49efe18b0b529a2dd019b4e78164a
2026-04-01 13:26:22,001 - ProfilingConsumer - WARNING - [CLAIM] Missing contract for claim 211254c53d48b529a2dd019b3ba4c95c
2026-04-01 13:26:22,071 - ProfilingConsumer - WARNING - [CLAIM] Missing contract for claim 21c5dfff2c64b529a2dd019b3b6bf1e5
2026-04-01 13:26:22,127 - ProfilingConsumer - WARNING - [CLAIM] Missing contract for claim 21f9a9fb2f4cb6c00008019b2f8aa126
2026-04-01 13:26:22,186 - ProfilingConsumer - WARNING - [CLAIM] Missing contract for claim 2234f8f81d26b6cbfa1301993c4a33f8
2026-04-01 13:26:22,246 - ProfilingConsumer - WARNING - [CLAIM] Missing contract for claim 2282f362add6b6aa5e8a019cd746f3ef
2026-04-01 13:26:22,309 - ProfilingConsumer - WARNING - [CLAIM] Missing contract for claim 232003fd5b0cb6c00008019b307246bc
2026-04-01 13:26:22,383 - ProfilingConsumer - WARNING - [CLAIM] Missing contract for claim 255a81c34e0cb6c00008019abf4f88c7
2026-04-01 13:26:22,441 - ProfilingConsumer - WARNING - [CLAIM] Missing contract for claim 257656fb28e8b6c00008019b3020695e
2026-04-01 13:26:22,503 - ProfilingConsumer - WARNING - [CLAIM] Missing contract for claim 27a5b35074a0b6c00008019b123c742f
2026-04-01 13:26:22,559 - ProfilingConsumer - WARNING - [CLAIM] Missing contract for claim 2aa291f8864cb6c00008019b1acc6107
2026-04-01 13:26:22,617 - ProfilingConsumer - WARNING - [CLAIM] Missing contract for claim 2b4b8a925338b529a2dd019b4e8b361f
2026-04-01 13:26:22,679 - ProfilingConsumer - WARNING - [CLAIM] Missing contract for claim 2c2d29d51f76b6cbfa13019b58ab279b
2026-04-01 13:26:22,734 - ProfilingConsumer - WARNING - [CLAIM] Missing contract for claim 2d125b960e0cb529a2dd019b4e6752f4
2026-04-01 13:26:22,797 - ProfilingConsumer - WARNING - [CLAIM] Missing contract for claim 2d3688fa4850b529a2dd019b4e89142e
2026-04-01 13:26:22,857 - ProfilingConsumer - WARNING - [CLAIM] Missing contract for claim 35565ca168acb529a2dd019b4e7f1490
2026-04-01 13:26:41,135 - ProfilingConsumer - WARNING - [CLAIM] Missing contract for claim 370258b16e98b6c00008019b3082e8ac
2026-04-01 13:26:41,189 - ProfilingConsumer - WARNING - [CLAIM] Missing contract for claim 3b40e2a265bcb529a2dd019b4e732fb8
2026-04-01 13:26:41,241 - ProfilingConsumer - WARNING - [CLAIM] Missing contract for claim 3f529cfe2a98b529a2dd019b3b899b3d
2026-04-01 13:26:41,300 - ProfilingConsumer - WARNING - [CLAIM] Missing contract for claim 3f901b6462feb6cbfa13019b58cf2139
2026-04-01 13:26:41,358 - ProfilingConsumer - WARNING - [CLAIM] Missing contract for claim 3fae6c833d48b529a2dd019b3ba46cb8
2026-04-01 13:26:41,419 - ProfilingConsumer - WARNING - [CLAIM] Missing contract for claim 3fe529f90969b6cbfa13019b2fc9eb3a
2026-04-01 13:26:41,481 - ProfilingConsumer - WARNING - [CLAIM] Missing contract for claim 4063f7fd03deb6cbfa13019b54273834
2026-04-01 13:26:41,538 - ProfilingConsumer - WARNING - [CLAIM] Missing contract for claim 419f51fb6020b529a2dd019b3b84ee78
2026-04-01 13:26:41,604 - ProfilingConsumer - WARNING - [CLAIM] Missing contract for claim 4455cdff9830b6c00008019b1b1ee163
2026-04-01 13:26:41,658 - ProfilingConsumer - WARNING - [CLAIM] Missing contract for claim 45da39fd7c14b6c00008019b122f0c00
2026-04-01 13:26:41,713 - ProfilingConsumer - WARNING - [CLAIM] Missing contract for claim 48353afa8680b6c00008019abf1cfa81
2026-04-01 13:26:41,774 - ProfilingConsumer - WARNING - [CLAIM] Missing contract for claim 483fcc161d60b6c00008019abf24cee6
2026-04-01 13:26:41,835 - ProfilingConsumer - WARNING - [CLAIM] Missing contract for claim 48502afe3770b529a2dd019b4e8004c5
2026-04-01 13:26:41,892 - ProfilingConsumer - WARNING - [CLAIM] Missing contract for claim 492dccf93af6b6cbfa13019c469ad5d7
2026-04-01 13:26:41,945 - ProfilingConsumer - WARNING - [CLAIM] Missing contract for claim 49ecfa6065bcb529a2dd019b4e71ec75
2026-04-01 13:26:42,005 - ProfilingConsumer - WARNING - [CLAIM] Missing contract for claim 4a4f48f90f58b6c00008019b0c74374a
2026-04-01 13:26:42,065 - ProfilingConsumer - WARNING - [CLAIM] Missing contract for claim 4aabe5655784b6c00008019b2bab75f7
2026-04-01 13:26:42,124 - ProfilingConsumer - WARNING - [CLAIM] Missing contract for claim 4c2879a1413cb529a2dd019b3b998117
2026-04-01 13:26:42,183 - ProfilingConsumer - WARNING - [CLAIM] Missing contract for claim 4d1adfa431e8b529a2dd019b3b8ec50e
2026-04-01 13:26:42,242 - ProfilingConsumer - WARNING - [CLAIM] Missing contract for claim 4d79d0fb5201b6cbfa13019b2f9feafa
2026-04-01 13:26:42,296 - ProfilingConsumer - WARNING - [CLAIM] Missing contract for claim 4efceff91f76b6cbfa13019b58a72718
2026-04-01 13:26:42,353 - ProfilingConsumer - WARNING - [CLAIM] Missing contract for claim 4f9170056668b6c00008019b20f7922b
2026-04-01 13:26:42,411 - ProfilingConsumer - WARNING - [CLAIM] Missing contract for claim 502655ff4e54b6c00008019b1b281823
2026-04-01 13:26:42,462 - ProfilingConsumer - WARNING - [CLAIM] Missing contract for claim 51fc00f86268b6c00008019b1ac2fef0
2026-04-01 13:26:42,523 - ProfilingConsumer - WARNING - [CLAIM] Missing contract for claim 55d7d8fa2b7cb6c00008019abf2aaf1a
2026-04-01 13:26:42,583 - ProfilingConsumer - WARNING - [CLAIM] Missing contract for claim 56cd50fe4d5cb6cbfa13019b53b11f51
2026-04-01 13:26:42,644 - ProfilingConsumer - WARNING - [CLAIM] Missing contract for claim 57fd53c56368b529a2dd019b3b8da570
2026-04-01 13:26:42,702 - ProfilingConsumer - WARNING - [CLAIM] Missing contract for claim 59a052fb1044b529a2dd019b3b75fc3d
2026-04-01 13:26:42,760 - ProfilingConsumer - WARNING - [CLAIM] Missing contract for claim 59bb90fd27a4b6c00008019b2b98b5de
2026-04-01 13:26:42,821 - ProfilingConsumer - WARNING - [CLAIM] Missing contract for claim 59d2e5f96a6db6cbfa13019b4e91ce79
2026-04-01 13:26:42,881 - ProfilingConsumer - WARNING - [CLAIM] Missing contract for claim 5a2087ff62f8b529a2dd019b53e0d631
2026-04-01 13:26:42,942 - ProfilingConsumer - WARNING - [CLAIM] Missing contract for claim 5a46bdf81d26b6cbfa1301993c590dd8
2026-04-01 13:26:43,004 - ProfilingConsumer - WARNING - [CLAIM] Missing contract for claim 5aa1f1d468e4b6c00008019b2bb799b7
2026-04-01 13:26:43,062 - ProfilingConsumer - WARNING - [CLAIM] Missing contract for claim 5be846fe7074b529a2dd019b53dfb78e
2026-04-01 13:26:43,125 - ProfilingConsumer - WARNING - [CLAIM] Missing contract for claim 5d9229f34e20b529a2dd019b53e283dc
2026-04-01 13:26:43,183 - ProfilingConsumer - WARNING - [CLAIM] Missing contract for claim 5f49caf96a74b6c00008019b0c6dbe1a
2026-04-01 13:26:43,237 - ProfilingConsumer - WARNING - [CLAIM] Missing contract for claim 5f8495fe669cb6c00008019b24e69533
2026-04-01 13:26:43,291 - ProfilingConsumer - WARNING - [CLAIM] Missing contract for claim 6064b4f92ddeb6cbfa13019b2bbe651a
2026-04-01 13:26:43,350 - ProfilingConsumer - WARNING - [CLAIM] Missing contract for claim 632dadd407bab6cbfa13019b68cd43fa
2026-04-01 13:26:43,406 - ProfilingConsumer - WARNING - [CLAIM] Missing contract for claim 682c6bfc369cb6c00008019b30805dbb
2026-04-01 13:26:43,461 - ProfilingConsumer - WARNING - [CLAIM] Missing contract for claim 68cc9ffd62f8b529a2dd019b53e061c8
2026-04-01 13:26:43,526 - ProfilingConsumer - WARNING - [CLAIM] Missing contract for claim 69856efc7074b529a2dd019b53ddf07c
2026-04-01 13:26:43,581 - ProfilingConsumer - WARNING - [CLAIM] Missing contract for claim 6d4956fd62feb6cbfa13019b58d4f0b0
2026-04-01 13:26:43,651 - ProfilingConsumer - WARNING - [CLAIM] Missing contract for claim 6d8921ff6288b6c00008019abf5c56d3
2026-04-01 13:26:43,706 - ProfilingConsumer - WARNING - [CLAIM] Missing contract for claim 6dc891f66020b529a2dd019b3b819982
2026-04-01 13:26:43,765 - ProfilingConsumer - WARNING - [CLAIM] Missing contract for claim 6ee405e22c64b529a2dd019b3b6fcaca
2026-04-01 13:26:43,823 - ProfilingConsumer - WARNING - [CLAIM] Missing contract for claim 71eb42f87c29b6cbfa13019b598cae05
2026-04-01 13:26:43,876 - ProfilingConsumer - WARNING - [CLAIM] Missing contract for claim 73d66e401e54b529a2dd019b3b7ca463
2026-04-01 13:26:43,932 - ProfilingConsumer - WARNING - [CLAIM] Missing contract for claim 743d9fc4cb944792a963f59184830a32
2026-04-01 13:26:43,985 - ProfilingConsumer - WARNING - [CLAIM] Missing contract for claim 763da1146408b529a2dd019b3b97d8e0
2026-04-01 13:26:44,044 - ProfilingConsumer - WARNING - [CLAIM] Missing contract for claim 76c883fa369cb6c00008019b307dbe34
2026-04-01 13:26:44,097 - ProfilingConsumer - WARNING - [CLAIM] Missing contract for claim 777059ff402cb529a2dd019b53c03645
2026-04-01 13:26:44,156 - ProfilingConsumer - WARNING - [CLAIM] Missing contract for claim 77e237733770b529a2dd019b4e823ec4
2026-04-01 13:26:44,216 - ProfilingConsumer - WARNING - [CLAIM] Missing contract for claim 796e88fb5201b6cbfa13019b2fac2885
2026-04-01 13:26:44,275 - ProfilingConsumer - WARNING - [CLAIM] Missing contract for claim 7abf08fe83e8b6c00008019b1ac621fd
2026-04-01 13:26:44,354 - ProfilingConsumer - WARNING - [CLAIM] Missing contract for claim 7c5f85fb4e54b6c00008019b1b2226c9
2026-04-01 13:26:44,413 - ProfilingConsumer - WARNING - [CLAIM] Missing contract for claim 814ed255017fb6cbfa13019b6841b4b6
2026-04-01 13:26:44,466 - ProfilingConsumer - WARNING - [CLAIM] Missing contract for claim 831bf6a6864cb6c00008019b1ac9118f
2026-04-01 13:26:44,522 - ProfilingConsumer - WARNING - [CLAIM] Missing contract for claim 833313d61c58b529a2dd019b4e87ea4d
2026-04-01 13:26:44,587 - ProfilingConsumer - WARNING - [CLAIM] Missing contract for claim 858f4f313770b529a2dd019b4e816f98
2026-04-01 13:26:44,649 - ProfilingConsumer - WARNING - [CLAIM] Missing contract for claim 87851cfe60f8b6c00008019b1ac4a15b
2026-04-01 13:26:44,708 - ProfilingConsumer - WARNING - [CLAIM] Missing contract for claim 8878fefc5240b529a2dd019b3b68df71
2026-04-01 13:26:44,765 - ProfilingConsumer - WARNING - [CLAIM] Missing contract for claim 89fa84fd5edcb529a2dd019b4e652b90
2026-04-01 13:26:44,819 - ProfilingConsumer - WARNING - [CLAIM] Missing contract for claim 8c529af83fa9b6cbfa13019b54db21d7
2026-04-01 13:26:44,871 - ProfilingConsumer - WARNING - [CLAIM] Missing contract for claim 8cc0a5f76668b6c00008019b20f90785
2026-04-01 13:26:44,926 - ProfilingConsumer - WARNING - [CLAIM] Missing contract for claim 8eb2f6424e0cb6c00008019abf4eba15
2026-04-01 13:26:44,984 - ProfilingConsumer - WARNING - [CLAIM] Missing contract for claim 8ffe08fc1f76b6cbfa13019b58ad9e23
2026-04-01 13:26:45,046 - ProfilingConsumer - WARNING - [CLAIM] Missing contract for claim 9085d7725dacb6c00008019abf00733a
2026-04-01 13:26:45,099 - ProfilingConsumer - WARNING - [CLAIM] Missing contract for claim 91737646432cb6c00008019abf522684
2026-04-01 13:26:45,157 - ProfilingConsumer - WARNING - [CLAIM] Missing contract for claim 950d3853022cb6c00008019b123b4620
2026-04-01 13:26:45,214 - ProfilingConsumer - WARNING - [CLAIM] Missing contract for claim 95b383e65f5bb6cbfa13019b5372c125
2026-04-01 13:26:45,271 - ProfilingConsumer - WARNING - [CLAIM] Missing contract for claim 96df77fe1044b529a2dd019b3b798a01
2026-04-01 13:26:45,324 - ProfilingConsumer - WARNING - [CLAIM] Missing contract for claim 9c5c9ba764a9b6cbfa13019b54876308
2026-04-01 13:26:45,378 - ProfilingConsumer - WARNING - [CLAIM] Missing contract for claim 9c8f12364e30b6c00008019b2106eb6c
2026-04-01 13:26:45,434 - ProfilingConsumer - WARNING - [CLAIM] Missing contract for claim 9cb3ca51669cb6c00008019b24e7058a
2026-04-01 13:26:45,496 - ProfilingConsumer - WARNING - [CLAIM] Missing contract for claim a1a732a41d60b6c00008019abf225cd8
2026-04-01 13:26:45,553 - ProfilingConsumer - WARNING - [CLAIM] Missing contract for claim a1ad9ff88680b6c00008019abf1b8266
2026-04-01 13:26:45,613 - ProfilingConsumer - WARNING - [CLAIM] Missing contract for claim a2e80cff017fb6cbfa13019b68231d8e
2026-04-01 13:26:45,677 - ProfilingConsumer - WARNING - [CLAIM] Missing contract for claim a3145be35784b6c00008019b2baa8047
2026-04-01 13:26:45,729 - ProfilingConsumer - WARNING - [CLAIM] Missing contract for claim a3b278175ff8b6c00008019abf5573ca
2026-04-01 13:26:45,784 - ProfilingConsumer - WARNING - [CLAIM] Missing contract for claim a3b7bdf80f58b6c00008019b0c727255
2026-04-01 13:26:45,840 - ProfilingConsumer - WARNING - [CLAIM] Missing contract for claim a42ea2515201b6cbfa13019b2fa68046
2026-04-01 13:26:45,896 - ProfilingConsumer - WARNING - [CLAIM] Missing contract for claim a49a68f94588b6c00008019b0c7753dc
2026-04-01 13:26:45,951 - ProfilingConsumer - WARNING - [CLAIM] Missing contract for claim a85fd8ff66c9b6cbfa13019b53d2ffc2
2026-04-01 13:26:46,006 - ProfilingConsumer - WARNING - [CLAIM] Missing contract for claim a8c6a6c53e2cb6c00008019b307c1f20
2026-04-01 13:26:46,064 - ProfilingConsumer - WARNING - [CLAIM] Missing contract for claim aac0388026d8b529a2dd019b3b6378a4
2026-04-01 13:26:46,118 - ProfilingConsumer - WARNING - [CLAIM] Missing contract for claim aaf7c6f96020b529a2dd019b3b849305
2026-04-01 13:26:46,179 - ProfilingConsumer - WARNING - [CLAIM] Missing contract for claim ac6aadf85701b6cbfa13019a95151d72
2026-04-01 13:26:46,233 - ProfilingConsumer - WARNING - [CLAIM] Missing contract for claim adbd23fd9830b6c00008019b1b187b38
2026-04-01 13:26:46,290 - ProfilingConsumer - WARNING - [CLAIM] Missing contract for claim ae33aefb7c14b6c00008019b122c7083
2026-04-01 13:26:46,353 - ProfilingConsumer - WARNING - [CLAIM] Missing contract for claim ae5b3dfd3c40b6c00008019b2f88a302
2026-04-01 13:26:46,411 - ProfilingConsumer - WARNING - [CLAIM] Missing contract for claim b0c4cbfb4d5cb6cbfa13019b5383688d
2026-04-01 13:26:46,475 - ProfilingConsumer - WARNING - [CLAIM] Missing contract for claim b3948ab12ab8b6c00008019b30283d98
2026-04-01 13:26:46,529 - ProfilingConsumer - WARNING - [CLAIM] Missing contract for claim b4b1b3c42c1cb529a2dd019b4e77644b
2026-04-01 13:26:46,582 - ProfilingConsumer - WARNING - [CLAIM] Missing contract for claim b98ebafe4e54b6c00008019b1b26e48b
2026-04-01 13:26:46,654 - ProfilingConsumer - WARNING - [CLAIM] Missing contract for claim ba0f27e3071cb529a2dd019b53d18ad1
2026-04-01 13:26:46,722 - ProfilingConsumer - WARNING - [CLAIM] Missing contract for claim be304ef82b7cb6c00008019abf2891ae
2026-04-01 13:26:46,778 - ProfilingConsumer - WARNING - [CLAIM] Missing contract for claim c25ecb822c1cb529a2dd019b4e770313
2026-04-01 13:26:46,835 - ProfilingConsumer - WARNING - [CLAIM] Missing contract for claim c2fdc3fa7074b529a2dd019b53db7d9b
2026-04-01 13:26:46,895 - ProfilingConsumer - WARNING - [CLAIM] Missing contract for claim c3260b221094b529a2dd019b53ce9ee8
2026-04-01 13:26:46,952 - ProfilingConsumer - WARNING - [CLAIM] Missing contract for claim c63107756020b529a2dd019b3b802a58
2026-04-01 13:26:54,362 - ProfilingConsumer - WARNING - [CLAIM] Missing contract for claim c6d1a9f8531cb529a2dd019b53d9e0e6
2026-04-01 13:26:54,425 - ProfilingConsumer - WARNING - [CLAIM] Missing contract for claim c75d6a612c64b529a2dd019b3b6c6067
2026-04-01 13:26:54,484 - ProfilingConsumer - WARNING - [CLAIM] Missing contract for claim c8b238260924b6c00008019b20f6c0e9
2026-04-01 13:26:54,543 - ProfilingConsumer - WARNING - [CLAIM] Missing contract for claim c98d7b5380a8b6c00008019abf1e95d8
2026-04-01 13:26:54,607 - ProfilingConsumer - WARNING - [CLAIM] Missing contract for claim ca8021a544fdb6cbfa13019b2e95e906
2026-04-01 13:26:54,665 - ProfilingConsumer - WARNING - [CLAIM] Missing contract for claim cb13ece8b4b04fbf8c2d72e59aa6a045
2026-04-01 13:26:54,729 - ProfilingConsumer - WARNING - [CLAIM] Missing contract for claim cd3d4ec174a0b6c00008019b129123a2
2026-04-01 13:26:54,785 - ProfilingConsumer - WARNING - [CLAIM] Missing contract for claim CLM001
2026-04-01 13:26:54,843 - ProfilingConsumer - WARNING - [CLAIM] Missing contract for claim d09aebf87074b529a2dd019b53dab954
2026-04-01 13:26:54,898 - ProfilingConsumer - WARNING - [CLAIM] Missing contract for claim d0fae3502c1cb529a2dd019b4e75c2c6
2026-04-01 13:26:54,959 - ProfilingConsumer - WARNING - [CLAIM] Missing contract for claim d0ffc2fe254cb6c00008019abf13e174
2026-04-01 13:26:55,015 - ProfilingConsumer - WARNING - [CLAIM] Missing contract for claim d3026bfe07bab6cbfa13019b6d781aaf
2026-04-01 13:26:55,073 - ProfilingConsumer - WARNING - [CLAIM] Missing contract for claim d4c3c3fd10adb6cbfa13019a2f27b5fa
2026-04-01 13:26:55,142 - ProfilingConsumer - WARNING - [CLAIM] Missing contract for claim d5f927302a98b529a2dd019b3b8ae836
2026-04-01 13:26:55,213 - ProfilingConsumer - WARNING - [CLAIM] Missing contract for claim d61cbafd280eb6cbfa13019b2be35ad9
2026-04-01 13:26:55,275 - ProfilingConsumer - WARNING - [CLAIM] Missing contract for claim d79c03f84d5cb6cbfa13019b53a7416c
2026-04-01 13:26:55,335 - ProfilingConsumer - WARNING - [CLAIM] Missing contract for claim d9e2ff44669cb6c00008019b24e7860a
2026-04-01 13:26:55,392 - ProfilingConsumer - WARNING - [CLAIM] Missing contract for claim dcc1def568e4b6c00008019b0c6c6ec8
2026-04-01 13:26:55,452 - ProfilingConsumer - WARNING - [CLAIM] Missing contract for claim de91c1ff4640b529a2dd019b3b95840f
2026-04-01 13:26:55,512 - ProfilingConsumer - WARNING - [CLAIM] Missing contract for claim e1e064fa5240b529a2dd019b3b665934
2026-04-01 13:26:55,567 - ProfilingConsumer - WARNING - [CLAIM] Missing contract for claim e1fe36fa5380b529a2dd019b3b94a472
2026-04-01 13:26:55,628 - ProfilingConsumer - WARNING - [CLAIM] Missing contract for claim e361e7566224b529a2dd019b3b922b16
2026-04-01 13:26:55,687 - ProfilingConsumer - WARNING - [CLAIM] Missing contract for claim e7e0750127184f4c8f743796e7f21157
2026-04-01 13:26:55,754 - ProfilingConsumer - WARNING - [CLAIM] Missing contract for claim e86314f918cdb6cbfa13019b2aff3eab
2026-04-01 13:26:55,811 - ProfilingConsumer - WARNING - [CLAIM] Missing contract for claim e9fe066545b4b6c00008019b2baf1643
2026-04-01 13:26:55,871 - ProfilingConsumer - WARNING - [CLAIM] Missing contract for claim eaec58e09830b6c00008019b1b1f4a6e
2026-04-01 13:26:55,924 - ProfilingConsumer - WARNING - [CLAIM] Missing contract for claim ede6c3fc759cb6c00008019b0c6a9fba
2026-04-01 13:26:55,984 - ProfilingConsumer - WARNING - [CLAIM] Missing contract for claim ee870cfe2c1cb529a2dd019b4e752204
2026-04-01 13:26:56,041 - ProfilingConsumer - WARNING - [CLAIM] Missing contract for claim f0184cfa64a9b6cbfa13019b5485e924
2026-04-01 13:26:56,098 - ProfilingConsumer - WARNING - [CLAIM] Missing contract for claim f1f11ed664a9b6cbfa13019b547c9716
2026-04-01 13:26:56,163 - ProfilingConsumer - WARNING - [CLAIM] Missing contract for claim f72727fe68acb529a2dd019b4e7983ce
2026-04-01 13:26:56,222 - ProfilingConsumer - WARNING - [CLAIM] Missing contract for claim faef69a653a0b529a2dd019b53c17fa8
2026-04-01 13:26:56,281 - ProfilingConsumer - WARNING - [CLAIM] Missing contract for claim fb2e1ff85784b6c00008019b24eed0d0
2026-04-01 13:26:56,334 - ProfilingConsumer - WARNING - [CLAIM] Missing contract for claim fe17ccfc9158b6c00008019b1abdffec
2026-04-01 13:26:56,391 - ProfilingConsumer - WARNING - [CLAIM] Missing contract for claim fe65add1022cb6c00008019b12311c0b
2026-04-01 13:26:56,444 - ProfilingConsumer - WARNING - [CLAIM] Missing contract for claim fef0240403deb6cbfa13019b542ca65f
2026-04-01 13:26:56,502 - ProfilingConsumer - WARNING - [CLAIM] Missing contract for claim ff38ecfd1044b529a2dd019b3b78a9b9
2026-04-01 13:26:56,564 - ProfilingConsumer - WARNING - [CLAIM] Missing contract for claim TEST_CLAIM_001
2026-04-01 13:26:56,620 - ProfilingConsumer - WARNING - [CLAIM] Missing contract for claim TEST_CLAIM_002
2026-04-01 13:26:56,694 - ProfilingConsumer - WARNING - [CLAIM] Missing contract for claim TEST_CLAIM_003
2026-04-01 13:26:56,751 - ProfilingConsumer - WARNING - [CLAIM] Missing contract for claim TEST_CLAIM_004
2026-04-01 13:26:56,809 - ProfilingConsumer - WARNING - [CLAIM] Missing contract for claim TEST_CLAIM_005
2026-04-01 13:26:56,850 - ProfilingConsumer - INFO - [CLAIM] Deleted profiling for claim TEST_CLAIM_001
2026-04-01 13:26:56,894 - ProfilingConsumer - INFO - [CLAIM] Deleted profiling for claim TEST_CLAIM_002
2026-04-01 13:26:56,935 - ProfilingConsumer - INFO - [CLAIM] Deleted profiling for claim TEST_CLAIM_003
2026-04-01 13:26:56,978 - ProfilingConsumer - INFO - [CLAIM] Deleted profiling for claim TEST_CLAIM_004
2026-04-01 13:26:57,012 - ProfilingConsumer - INFO - [CLAIM] Deleted profiling for claim TEST_CLAIM_005
2026-04-01 13:26:57,071 - ProfilingConsumer - WARNING - [CLAIM] Missing contract for claim 000c1e906fcbbe899d500195db7f137b
2026-04-01 13:26:57,130 - ProfilingConsumer - WARNING - [CLAIM] Missing contract for claim 001df4fb776bbe899d5001972c0e3d3a
2026-04-01 13:26:57,194 - ProfilingConsumer - WARNING - [CLAIM] Missing contract for claim 003ba7f90198be899d50018cab5b1f22
2026-04-01 13:26:57,262 - ProfilingConsumer - WARNING - [CLAIM] Missing contract for claim 00935d507b09be899d50018df27e44ed
2026-04-01 13:26:57,322 - ProfilingConsumer - WARNING - [CLAIM] Missing contract for claim 00e2a3fc1b9bbe899d50019925338c5d
2026-04-01 13:26:57,383 - ProfilingConsumer - WARNING - [CLAIM] Missing contract for claim 01485f074feebe899d500197018a4934
2026-04-01 13:26:57,443 - ProfilingConsumer - WARNING - [CLAIM] Missing contract for claim 017dee261e92be899d500196ed37d23b
2026-04-01 13:26:57,507 - ProfilingConsumer - WARNING - [CLAIM] Missing contract for claim 018e21fc3296be899d500195a302aad4
2026-04-01 13:26:57,567 - ProfilingConsumer - WARNING - [CLAIM] Missing contract for claim 01f839f83815be899d5001987fc5ed66
2026-04-01 13:26:57,627 - ProfilingConsumer - WARNING - [CLAIM] Missing contract for claim 0213d7ff3815be899d500198743465ad
2026-04-01 13:26:57,685 - ProfilingConsumer - WARNING - [CLAIM] Missing contract for claim 024e44fc7a13be899d500194772d3f73
2026-04-01 13:26:57,741 - ProfilingConsumer - WARNING - [CLAIM] Missing contract for claim 0251a7406d9cbe899d5001971a72ae30
2026-04-01 13:26:57,797 - ProfilingConsumer - WARNING - [CLAIM] Missing contract for claim 027775156fcbbe899d50019628ebd7e3
2026-04-01 13:26:57,853 - ProfilingConsumer - WARNING - [CLAIM] Missing contract for claim 02bafbfe4bffbe899d5001980415892a
2026-04-01 13:26:57,911 - ProfilingConsumer - WARNING - [CLAIM] Missing contract for claim 02be95034ea9be899d5001981cba36fb
2026-04-01 13:26:57,970 - ProfilingConsumer - WARNING - [CLAIM] Missing contract for claim 03a7146656c5be899d50019984c98f96
2026-04-01 13:26:58,035 - ProfilingConsumer - WARNING - [CLAIM] Missing contract for claim 03b844fa1924be899d500199462bba4b
2026-04-01 13:26:58,094 - ProfilingConsumer - WARNING - [CLAIM] Missing contract for claim 0412eefd2223be899d50019955e0dd05
2026-04-01 13:26:58,151 - ProfilingConsumer - WARNING - [CLAIM] Missing contract for claim 04495090776bbe899d5001972bc4b4b1
2026-04-01 13:26:58,215 - ProfilingConsumer - WARNING - [CLAIM] Missing contract for claim 04603cf86020b529a2dd019b3b82a658
2026-04-01 13:26:58,275 - ProfilingConsumer - WARNING - [CLAIM] Missing contract for claim 04a1dcfe230dbe899d5001932446937d
2026-04-01 13:26:58,338 - ProfilingConsumer - WARNING - [CLAIM] Missing contract for claim 04adb8fc604abe899d5001993cb21cfb
2026-04-01 13:26:58,401 - ProfilingConsumer - WARNING - [CLAIM] Missing contract for claim 04af6cfb1e92be899d500196e8ec303a
2026-04-01 13:26:58,459 - ProfilingConsumer - WARNING - [CLAIM] Missing contract for claim 051a95fa3815be899d500198740f3323
2026-04-01 13:26:58,520 - ProfilingConsumer - WARNING - [CLAIM] Missing contract for claim 054933fb5696be899d500197ddb86fc2
2026-04-01 13:26:58,579 - ProfilingConsumer - WARNING - [CLAIM] Missing contract for claim 05554efc6fcbbe899d5001964d2b972c
2026-04-01 13:26:58,636 - ProfilingConsumer - WARNING - [CLAIM] Missing contract for claim 059724226b59be899d500194df641cba
2026-04-01 13:26:58,694 - ProfilingConsumer - WARNING - [CLAIM] Missing contract for claim 05d5ee5260cdbe899d5001928f1cdbab
2026-04-01 13:26:58,759 - ProfilingConsumer - WARNING - [CLAIM] Missing contract for claim 0648b2fc3815be899d5001987a083008
2026-04-01 13:26:58,820 - ProfilingConsumer - WARNING - [CLAIM] Missing contract for claim 065b56841924be899d5001994775dc64
2026-04-01 13:26:58,875 - ProfilingConsumer - WARNING - [CLAIM] Missing contract for claim 06b9c7fc6fcbbe899d50019618d6aa13
2026-04-01 13:26:58,934 - ProfilingConsumer - WARNING - [CLAIM] Missing contract for claim 06ddf006493bb6cbfa13019b367ab11e
2026-04-01 13:26:58,993 - ProfilingConsumer - WARNING - [CLAIM] Missing contract for claim 06f9d5fa51fcbe899d5001903463e1e9
2026-04-01 13:26:59,052 - ProfilingConsumer - WARNING - [CLAIM] Missing contract for claim 0707c1f9776bbe899d5001973124fb19
2026-04-01 13:26:59,114 - ProfilingConsumer - WARNING - [CLAIM] Missing contract for claim 072698fc9830b6c00008019b1b1582f5
2026-04-01 13:26:59,176 - ProfilingConsumer - WARNING - [CLAIM] Missing contract for claim 073548fe75c8be899d50019545bb79dc
2026-04-01 13:26:59,239 - ProfilingConsumer - WARNING - [CLAIM] Missing contract for claim 073c92fe022ebe899d500192cd0bf76e
2026-04-01 13:26:59,308 - ProfilingConsumer - WARNING - [CLAIM] Missing contract for claim 074939f83439be899d5001925a0bee95
2026-04-01 13:26:59,377 - ProfilingConsumer - WARNING - [CLAIM] Missing contract for claim 076a8142230dbe899d5001932ea587b6
2026-04-01 13:26:59,443 - ProfilingConsumer - WARNING - [CLAIM] Missing contract for claim 0785fc606fcbbe899d5001961904325f
2026-04-01 13:26:59,506 - ProfilingConsumer - WARNING - [CLAIM] Missing contract for claim 0799a73714d0be899d50018f8ddd5dcc
2026-04-01 13:26:59,571 - ProfilingConsumer - WARNING - [CLAIM] Missing contract for claim 07a6d4f86fcbbe899d5001967128003f
2026-04-01 13:26:59,631 - ProfilingConsumer - WARNING - [CLAIM] Missing contract for claim 07b54cfa4ea9be899d500198225b8b57
2026-04-01 13:26:59,688 - ProfilingConsumer - WARNING - [CLAIM] Missing contract for claim 07b5b1f17652be899d50019203d02091
2026-04-01 13:26:59,748 - ProfilingConsumer - WARNING - [CLAIM] Missing contract for claim 07c171371b9bbe899d5001991db588dc
2026-04-01 13:27:14,594 - ProfilingConsumer - WARNING - [CLAIM] Missing contract for claim 080f1cfe3439be899d50019246271bac
2026-04-01 13:27:14,653 - ProfilingConsumer - WARNING - [CLAIM] Missing contract for claim 082528657a1bbe899d50019739907ab7
2026-04-01 13:27:14,712 - ProfilingConsumer - WARNING - [CLAIM] Missing contract for claim 082b38fe5696be899d500197d4b54dcb
2026-04-01 13:27:14,767 - ProfilingConsumer - WARNING - [CLAIM] Missing contract for claim 08540f8434f5be899d50018c237e04c7
2026-04-01 13:27:14,824 - ProfilingConsumer - WARNING - [CLAIM] Missing contract for claim 08fc03fa6fc4b6c00008019b2ba927d0
2026-04-01 13:27:14,880 - ProfilingConsumer - WARNING - [CLAIM] Missing contract for claim 0914b2a16fcbbe899d5001963c9e4d6e
2026-04-01 13:27:14,937 - ProfilingConsumer - WARNING - [CLAIM] Missing contract for claim 097f7d2503deb6cbfa13019b53e001fa
2026-04-01 13:27:14,991 - ProfilingConsumer - WARNING - [CLAIM] Missing contract for claim 09a946d27a1bbe899d5001978351dc62
2026-04-01 13:27:15,053 - ProfilingConsumer - WARNING - [CLAIM] Missing contract for claim 09c682ff776bbe899d5001972acaf425
2026-04-01 13:27:15,108 - ProfilingConsumer - WARNING - [CLAIM] Missing contract for claim 09dbf2026fcbbe899d500195c6523d2c
2026-04-01 13:27:15,164 - ProfilingConsumer - WARNING - [CLAIM] Missing contract for claim 09ddb6956fcbbe899d500195bc67f89e
2026-04-01 13:27:15,217 - ProfilingConsumer - WARNING - [CLAIM] Missing contract for claim 09efc3fb617bbe899d5001919cceb195
2026-04-01 13:27:15,275 - ProfilingConsumer - WARNING - [CLAIM] Missing contract for claim 0a58b8f91b9bbe899d500198e4d65916
2026-04-01 13:27:15,334 - ProfilingConsumer - WARNING - [CLAIM] Missing contract for claim 0a5a98856fcbbe899d500195cdb0d5cb
2026-04-01 13:27:15,398 - ProfilingConsumer - WARNING - [CLAIM] Missing contract for claim 0a7318f71b9bbe899d500198e6a4c29c
2026-04-01 13:27:15,452 - ProfilingConsumer - WARNING - [CLAIM] Missing contract for claim 0a9513a74463be899d50019998809c9f
2026-04-01 13:27:15,508 - ProfilingConsumer - WARNING - [CLAIM] Missing contract for claim 0a9905200b6dbe899d500192743081d7
2026-04-01 13:27:15,565 - ProfilingConsumer - WARNING - [CLAIM] Missing contract for claim 0ad9f7f92f70b6c00008019b2b9d4f2b
2026-04-01 13:27:15,617 - ProfilingConsumer - WARNING - [CLAIM] Missing contract for claim 0b02df325c0fbe899d5001958fa166f9
2026-04-01 13:27:15,679 - ProfilingConsumer - WARNING - [CLAIM] Missing contract for claim 0b1e67f56a6db6cbfa13019b4e8b2503
2026-04-01 13:27:15,735 - ProfilingConsumer - WARNING - [CLAIM] Missing contract for claim 0b3e10fe4e50be899d5001970ceb1a83
2026-04-01 13:27:15,793 - ProfilingConsumer - WARNING - [CLAIM] Missing contract for claim 0b8b30f87a1bbe899d50019750111ec6
2026-04-01 13:27:15,850 - ProfilingConsumer - WARNING - [CLAIM] Missing contract for claim 0ba8135512debe899d50018bbc5a18e1
2026-04-01 13:27:15,907 - ProfilingConsumer - WARNING - [CLAIM] Missing contract for claim 0c4258fc7a1bbe899d50019757b644f6
2026-04-01 13:27:15,961 - ProfilingConsumer - WARNING - [CLAIM] Missing contract for claim 0c5dfbf27a1bbe899d5001974ada44b9
2026-04-01 13:27:16,018 - ProfilingConsumer - WARNING - [CLAIM] Missing contract for claim 0c742f067a1bbe899d50019779a199e5
2026-04-01 13:27:16,078 - ProfilingConsumer - WARNING - [CLAIM] Missing contract for claim 0c879bf53815be899d50019899dd9c1a
2026-04-01 13:27:16,135 - ProfilingConsumer - WARNING - [CLAIM] Missing contract for claim 0ca377041e92be899d500196eb645702
2026-04-01 13:27:16,197 - ProfilingConsumer - WARNING - [CLAIM] Missing contract for claim 0cb49efd5898b529a2dd019b4e862bcb
2026-04-01 13:27:16,253 - ProfilingConsumer - WARNING - [CLAIM] Missing contract for claim 0ce91cff6fcbbe899d500196a942715a
2026-04-01 13:27:16,312 - ProfilingConsumer - WARNING - [CLAIM] Missing contract for claim 0cf4561775c8be899d50019546b63484
2026-04-01 13:27:16,370 - ProfilingConsumer - WARNING - [CLAIM] Missing contract for claim 0d1bdd955ff8b6c00008019abf536f72
2026-04-01 13:27:16,425 - ProfilingConsumer - WARNING - [CLAIM] Missing contract for claim 0d229f4249d9be899d500194031b1677
2026-04-01 13:27:16,485 - ProfilingConsumer - WARNING - [CLAIM] Missing contract for claim 0d247dfa230dbe899d500193425dab18
2026-04-01 13:27:16,541 - ProfilingConsumer - WARNING - [CLAIM] Missing contract for claim 0d2db3f90963be899d5001997174301d
2026-04-01 13:27:16,602 - ProfilingConsumer - WARNING - [CLAIM] Missing contract for claim 0d72e4606fcbbe899d5001966087ea42
2026-04-01 13:27:16,662 - ProfilingConsumer - WARNING - [CLAIM] Missing contract for claim 0d7cb0725784b6c00008019b2baa2aff
2026-04-01 13:27:16,720 - ProfilingConsumer - WARNING - [CLAIM] Missing contract for claim 0da418f91992be899d5001982dfcece8
2026-04-01 13:27:16,775 - ProfilingConsumer - WARNING - [CLAIM] Missing contract for claim 0dbf7bf93815be899d50019874145468
2026-04-01 13:27:16,836 - ProfilingConsumer - WARNING - [CLAIM] Missing contract for claim 0dfa6aff7a1bbe899d5001978b267c33
2026-04-01 13:27:16,890 - ProfilingConsumer - WARNING - [CLAIM] Missing contract for claim 0e05b6777a1bbe899d50019743826c68
2026-04-01 13:27:16,945 - ProfilingConsumer - WARNING - [CLAIM] Missing contract for claim 0e4e0ca1230dbe899d5001931e60e371
2026-04-01 13:27:17,004 - ProfilingConsumer - WARNING - [CLAIM] Missing contract for claim 0e63a0ff5696be899d500197f373d51f
2026-04-01 13:27:17,089 - ProfilingConsumer - WARNING - [CLAIM] Missing contract for claim 0e7177fc5158b6c00008019b0c7f0a10
2026-04-01 13:27:17,145 - ProfilingConsumer - WARNING - [CLAIM] Missing contract for claim 0e7eed673815be899d5001986ff53922
2026-04-01 13:27:17,203 - ProfilingConsumer - WARNING - [CLAIM] Missing contract for claim 0e885d705c0fbe899d5001957447fae1
2026-04-01 13:27:17,259 - ProfilingConsumer - WARNING - [CLAIM] Missing contract for claim 0e9e63b67b09be899d50018e02a99d2c
2026-04-01 13:27:17,325 - ProfilingConsumer - WARNING - [CLAIM] Missing contract for claim 0ed78e857a1bbe899d50019767560c3f
2026-04-01 13:27:17,385 - ProfilingConsumer - WARNING - [CLAIM] Missing contract for claim 0ee9ece04d25b6cbfa13019b53c36885
2026-04-01 13:27:17,445 - ProfilingConsumer - WARNING - [CLAIM] Missing contract for claim 0ef2ddf84588b6c00008019b0c758b13
2026-04-01 13:27:17,503 - ProfilingConsumer - WARNING - [CLAIM] Missing contract for claim 0f1d73f61b9bbe899d500198e5f5876b
2026-04-01 13:27:17,563 - ProfilingConsumer - WARNING - [CLAIM] Missing contract for claim 0f341efe6fcbbe899d50019637d95e40
2026-04-01 13:27:17,620 - ProfilingConsumer - WARNING - [CLAIM] Missing contract for claim 0f64f1042b7fbe899d50019134f0483e
2026-04-01 13:27:17,679 - ProfilingConsumer - WARNING - [CLAIM] Missing contract for claim 0f6b09026fcbbe899d500195cc68765e
2026-04-01 13:27:17,741 - ProfilingConsumer - WARNING - [CLAIM] Missing contract for claim 0f75e36675c8be899d50019569d2100d
2026-04-01 13:27:17,800 - ProfilingConsumer - WARNING - [CLAIM] Missing contract for claim 0f8301ff7a1bbe899d50019734065bf1
2026-04-01 13:27:17,858 - ProfilingConsumer - WARNING - [CLAIM] Missing contract for claim 0fa33b1256c5be899d5001998450f526
2026-04-01 13:27:17,911 - ProfilingConsumer - WARNING - [CLAIM] Missing contract for claim 0fdec3223ffdbe899d500198c786f210
2026-04-01 13:27:17,968 - ProfilingConsumer - WARNING - [CLAIM] Missing contract for claim 102e96fe2ffabe899d50019791c3e7f7
2026-04-01 13:27:18,027 - ProfilingConsumer - WARNING - [CLAIM] Missing contract for claim 1061d0035c0fbe899d500195741f844e
2026-04-01 13:27:18,086 - ProfilingConsumer - WARNING - [CLAIM] Missing contract for claim 10c0dcf81e92be899d500196b2423e7d
2026-04-01 13:27:18,144 - ProfilingConsumer - WARNING - [CLAIM] Missing contract for claim 10e106e4230dbe899d5001933e30684d
2026-04-01 13:27:18,201 - ProfilingConsumer - WARNING - [CLAIM] Missing contract for claim 11a5c9331b9bbe899d500198f3bbbfe5
2026-04-01 13:27:18,264 - ProfilingConsumer - WARNING - [CLAIM] Missing contract for claim 11c656ff1b9bbe899d50019919d5dfba
2026-04-01 13:27:18,317 - ProfilingConsumer - WARNING - [CLAIM] Missing contract for claim 11dd27f93e1dbe899d50018f3bfd2850
2026-04-01 13:27:18,374 - ProfilingConsumer - WARNING - [CLAIM] Missing contract for claim 122139956fcbbe899d5001963706f577
2026-04-01 13:27:18,430 - ProfilingConsumer - WARNING - [CLAIM] Missing contract for claim 123059fd1992be899d5001983b525fac
2026-04-01 13:27:18,486 - ProfilingConsumer - WARNING - [CLAIM] Missing contract for claim 123f2bfb1e92be899d500196ae14cc12
2026-04-01 13:27:18,541 - ProfilingConsumer - WARNING - [CLAIM] Missing contract for claim 1275dfe03ffdbe899d500198c7cb3983
2026-04-01 13:27:18,597 - ProfilingConsumer - WARNING - [CLAIM] Missing contract for claim 1278a77006bcb6c00008019b2bb53007
2026-04-01 13:27:18,668 - ProfilingConsumer - WARNING - [CLAIM] Missing contract for claim 12a3cefd1018be899d50018d0d650a7d
2026-04-01 13:27:18,725 - ProfilingConsumer - WARNING - [CLAIM] Missing contract for claim 1336ac601b9bbe899d500198e085abe4
2026-04-01 13:27:18,783 - ProfilingConsumer - WARNING - [CLAIM] Missing contract for claim 133a28fb51fcbe899d50019015eef495
2026-04-01 13:27:18,839 - ProfilingConsumer - WARNING - [CLAIM] Missing contract for claim 1352d7041b9bbe899d500199153c7d5b
2026-04-01 13:27:18,896 - ProfilingConsumer - WARNING - [CLAIM] Missing contract for claim 135972203815be899d5001986b545197
2026-04-01 13:27:18,953 - ProfilingConsumer - WARNING - [CLAIM] Missing contract for claim 13753cf73d48b529a2dd019b3ba677a6
2026-04-01 13:27:19,011 - ProfilingConsumer - WARNING - [CLAIM] Missing contract for claim 13e6dcf94bffbe899d50019804580c87
2026-04-01 13:27:19,067 - ProfilingConsumer - WARNING - [CLAIM] Missing contract for claim 13eb6fd23ffdbe899d500198cbeb651f
2026-04-01 13:27:19,124 - ProfilingConsumer - WARNING - [CLAIM] Missing contract for claim 13f620fc4e54b6c00008019b1b231dad
2026-04-01 13:27:19,179 - ProfilingConsumer - WARNING - [CLAIM] Missing contract for claim 140747ff776bbe899d500197314e84c3
2026-04-01 13:27:19,238 - ProfilingConsumer - WARNING - [CLAIM] Missing contract for claim 1410a2fc54ccbe899d50019523734983
2026-04-01 13:27:19,299 - ProfilingConsumer - WARNING - [CLAIM] Missing contract for claim 143c7bfa1c44b6cbfa13019b2fbb5bb6
2026-04-01 13:27:19,362 - ProfilingConsumer - WARNING - [CLAIM] Missing contract for claim 144fb2155c0fbe899d50019585b58428
2026-04-01 13:27:19,417 - ProfilingConsumer - WARNING - [CLAIM] Missing contract for claim 1473a8fc5941be899d5001983f631301
2026-04-01 13:27:19,478 - ProfilingConsumer - WARNING - [CLAIM] Missing contract for claim 147855fc682bbe899d5001994cb5f12f
2026-04-01 13:27:19,534 - ProfilingConsumer - WARNING - [CLAIM] Missing contract for claim 149b5ee21992be899d50019837daa7d5
2026-04-01 13:27:23,610 - ProfilingConsumer - WARNING - [CLAIM] Missing contract for claim 14bc43fe230dbe899d5001931bc3f0b1
2026-04-01 13:27:23,666 - ProfilingConsumer - WARNING - [CLAIM] Missing contract for claim 14cdc8643e1dbe899d50018f1e6b4da1
2026-04-01 13:27:23,723 - ProfilingConsumer - WARNING - [CLAIM] Missing contract for claim 14e629a6230dbe899d5001931a119cf6
2026-04-01 13:27:23,785 - ProfilingConsumer - WARNING - [CLAIM] Missing contract for claim 151d0ef56f20b6cbfa13019b2fc3d2a5
2026-04-01 13:27:23,839 - ProfilingConsumer - WARNING - [CLAIM] Missing contract for claim 1583eaff5b0cb6c00008019b30744f75
2026-04-01 13:27:23,896 - ProfilingConsumer - WARNING - [CLAIM] Missing contract for claim 15a4bde71d97be899d50018ff02e3862
2026-04-01 13:27:23,953 - ProfilingConsumer - WARNING - [CLAIM] Missing contract for claim 15b92c900ccbbe899d50018acf158817
2026-04-01 13:27:24,009 - ProfilingConsumer - WARNING - [CLAIM] Missing contract for claim 15cf73fb46d8b529a2dd019b3b70bdd6
2026-04-01 13:27:24,066 - ProfilingConsumer - WARNING - [CLAIM] Missing contract for claim 15db8d9513bebe899d50018db07bf29b
2026-04-01 13:27:24,117 - ProfilingConsumer - WARNING - [CLAIM] Missing contract for claim 15f199247f8bbe899d500194305e5988
2026-04-01 13:27:24,171 - ProfilingConsumer - WARNING - [CLAIM] Missing contract for claim 160563f97652be899d500191cb562e31
2026-04-01 13:27:24,230 - ProfilingConsumer - WARNING - [CLAIM] Missing contract for claim 164a3bfd6fcbbe899d500196345f6644
2026-04-01 13:27:24,288 - ProfilingConsumer - WARNING - [CLAIM] Missing contract for claim 1655e2c53b75be899d5001996b2d0708
2026-04-01 13:27:24,363 - ProfilingConsumer - WARNING - [CLAIM] Missing contract for claim 167064a654ccbe899d5001952153eca4
2026-04-01 13:27:24,432 - ProfilingConsumer - WARNING - [CLAIM] Missing contract for claim 169f95fd357cbe899d50019107f62ea6
2026-04-01 13:27:24,493 - ProfilingConsumer - WARNING - [CLAIM] Missing contract for claim 16a55dfe51fcbe899d500190346b55ff
2026-04-01 13:27:24,550 - ProfilingConsumer - WARNING - [CLAIM] Missing contract for claim 16c8b8b256c0be899d50019962521b32
2026-04-01 13:27:24,609 - ProfilingConsumer - WARNING - [CLAIM] Missing contract for claim 16e3afc01b9bbe899d5001991ed004b0
2026-04-01 13:27:24,662 - ProfilingConsumer - WARNING - [CLAIM] Missing contract for claim 16e74f551e92be899d500196d9abb8ed
2026-04-01 13:27:24,720 - ProfilingConsumer - WARNING - [CLAIM] Missing contract for claim 16ebf2f61018be899d50018d1bd90620
2026-04-01 13:27:24,777 - ProfilingConsumer - WARNING - [CLAIM] Missing contract_object for claim 16f6bdf834f5be899d50018c06e340ab
2026-04-01 13:27:24,833 - ProfilingConsumer - WARNING - [CLAIM] Missing contract for claim 180150731b9bbe899d5001990ecd2d32
2026-04-01 13:27:24,886 - ProfilingConsumer - WARNING - [CLAIM] Missing contract for claim 182d82ff1018be899d50018d02401ecc
2026-04-01 13:27:24,939 - ProfilingConsumer - WARNING - [CLAIM] Missing contract for claim 18700bd61b9bbe899d50019917f35bca
2026-04-01 13:27:24,993 - ProfilingConsumer - WARNING - [CLAIM] Missing contract for claim 1887e2fb7a1bbe899d5001974968adb9
2026-04-01 13:27:25,054 - ProfilingConsumer - WARNING - [CLAIM] Missing contract for claim 1889de736ef4b6c00008019b0c705d15
2026-04-01 13:27:25,109 - ProfilingConsumer - WARNING - [CLAIM] Missing contract for claim 188d59d77a13be899d5001946973381e
2026-04-01 13:27:25,167 - ProfilingConsumer - WARNING - [CLAIM] Missing contract for claim 18cc6cfa7a1bbe899d5001973de00542
2026-04-01 13:27:25,224 - ProfilingConsumer - WARNING - [CLAIM] Missing contract for claim 1900f1fc2f9bbe899d50018d5eab9886
2026-04-01 13:27:25,283 - ProfilingConsumer - WARNING - [CLAIM] Missing contract for claim 1949f8835941be899d5001984f2ff922
2026-04-01 13:27:25,341 - ProfilingConsumer - WARNING - [CLAIM] Missing contract for claim 194d76e61644be899d500197bfea788a
2026-04-01 13:27:25,401 - ProfilingConsumer - WARNING - [CLAIM] Missing contract for claim 19b9b2c57a13be899d50019481e3c511
2026-04-01 13:27:25,465 - ProfilingConsumer - WARNING - [CLAIM] Missing contract for claim 19be91537652be899d500191f3d6214b
2026-04-01 13:27:25,527 - ProfilingConsumer - WARNING - [CLAIM] Missing contract for claim 19ca47d617bdbe899d500194ca2eb104
2026-04-01 13:27:25,586 - ProfilingConsumer - WARNING - [CLAIM] Missing contract for claim 19e020fa6fcbbe899d5001963d582465
2026-04-01 13:27:25,649 - ProfilingConsumer - WARNING - [CLAIM] Missing contract for claim 1ab0b0fd1b9bbe899d500199127cd6b9
2026-04-01 13:27:25,724 - ProfilingConsumer - WARNING - [CLAIM] Missing contract for claim 1b0533f96fcbbe899d500196684f4c37
2026-04-01 13:27:25,776 - ProfilingConsumer - WARNING - [CLAIM] Missing contract for claim 1b35c7826a58be899d500199a302b1a4
2026-04-01 13:27:25,831 - ProfilingConsumer - WARNING - [CLAIM] Missing contract for claim 1e7ac1f43770b529a2dd019b4e85409a
2026-04-01 13:27:25,883 - ProfilingConsumer - WARNING - [CLAIM] Missing contract for claim 1eb49efe18b0b529a2dd019b4e78164a
2026-04-01 13:27:25,942 - ProfilingConsumer - WARNING - [CLAIM] Missing contract for claim 211254c53d48b529a2dd019b3ba4c95c
2026-04-01 13:27:26,000 - ProfilingConsumer - WARNING - [CLAIM] Missing contract for claim 21c5dfff2c64b529a2dd019b3b6bf1e5
2026-04-01 13:27:26,055 - ProfilingConsumer - WARNING - [CLAIM] Missing contract for claim 21f9a9fb2f4cb6c00008019b2f8aa126
2026-04-01 13:27:26,115 - ProfilingConsumer - WARNING - [CLAIM] Missing contract for claim 2234f8f81d26b6cbfa1301993c4a33f8
2026-04-01 13:27:26,176 - ProfilingConsumer - WARNING - [CLAIM] Missing contract for claim 2282f362add6b6aa5e8a019cd746f3ef
2026-04-01 13:27:26,234 - ProfilingConsumer - WARNING - [CLAIM] Missing contract for claim 232003fd5b0cb6c00008019b307246bc
2026-04-01 13:27:26,293 - ProfilingConsumer - WARNING - [CLAIM] Missing contract for claim 255a81c34e0cb6c00008019abf4f88c7
2026-04-01 13:27:26,345 - ProfilingConsumer - WARNING - [CLAIM] Missing contract for claim 257656fb28e8b6c00008019b3020695e
2026-04-01 13:27:26,407 - ProfilingConsumer - WARNING - [CLAIM] Missing contract for claim 27a5b35074a0b6c00008019b123c742f
2026-04-01 13:27:26,470 - ProfilingConsumer - WARNING - [CLAIM] Missing contract for claim 2aa291f8864cb6c00008019b1acc6107
2026-04-01 13:27:26,525 - ProfilingConsumer - WARNING - [CLAIM] Missing contract for claim 2b4b8a925338b529a2dd019b4e8b361f
2026-04-01 13:27:26,583 - ProfilingConsumer - WARNING - [CLAIM] Missing contract for claim 2c2d29d51f76b6cbfa13019b58ab279b
2026-04-01 13:27:26,643 - ProfilingConsumer - WARNING - [CLAIM] Missing contract for claim 2d125b960e0cb529a2dd019b4e6752f4
2026-04-01 13:27:26,695 - ProfilingConsumer - WARNING - [CLAIM] Missing contract for claim 2d3688fa4850b529a2dd019b4e89142e
2026-04-01 13:27:26,759 - ProfilingConsumer - WARNING - [CLAIM] Missing contract for claim 35565ca168acb529a2dd019b4e7f1490
2026-04-01 13:27:26,830 - ProfilingConsumer - WARNING - [CLAIM] Missing contract for claim 370258b16e98b6c00008019b3082e8ac
2026-04-01 13:27:26,890 - ProfilingConsumer - WARNING - [CLAIM] Missing contract for claim 3b40e2a265bcb529a2dd019b4e732fb8
2026-04-01 13:27:26,950 - ProfilingConsumer - WARNING - [CLAIM] Missing contract for claim 3f529cfe2a98b529a2dd019b3b899b3d
2026-04-01 13:27:27,007 - ProfilingConsumer - WARNING - [CLAIM] Missing contract for claim 3f901b6462feb6cbfa13019b58cf2139
2026-04-01 13:27:27,070 - ProfilingConsumer - WARNING - [CLAIM] Missing contract for claim 3fae6c833d48b529a2dd019b3ba46cb8
2026-04-01 13:27:27,134 - ProfilingConsumer - WARNING - [CLAIM] Missing contract for claim 3fe529f90969b6cbfa13019b2fc9eb3a
2026-04-01 13:27:27,193 - ProfilingConsumer - WARNING - [CLAIM] Missing contract for claim 4063f7fd03deb6cbfa13019b54273834
2026-04-01 13:27:27,248 - ProfilingConsumer - WARNING - [CLAIM] Missing contract for claim 419f51fb6020b529a2dd019b3b84ee78
2026-04-01 13:27:27,306 - ProfilingConsumer - WARNING - [CLAIM] Missing contract for claim 4455cdff9830b6c00008019b1b1ee163
2026-04-01 13:27:27,361 - ProfilingConsumer - WARNING - [CLAIM] Missing contract for claim 45da39fd7c14b6c00008019b122f0c00
2026-04-01 13:27:27,420 - ProfilingConsumer - WARNING - [CLAIM] Missing contract for claim 48353afa8680b6c00008019abf1cfa81
2026-04-01 13:27:27,484 - ProfilingConsumer - WARNING - [CLAIM] Missing contract for claim 483fcc161d60b6c00008019abf24cee6
2026-04-01 13:27:27,543 - ProfilingConsumer - WARNING - [CLAIM] Missing contract for claim 48502afe3770b529a2dd019b4e8004c5
2026-04-01 13:27:27,600 - ProfilingConsumer - WARNING - [CLAIM] Missing contract for claim 492dccf93af6b6cbfa13019c469ad5d7
2026-04-01 13:27:27,657 - ProfilingConsumer - WARNING - [CLAIM] Missing contract for claim 49ecfa6065bcb529a2dd019b4e71ec75
2026-04-01 13:27:27,715 - ProfilingConsumer - WARNING - [CLAIM] Missing contract for claim 4a4f48f90f58b6c00008019b0c74374a
2026-04-01 13:27:27,771 - ProfilingConsumer - WARNING - [CLAIM] Missing contract for claim 4aabe5655784b6c00008019b2bab75f7
2026-04-01 13:27:27,826 - ProfilingConsumer - WARNING - [CLAIM] Missing contract for claim 4c2879a1413cb529a2dd019b3b998117
2026-04-01 13:27:27,881 - ProfilingConsumer - WARNING - [CLAIM] Missing contract for claim 4d1adfa431e8b529a2dd019b3b8ec50e
2026-04-01 13:27:27,936 - ProfilingConsumer - WARNING - [CLAIM] Missing contract for claim 4d79d0fb5201b6cbfa13019b2f9feafa
2026-04-01 13:27:27,991 - ProfilingConsumer - WARNING - [CLAIM] Missing contract for claim 4efceff91f76b6cbfa13019b58a72718
2026-04-01 13:27:28,048 - ProfilingConsumer - WARNING - [CLAIM] Missing contract for claim 4f9170056668b6c00008019b20f7922b
2026-04-01 13:27:28,107 - ProfilingConsumer - WARNING - [CLAIM] Missing contract for claim 502655ff4e54b6c00008019b1b281823
2026-04-01 13:27:28,162 - ProfilingConsumer - WARNING - [CLAIM] Missing contract for claim 51fc00f86268b6c00008019b1ac2fef0
2026-04-01 13:27:28,225 - ProfilingConsumer - WARNING - [CLAIM] Missing contract for claim 55d7d8fa2b7cb6c00008019abf2aaf1a
2026-04-01 13:27:28,288 - ProfilingConsumer - WARNING - [CLAIM] Missing contract for claim 56cd50fe4d5cb6cbfa13019b53b11f51
2026-04-01 13:27:28,347 - ProfilingConsumer - WARNING - [CLAIM] Missing contract for claim 57fd53c56368b529a2dd019b3b8da570
2026-04-01 13:27:28,407 - ProfilingConsumer - WARNING - [CLAIM] Missing contract for claim 59a052fb1044b529a2dd019b3b75fc3d
2026-04-01 13:27:28,466 - ProfilingConsumer - WARNING - [CLAIM] Missing contract for claim 59bb90fd27a4b6c00008019b2b98b5de
2026-04-01 13:27:28,526 - ProfilingConsumer - WARNING - [CLAIM] Missing contract for claim 59d2e5f96a6db6cbfa13019b4e91ce79
2026-04-01 13:27:28,587 - ProfilingConsumer - WARNING - [CLAIM] Missing contract for claim 5a2087ff62f8b529a2dd019b53e0d631
2026-04-01 13:27:28,644 - ProfilingConsumer - WARNING - [CLAIM] Missing contract for claim 5a46bdf81d26b6cbfa1301993c590dd8
2026-04-01 13:27:28,702 - ProfilingConsumer - WARNING - [CLAIM] Missing contract for claim 5aa1f1d468e4b6c00008019b2bb799b7
2026-04-01 13:27:28,758 - ProfilingConsumer - WARNING - [CLAIM] Missing contract for claim 5be846fe7074b529a2dd019b53dfb78e
2026-04-01 13:27:28,822 - ProfilingConsumer - WARNING - [CLAIM] Missing contract for claim 5d9229f34e20b529a2dd019b53e283dc
2026-04-01 13:27:28,874 - ProfilingConsumer - WARNING - [CLAIM] Missing contract for claim 5f49caf96a74b6c00008019b0c6dbe1a
2026-04-01 13:27:28,935 - ProfilingConsumer - WARNING - [CLAIM] Missing contract for claim 5f8495fe669cb6c00008019b24e69533
2026-04-01 13:27:28,990 - ProfilingConsumer - WARNING - [CLAIM] Missing contract for claim 6064b4f92ddeb6cbfa13019b2bbe651a
2026-04-01 13:27:29,047 - ProfilingConsumer - WARNING - [CLAIM] Missing contract for claim 632dadd407bab6cbfa13019b68cd43fa
2026-04-01 13:27:38,234 - ProfilingConsumer - WARNING - [CLAIM] Missing contract for claim 682c6bfc369cb6c00008019b30805dbb
2026-04-01 13:27:38,295 - ProfilingConsumer - WARNING - [CLAIM] Missing contract for claim 68cc9ffd62f8b529a2dd019b53e061c8
2026-04-01 13:27:38,362 - ProfilingConsumer - WARNING - [CLAIM] Missing contract for claim 69856efc7074b529a2dd019b53ddf07c
2026-04-01 13:27:38,419 - ProfilingConsumer - WARNING - [CLAIM] Missing contract for claim 6d4956fd62feb6cbfa13019b58d4f0b0
2026-04-01 13:27:38,474 - ProfilingConsumer - WARNING - [CLAIM] Missing contract for claim 6d8921ff6288b6c00008019abf5c56d3
2026-04-01 13:27:38,552 - ProfilingConsumer - WARNING - [CLAIM] Missing contract for claim 6dc891f66020b529a2dd019b3b819982
2026-04-01 13:27:38,615 - ProfilingConsumer - WARNING - [CLAIM] Missing contract for claim 6ee405e22c64b529a2dd019b3b6fcaca
2026-04-01 13:27:38,670 - ProfilingConsumer - WARNING - [CLAIM] Missing contract for claim 71eb42f87c29b6cbfa13019b598cae05
2026-04-01 13:27:38,736 - ProfilingConsumer - WARNING - [CLAIM] Missing contract for claim 73d66e401e54b529a2dd019b3b7ca463
2026-04-01 13:27:38,795 - ProfilingConsumer - WARNING - [CLAIM] Missing contract for claim 743d9fc4cb944792a963f59184830a32
2026-04-01 13:27:38,853 - ProfilingConsumer - WARNING - [CLAIM] Missing contract for claim 763da1146408b529a2dd019b3b97d8e0
2026-04-01 13:27:38,909 - ProfilingConsumer - WARNING - [CLAIM] Missing contract for claim 76c883fa369cb6c00008019b307dbe34
2026-04-01 13:27:38,968 - ProfilingConsumer - WARNING - [CLAIM] Missing contract for claim 777059ff402cb529a2dd019b53c03645
2026-04-01 13:27:39,020 - ProfilingConsumer - WARNING - [CLAIM] Missing contract for claim 77e237733770b529a2dd019b4e823ec4
2026-04-01 13:27:39,076 - ProfilingConsumer - WARNING - [CLAIM] Missing contract for claim 796e88fb5201b6cbfa13019b2fac2885
2026-04-01 13:27:39,138 - ProfilingConsumer - WARNING - [CLAIM] Missing contract for claim 7abf08fe83e8b6c00008019b1ac621fd
2026-04-01 13:27:39,196 - ProfilingConsumer - WARNING - [CLAIM] Missing contract for claim 7c5f85fb4e54b6c00008019b1b2226c9
2026-04-01 13:27:39,258 - ProfilingConsumer - WARNING - [CLAIM] Missing contract for claim 814ed255017fb6cbfa13019b6841b4b6
2026-04-01 13:27:39,316 - ProfilingConsumer - WARNING - [CLAIM] Missing contract for claim 831bf6a6864cb6c00008019b1ac9118f
2026-04-01 13:27:39,375 - ProfilingConsumer - WARNING - [CLAIM] Missing contract for claim 833313d61c58b529a2dd019b4e87ea4d
2026-04-01 13:27:39,430 - ProfilingConsumer - WARNING - [CLAIM] Missing contract for claim 858f4f313770b529a2dd019b4e816f98
2026-04-01 13:27:39,486 - ProfilingConsumer - WARNING - [CLAIM] Missing contract for claim 87851cfe60f8b6c00008019b1ac4a15b
2026-04-01 13:27:39,545 - ProfilingConsumer - WARNING - [CLAIM] Missing contract for claim 8878fefc5240b529a2dd019b3b68df71
2026-04-01 13:27:39,599 - ProfilingConsumer - WARNING - [CLAIM] Missing contract for claim 89fa84fd5edcb529a2dd019b4e652b90
2026-04-01 13:27:39,658 - ProfilingConsumer - WARNING - [CLAIM] Missing contract for claim 8c529af83fa9b6cbfa13019b54db21d7
2026-04-01 13:27:39,713 - ProfilingConsumer - WARNING - [CLAIM] Missing contract for claim 8cc0a5f76668b6c00008019b20f90785
2026-04-01 13:27:39,767 - ProfilingConsumer - WARNING - [CLAIM] Missing contract for claim 8eb2f6424e0cb6c00008019abf4eba15
2026-04-01 13:27:39,821 - ProfilingConsumer - WARNING - [CLAIM] Missing contract for claim 8ffe08fc1f76b6cbfa13019b58ad9e23
2026-04-01 13:27:39,877 - ProfilingConsumer - WARNING - [CLAIM] Missing contract for claim 9085d7725dacb6c00008019abf00733a
2026-04-01 13:27:39,936 - ProfilingConsumer - WARNING - [CLAIM] Missing contract for claim 91737646432cb6c00008019abf522684
2026-04-01 13:27:39,991 - ProfilingConsumer - WARNING - [CLAIM] Missing contract for claim 950d3853022cb6c00008019b123b4620
2026-04-01 13:27:40,049 - ProfilingConsumer - WARNING - [CLAIM] Missing contract for claim 95b383e65f5bb6cbfa13019b5372c125
2026-04-01 13:27:40,104 - ProfilingConsumer - WARNING - [CLAIM] Missing contract for claim 96df77fe1044b529a2dd019b3b798a01
2026-04-01 13:27:40,160 - ProfilingConsumer - WARNING - [CLAIM] Missing contract for claim 9c5c9ba764a9b6cbfa13019b54876308
2026-04-01 13:27:40,217 - ProfilingConsumer - WARNING - [CLAIM] Missing contract for claim 9c8f12364e30b6c00008019b2106eb6c
2026-04-01 13:27:40,273 - ProfilingConsumer - WARNING - [CLAIM] Missing contract for claim 9cb3ca51669cb6c00008019b24e7058a
2026-04-01 13:27:40,323 - ProfilingConsumer - WARNING - [CLAIM] Missing contract for claim a1a732a41d60b6c00008019abf225cd8
2026-04-01 13:27:40,381 - ProfilingConsumer - WARNING - [CLAIM] Missing contract for claim a1ad9ff88680b6c00008019abf1b8266
2026-04-01 13:27:40,433 - ProfilingConsumer - WARNING - [CLAIM] Missing contract for claim a2e80cff017fb6cbfa13019b68231d8e
2026-04-01 13:27:40,493 - ProfilingConsumer - WARNING - [CLAIM] Missing contract for claim a3145be35784b6c00008019b2baa8047
2026-04-01 13:27:40,558 - ProfilingConsumer - WARNING - [CLAIM] Missing contract for claim a3b278175ff8b6c00008019abf5573ca
2026-04-01 13:27:40,609 - ProfilingConsumer - WARNING - [CLAIM] Missing contract for claim a3b7bdf80f58b6c00008019b0c727255
2026-04-01 13:27:40,667 - ProfilingConsumer - WARNING - [CLAIM] Missing contract for claim a42ea2515201b6cbfa13019b2fa68046
2026-04-01 13:27:40,724 - ProfilingConsumer - WARNING - [CLAIM] Missing contract for claim a49a68f94588b6c00008019b0c7753dc
2026-04-01 13:27:40,784 - ProfilingConsumer - WARNING - [CLAIM] Missing contract for claim a85fd8ff66c9b6cbfa13019b53d2ffc2
2026-04-01 13:27:40,839 - ProfilingConsumer - WARNING - [CLAIM] Missing contract for claim a8c6a6c53e2cb6c00008019b307c1f20
2026-04-01 13:27:40,891 - ProfilingConsumer - WARNING - [CLAIM] Missing contract for claim aac0388026d8b529a2dd019b3b6378a4
2026-04-01 13:27:40,945 - ProfilingConsumer - WARNING - [CLAIM] Missing contract for claim aaf7c6f96020b529a2dd019b3b849305
2026-04-01 13:27:41,003 - ProfilingConsumer - WARNING - [CLAIM] Missing contract for claim ac6aadf85701b6cbfa13019a95151d72
2026-04-01 13:27:41,067 - ProfilingConsumer - WARNING - [CLAIM] Missing contract for claim adbd23fd9830b6c00008019b1b187b38
2026-04-01 13:27:41,123 - ProfilingConsumer - WARNING - [CLAIM] Missing contract for claim ae33aefb7c14b6c00008019b122c7083
2026-04-01 13:27:41,191 - ProfilingConsumer - WARNING - [CLAIM] Missing contract for claim ae5b3dfd3c40b6c00008019b2f88a302
2026-04-01 13:27:41,246 - ProfilingConsumer - WARNING - [CLAIM] Missing contract for claim b0c4cbfb4d5cb6cbfa13019b5383688d
2026-04-01 13:27:41,304 - ProfilingConsumer - WARNING - [CLAIM] Missing contract for claim b3948ab12ab8b6c00008019b30283d98
2026-04-01 13:27:41,358 - ProfilingConsumer - WARNING - [CLAIM] Missing contract for claim b4b1b3c42c1cb529a2dd019b4e77644b
2026-04-01 13:27:41,415 - ProfilingConsumer - WARNING - [CLAIM] Missing contract for claim b98ebafe4e54b6c00008019b1b26e48b
2026-04-01 13:27:41,470 - ProfilingConsumer - WARNING - [CLAIM] Missing contract for claim ba0f27e3071cb529a2dd019b53d18ad1
2026-04-01 13:27:41,533 - ProfilingConsumer - WARNING - [CLAIM] Missing contract for claim be304ef82b7cb6c00008019abf2891ae
2026-04-01 13:27:41,590 - ProfilingConsumer - WARNING - [CLAIM] Missing contract for claim c25ecb822c1cb529a2dd019b4e770313
2026-04-01 13:27:41,649 - ProfilingConsumer - WARNING - [CLAIM] Missing contract for claim c2fdc3fa7074b529a2dd019b53db7d9b
2026-04-01 13:27:41,712 - ProfilingConsumer - WARNING - [CLAIM] Missing contract for claim c3260b221094b529a2dd019b53ce9ee8
2026-04-01 13:27:41,769 - ProfilingConsumer - WARNING - [CLAIM] Missing contract for claim c63107756020b529a2dd019b3b802a58
2026-04-01 13:27:41,826 - ProfilingConsumer - WARNING - [CLAIM] Missing contract for claim c6d1a9f8531cb529a2dd019b53d9e0e6
2026-04-01 13:27:41,890 - ProfilingConsumer - WARNING - [CLAIM] Missing contract for claim c75d6a612c64b529a2dd019b3b6c6067
2026-04-01 13:27:41,943 - ProfilingConsumer - WARNING - [CLAIM] Missing contract for claim c8b238260924b6c00008019b20f6c0e9
2026-04-01 13:27:42,000 - ProfilingConsumer - WARNING - [CLAIM] Missing contract for claim c98d7b5380a8b6c00008019abf1e95d8
2026-04-01 13:27:42,059 - ProfilingConsumer - WARNING - [CLAIM] Missing contract for claim ca8021a544fdb6cbfa13019b2e95e906
2026-04-01 13:27:42,115 - ProfilingConsumer - WARNING - [CLAIM] Missing contract for claim cb13ece8b4b04fbf8c2d72e59aa6a045
2026-04-01 13:27:42,176 - ProfilingConsumer - WARNING - [CLAIM] Missing contract for claim cd3d4ec174a0b6c00008019b129123a2
2026-04-01 13:27:42,230 - ProfilingConsumer - WARNING - [CLAIM] Missing contract for claim CLM001
2026-04-01 13:27:42,291 - ProfilingConsumer - WARNING - [CLAIM] Missing contract for claim d09aebf87074b529a2dd019b53dab954
2026-04-01 13:27:42,347 - ProfilingConsumer - WARNING - [CLAIM] Missing contract for claim d0fae3502c1cb529a2dd019b4e75c2c6
2026-04-01 13:27:42,405 - ProfilingConsumer - WARNING - [CLAIM] Missing contract for claim d0ffc2fe254cb6c00008019abf13e174
2026-04-01 13:27:42,461 - ProfilingConsumer - WARNING - [CLAIM] Missing contract for claim d3026bfe07bab6cbfa13019b6d781aaf
2026-04-01 13:27:42,524 - ProfilingConsumer - WARNING - [CLAIM] Missing contract for claim d4c3c3fd10adb6cbfa13019a2f27b5fa
2026-04-01 13:27:42,585 - ProfilingConsumer - WARNING - [CLAIM] Missing contract for claim d5f927302a98b529a2dd019b3b8ae836
2026-04-01 13:27:42,641 - ProfilingConsumer - WARNING - [CLAIM] Missing contract for claim d61cbafd280eb6cbfa13019b2be35ad9
2026-04-01 13:27:42,700 - ProfilingConsumer - WARNING - [CLAIM] Missing contract for claim d79c03f84d5cb6cbfa13019b53a7416c
2026-04-01 13:27:42,755 - ProfilingConsumer - WARNING - [CLAIM] Missing contract for claim d9e2ff44669cb6c00008019b24e7860a
2026-04-01 13:27:42,818 - ProfilingConsumer - WARNING - [CLAIM] Missing contract for claim dcc1def568e4b6c00008019b0c6c6ec8
2026-04-01 13:27:42,877 - ProfilingConsumer - WARNING - [CLAIM] Missing contract for claim de91c1ff4640b529a2dd019b3b95840f
2026-04-01 13:27:42,934 - ProfilingConsumer - WARNING - [CLAIM] Missing contract for claim e1e064fa5240b529a2dd019b3b665934
2026-04-01 13:27:42,987 - ProfilingConsumer - WARNING - [CLAIM] Missing contract for claim e1fe36fa5380b529a2dd019b3b94a472
2026-04-01 13:27:43,044 - ProfilingConsumer - WARNING - [CLAIM] Missing contract for claim e361e7566224b529a2dd019b3b922b16
2026-04-01 13:27:43,102 - ProfilingConsumer - WARNING - [CLAIM] Missing contract for claim e7e0750127184f4c8f743796e7f21157
2026-04-01 13:27:43,158 - ProfilingConsumer - WARNING - [CLAIM] Missing contract for claim e86314f918cdb6cbfa13019b2aff3eab
2026-04-01 13:27:43,216 - ProfilingConsumer - WARNING - [CLAIM] Missing contract for claim e9fe066545b4b6c00008019b2baf1643
2026-04-01 13:27:43,269 - ProfilingConsumer - WARNING - [CLAIM] Missing contract for claim eaec58e09830b6c00008019b1b1f4a6e
2026-04-01 13:27:43,323 - ProfilingConsumer - WARNING - [CLAIM] Missing contract for claim ede6c3fc759cb6c00008019b0c6a9fba
2026-04-01 13:27:43,387 - ProfilingConsumer - WARNING - [CLAIM] Missing contract for claim ee870cfe2c1cb529a2dd019b4e752204
2026-04-01 13:27:43,447 - ProfilingConsumer - WARNING - [CLAIM] Missing contract for claim f0184cfa64a9b6cbfa13019b5485e924
2026-04-01 13:27:43,502 - ProfilingConsumer - WARNING - [CLAIM] Missing contract for claim f1f11ed664a9b6cbfa13019b547c9716
2026-04-01 13:27:43,555 - ProfilingConsumer - WARNING - [CLAIM] Missing contract for claim f72727fe68acb529a2dd019b4e7983ce
2026-04-01 13:27:43,612 - ProfilingConsumer - WARNING - [CLAIM] Missing contract for claim faef69a653a0b529a2dd019b53c17fa8
2026-04-01 13:27:43,683 - ProfilingConsumer - WARNING - [CLAIM] Missing contract for claim fb2e1ff85784b6c00008019b24eed0d0
2026-04-01 13:27:43,743 - ProfilingConsumer - WARNING - [CLAIM] Missing contract for claim fe17ccfc9158b6c00008019b1abdffec
2026-04-01 13:27:43,801 - ProfilingConsumer - WARNING - [CLAIM] Missing contract for claim fe65add1022cb6c00008019b12311c0b
2026-04-01 13:27:43,861 - ProfilingConsumer - WARNING - [CLAIM] Missing contract for claim fef0240403deb6cbfa13019b542ca65f
2026-04-01 13:27:43,915 - ProfilingConsumer - WARNING - [CLAIM] Missing contract for claim ff38ecfd1044b529a2dd019b3b78a9b9
2026-04-01 13:27:43,984 - ProfilingConsumer - WARNING - [CLAIM] Missing contract for claim TEST_CLAIM_001
2026-04-01 13:27:44,052 - ProfilingConsumer - WARNING - [CLAIM] Missing contract for claim TEST_CLAIM_002
2026-04-01 13:27:59,260 - ProfilingConsumer - WARNING - [CLAIM] Missing contract for claim TEST_CLAIM_003
2026-04-01 13:27:59,316 - ProfilingConsumer - WARNING - [CLAIM] Missing contract for claim TEST_CLAIM_004
2026-04-01 13:27:59,374 - ProfilingConsumer - WARNING - [CLAIM] Missing contract for claim TEST_CLAIM_005
2026-04-01 13:27:59,429 - ProfilingConsumer - WARNING - [CLAIM] Missing contract for claim TEST_CLAIM_006
2026-04-01 13:28:50,529 - ProfilingConsumer - WARNING - [REFRESH] Missing contract 384e6dff14d0be899d50018f941b565d — skipping 1 claims
2026-04-01 13:28:51,917 - ProfilingConsumer - WARNING - [REFRESH] Missing contract 3c6035ff022ebe899d500192ec7d5566 — skipping 1 claims
2026-04-01 13:29:10,152 - ProfilingConsumer - WARNING - [REFRESH] Missing contract 4a7577f70584be899d50018fe75886aa — skipping 1 claims
2026-04-01 13:29:10,975 - ProfilingConsumer - WARNING - [REFRESH] Missing contract 4d355ae76fcbbe899d50019647c27fd9 — skipping 1 claims
2026-04-01 13:29:11,114 - ProfilingConsumer - WARNING - [REFRESH] Missing contract 4d9ba991087cbe899d500190b43fe362 — skipping 1 claims
2026-04-01 13:29:22,805 - ProfilingConsumer - WARNING - [REFRESH] Missing contract 550416ff6fcbbe899d500195d178a774 — skipping 1 claims
2026-04-01 13:29:27,522 - ProfilingConsumer - WARNING - [REFRESH] Missing contract 55e0d6fe75c8be899d50019547527763 — skipping 1 claims
2026-04-01 13:29:27,794 - ProfilingConsumer - WARNING - [REFRESH] Missing contract 5676d2fe6fcbbe899d500195d1b30230 — skipping 1 claims
2026-04-01 13:29:27,969 - ProfilingConsumer - WARNING - [REFRESH] Missing contract 56f1f7567a1bbe899d50019755120ce0 — skipping 1 claims
2026-04-01 13:29:28,839 - ProfilingConsumer - WARNING - [REFRESH] Missing contract 59488ffc54ccbe899d50019526e994b3 — skipping 2 claims
2026-04-01 13:29:30,326 - ProfilingConsumer - WARNING - [REFRESH] Missing contract 5d1cd0c651fcbe899d5001900add31f5 — skipping 1 claims
2026-04-01 13:29:30,405 - ProfilingConsumer - WARNING - [REFRESH] Missing contract 5d4913706fcbbe899d500195da770fe9 — skipping 1 claims
2026-04-01 13:29:30,579 - ProfilingConsumer - WARNING - [REFRESH] Missing contract 5d8ff0fb168ebe899d5001938674e470 — skipping 1 claims
2026-04-01 13:29:36,117 - ProfilingConsumer - WARNING - [REFRESH] Missing contract 5fa4dff93edbbe899d500192956dd664 — skipping 1 claims
2026-04-01 13:29:47,068 - ProfilingConsumer - WARNING - [REFRESH] Missing contract 642b2fe30b6dbe899d50019264bd2d27 — skipping 1 claims
2026-04-01 13:29:47,908 - ProfilingConsumer - WARNING - [REFRESH] Missing contract 65e86de06fcbbe899d50019694457a2f — skipping 1 claims
2026-04-01 13:29:48,477 - ProfilingConsumer - WARNING - [REFRESH] Missing contract 684137f9087cbe899d500190aaa98860 — skipping 1 claims
2026-04-01 13:29:48,561 - ProfilingConsumer - WARNING - [REFRESH] Missing contract 68a2b4ff51fcbe899d50019010afa26f — skipping 1 claims
2026-04-01 13:29:54,141 - ProfilingConsumer - WARNING - [REFRESH] Missing contract 6bb99a46022ebe899d500192bda24dcb — skipping 1 claims
2026-04-01 13:29:54,683 - ProfilingConsumer - WARNING - [REFRESH] Missing contract 6d6c90f91c70be899d5001915407a08f — skipping 2 claims
2026-04-01 13:29:57,735 - ProfilingConsumer - WARNING - [REFRESH] Missing contract 6e1794e475c8be899d500195641cd4d4 — skipping 2 claims
2026-04-01 13:29:58,761 - ProfilingConsumer - WARNING - [REFRESH] Missing contract 70b0abfd0a70be899d50018874b0cc4c — skipping 2 claims
2026-04-01 13:29:59,414 - ProfilingConsumer - WARNING - [REFRESH] Missing contract 71eb5564087cbe899d500190a536983d — skipping 1 claims
2026-04-01 13:30:01,583 - ProfilingConsumer - WARNING - [REFRESH] Missing contract 72a242276fcbbe899d50019629310b7c — skipping 1 claims
2026-04-01 13:30:01,805 - ProfilingConsumer - WARNING - [REFRESH] Missing contract 73871aff6fcbbe899d500195b2ad77e7 — skipping 1 claims
2026-04-01 13:30:02,405 - ProfilingConsumer - WARNING - [REFRESH] Missing contract 751fca165893be899d500186d9fc53e4 — skipping 1 claims
2026-04-01 13:30:11,931 - ProfilingConsumer - WARNING - [REFRESH] Missing contract 7a9e22a67a1bbe899d50019753f4da8e — skipping 1 claims
2026-04-01 13:30:12,477 - ProfilingConsumer - WARNING - [REFRESH] Missing contract 7bfe24fe7a1bbe899d50019734e1036c — skipping 1 claims
2026-04-01 13:30:18,866 - ProfilingConsumer - WARNING - [REFRESH] Missing contract 7d466cfa0ccbbe899d50018acbbced87 — skipping 1 claims
2026-04-01 13:30:18,969 - ProfilingConsumer - WARNING - [REFRESH] Missing contract 7d773bff5d37be899d500190defa11b5 — skipping 1 claims
2026-04-01 13:30:19,188 - ProfilingConsumer - WARNING - [REFRESH] Missing contract 7dfdc9f07a1bbe899d5001976d387b48 — skipping 1 claims
2026-04-01 13:30:19,239 - ProfilingConsumer - WARNING - [REFRESH] Missing contract 7e017b475dbebe899d50018a26409b98 — skipping 1 claims
2026-04-01 13:30:19,564 - ProfilingConsumer - WARNING - [REFRESH] Missing contract 7ecf67fc5e40be899d500193b9f97f97 — skipping 1 claims
2026-04-01 13:30:25,706 - ProfilingConsumer - WARNING - [REFRESH] Missing contract 82c3e5fe52b9be899d50019518b3d9c6 — skipping 1 claims
2026-04-01 13:30:25,964 - ProfilingConsumer - WARNING - [REFRESH] Missing contract 83528efa0b09be899d50018ee08809e9 — skipping 1 claims
2026-04-01 13:30:26,729 - ProfilingConsumer - WARNING - [REFRESH] Missing contract 864f03c66fcbbe899d500195dc559e7b — skipping 2 claims
2026-04-01 13:30:31,746 - ProfilingConsumer - WARNING - [REFRESH] Missing contract 8865ceff401abe899d5001921ce3bd0e — skipping 1 claims
2026-04-01 13:30:33,078 - ProfilingConsumer - WARNING - [REFRESH] Missing contract 8c332937022ebe899d500192faf94729 — skipping 1 claims
2026-04-01 13:30:33,246 - ProfilingConsumer - WARNING - [REFRESH] Missing contract 8c83a4fa1e92be899d500196bedb9a29 — skipping 2 claims
2026-04-01 13:30:34,729 - ProfilingConsumer - WARNING - [REFRESH] Missing contract 9103b5f96fcbbe899d500195effc1db7 — skipping 2 claims
2026-04-01 13:30:44,030 - ProfilingConsumer - WARNING - [REFRESH] Missing contract 92194e127b61be899d500195426b8f1b — skipping 1 claims
2026-04-01 13:30:44,328 - ProfilingConsumer - WARNING - [REFRESH] Missing contract 931f1552022ebe899d500192b7b844b9 — skipping 1 claims
2026-04-01 13:30:44,722 - ProfilingConsumer - WARNING - [REFRESH] Missing contract 940e22607ac5be899d50018cf15c3c55 — skipping 1 claims
2026-04-01 13:30:45,204 - ProfilingConsumer - WARNING - [REFRESH] Missing contract 9537d5ff75c8be899d5001954f974bf8 — skipping 1 claims
2026-04-01 13:30:49,467 - ProfilingConsumer - WARNING - [REFRESH] Missing contract 9738e3f975c8be899d5001956abd3fd9 — skipping 3 claims
2026-04-01 13:30:52,865 - ProfilingConsumer - WARNING - [REFRESH] Missing contract 9c3910fb7b61be899d500195376d0bcd — skipping 3 claims
2026-04-01 13:30:53,498 - ProfilingConsumer - WARNING - [REFRESH] Missing contract 9e0395fe52b9be899d5001951de057ca — skipping 1 claims
2026-04-01 13:31:00,540 - ProfilingConsumer - WARNING - [REFRESH] Missing contract 9fe7de511c70be899d50019154119ec6 — skipping 2 claims
2026-04-01 13:31:00,949 - ProfilingConsumer - WARNING - [REFRESH] Missing contract a0c60bfb0a70be899d5001893ec62cb0 — skipping 4 claims
2026-04-01 13:31:01,123 - ProfilingConsumer - WARNING - [REFRESH] Missing contract a160c9c0776bbe899d50019724a6f3fd — skipping 1 claims
2026-04-01 13:31:01,808 - ProfilingConsumer - WARNING - [REFRESH] Missing contract a3738cfc7b61be899d500195374d34be — skipping 1 claims
2026-04-01 13:31:03,970 - ProfilingConsumer - WARNING - [REFRESH] Missing contract a5b9acf875c8be899d50019565f807d2 — skipping 1 claims
2026-04-01 13:31:08,680 - ProfilingConsumer - WARNING - [REFRESH] Missing contract a8efbdfa087cbe899d50019091391ade — skipping 1 claims
2026-04-01 13:31:15,909 - ProfilingConsumer - WARNING - [REFRESH] Missing contract b2b12c273ef0b6cbfa13019c9e02e1b5 — skipping 1 claims
2026-04-01 13:31:16,041 - ProfilingConsumer - WARNING - [REFRESH] Missing contract b2eae1fb168ebe899d5001936242ffe7 — skipping 1 claims
2026-04-01 13:31:16,249 - ProfilingConsumer - WARNING - [REFRESH] Missing contract b3a3cd82168ebe899d5001936118b984 — skipping 1 claims
2026-04-01 13:31:17,003 - ProfilingConsumer - WARNING - [REFRESH] Missing contract b55de2ff230dbe899d500193397d3430 — skipping 1 claims
2026-04-01 13:31:19,328 - ProfilingConsumer - WARNING - [REFRESH] Missing contract b91665f96fcbbe899d500196a384aa10 — skipping 1 claims
2026-04-01 13:31:23,680 - ProfilingConsumer - WARNING - [REFRESH] Missing contract bf3e8052084abe899d50018cd8b0b121 — skipping 1 claims
2026-04-01 13:31:24,173 - ProfilingConsumer - WARNING - [REFRESH] Missing contract c03ca4ff5c0fbe899d500195884b852d — skipping 2 claims
2026-04-01 13:31:25,189 - ProfilingConsumer - WARNING - [REFRESH] Missing contract c2b2a2ff168ebe899d500193619563f9 — skipping 1 claims
2026-04-01 13:31:25,416 - ProfilingConsumer - WARNING - [REFRESH] Missing contract c310cff80ccbbe899d50018ab082affb — skipping 1 claims
2026-04-01 13:31:25,645 - ProfilingConsumer - WARNING - [REFRESH] Missing contract c3d35846168ebe899d500193af9b8828 — skipping 1 claims
2026-04-01 13:31:27,425 - ProfilingConsumer - WARNING - [REFRESH] Missing contract c55c20e237e7be899d500189968913f6 — skipping 1 claims
2026-04-01 13:31:27,802 - ProfilingConsumer - WARNING - [REFRESH] Missing contract c6bd9f61357cbe899d50019111a8272b — skipping 1 claims
2026-04-01 13:31:28,120 - ProfilingConsumer - WARNING - [REFRESH] Missing contract c7b69ab214d0be899d50018fa9f41d64 — skipping 2 claims
2026-04-01 13:31:28,479 - ProfilingConsumer - WARNING - [REFRESH] Missing contract c85bc2fc6fcbbe899d500195a6f146ef — skipping 1 claims
2026-04-01 13:31:28,714 - ProfilingConsumer - WARNING - [REFRESH] Missing contract c922de8423a6be899d50018e40293796 — skipping 1 claims
2026-04-01 13:31:29,040 - ProfilingConsumer - WARNING - [REFRESH] Missing contract c9b98dfc230dbe899d50019342727337 — skipping 1 claims
2026-04-01 13:31:31,333 - ProfilingConsumer - WARNING - [REFRESH] Missing contract cd6a53fc6fcbbe899d50019657f646df — skipping 1 claims
2026-04-01 13:31:32,050 - ProfilingConsumer - WARNING - [REFRESH] Missing contract cfee02f96fcbbe899d5001960e6388ab — skipping 1 claims
2026-04-01 13:31:32,199 - ProfilingConsumer - WARNING - [REFRESH] Missing contract cffcc32317bdbe899d500194a17cd0ae — skipping 1 claims
2026-04-01 13:31:33,664 - ProfilingConsumer - WARNING - [REFRESH] Missing contract d0d236427a13be899d5001948d5f0310 — skipping 1 claims
2026-04-01 13:31:34,883 - ProfilingConsumer - WARNING - [REFRESH] Missing contract d46ffefe12debe899d50018b89a50cfc — skipping 1 claims
2026-04-01 13:31:35,196 - ProfilingConsumer - WARNING - [REFRESH] Missing contract d4dfa2fb49d9be899d500193f6e88734 — skipping 3 claims
2026-04-01 13:31:36,951 - ProfilingConsumer - WARNING - [REFRESH] Missing contract d6d78d2654ccbe899d50019526576530 — skipping 1 claims
2026-04-01 13:31:37,326 - ProfilingConsumer - WARNING - [REFRESH] Missing contract d86327061c53b6cbfa1301993c3761b2 — skipping 2 claims
2026-04-01 13:31:37,445 - ProfilingConsumer - WARNING - [REFRESH] Missing contract d88bf3f86fcbbe899d500195fa12eb17 — skipping 1 claims
2026-04-01 13:31:38,137 - ProfilingConsumer - WARNING - [REFRESH] Missing contract da3bbc63114eb6cbfa13019a90681f43 — skipping 130 claims
2026-04-01 13:31:40,628 - ProfilingConsumer - WARNING - [REFRESH] Missing contract db34d1705d93b6cbfa13019b2af86fe8 — skipping 39 claims
2026-04-01 13:31:40,712 - ProfilingConsumer - WARNING - [REFRESH] Missing contract dbad37fb7a13be899d50019474c1e36c — skipping 1 claims
2026-04-01 13:31:40,824 - ProfilingConsumer - WARNING - [REFRESH] Missing contract dbe53fff1644be899d500197b5bb1a4b — skipping 1 claims
2026-04-01 13:31:41,208 - ProfilingConsumer - WARNING - [REFRESH] Missing contract dc7651e63f13be899d500189b542c64f — skipping 1 claims
2026-04-01 13:31:41,319 - ProfilingConsumer - WARNING - [REFRESH] Missing contract dc9c609149d9be899d50019416575906 — skipping 2 claims
2026-04-01 13:31:41,838 - ProfilingConsumer - WARNING - [REFRESH] Missing contract de9cd8fa6fcbbe899d500195fac295b6 — skipping 1 claims
2026-04-01 13:31:42,766 - ProfilingConsumer - WARNING - [REFRESH] Missing contract e0bb18766334be899d50018ebb9dac39 — skipping 1 claims
2026-04-01 13:31:43,097 - ProfilingConsumer - WARNING - [REFRESH] Missing contract e1dc8a0717bdbe899d500194a176e20d — skipping 1 claims
2026-04-01 13:31:44,032 - ProfilingConsumer - WARNING - [REFRESH] Missing contract e4ed3ef951fcbe899d5001902e6fb895 — skipping 1 claims
2026-04-01 13:31:46,569 - ProfilingConsumer - WARNING - [REFRESH] Missing contract e5b605f9357cbe899d5001910692149b — skipping 1 claims
2026-04-01 13:31:46,687 - ProfilingConsumer - WARNING - [REFRESH] Missing contract e5fb4bf26fcbbe899d5001967f988f3f — skipping 2 claims
2026-04-01 13:31:48,217 - ProfilingConsumer - WARNING - [REFRESH] Missing contract e9fe2df85696be899d500197e973ec64 — skipping 1 claims
2026-04-01 13:31:48,335 - ProfilingConsumer - WARNING - [REFRESH] Missing contract ea4fe0237b61be899d50019535db7570 — skipping 2 claims
2026-04-01 13:31:48,894 - ProfilingConsumer - WARNING - [REFRESH] Missing contract eb1017fc4703be899d50018d54564820 — skipping 1 claims
2026-04-01 13:31:49,131 - ProfilingConsumer - WARNING - [REFRESH] Missing contract eb575cf83c7eb6cbfa13019aed67f312 — skipping 2 claims
2026-04-01 13:31:52,937 - ProfilingConsumer - WARNING - [REFRESH] Missing contract f1a76aa66fcbbe899d50019639b83821 — skipping 1 claims
2026-04-01 13:31:53,234 - ProfilingConsumer - WARNING - [REFRESH] Missing contract f1f2b4b349d9be899d500193f6e24ca4 — skipping 2 claims
2026-04-01 13:31:53,357 - ProfilingConsumer - WARNING - [REFRESH] Missing contract f247efb11eecbe899d500195139d4390 — skipping 1 claims
2026-04-01 13:31:53,408 - ProfilingConsumer - WARNING - [REFRESH] Missing contract f255c6fd7a13be899d5001945ebf612c — skipping 1 claims
2026-04-01 13:31:54,785 - ProfilingConsumer - WARNING - [REFRESH] Missing contract f2d114fc12debe899d50018bc71c88e5 — skipping 1 claims
2026-04-01 13:31:58,052 - ProfilingConsumer - WARNING - [REFRESH] Missing contract f784f0fc7f8bbe899d50019449ba576b — skipping 1 claims
2026-04-01 13:31:59,420 - ProfilingConsumer - WARNING - [REFRESH] Missing contract fa60de00617bbe899d50019193441e2e — skipping 1 claims
2026-04-01 13:32:02,135 - ProfilingConsumer - WARNING - [REFRESH] Missing contract fb968e14230dbe899d500193203e08f6 — skipping 1 claims
2026-04-01 13:32:02,758 - ProfilingConsumer - WARNING - [REFRESH] Missing contract fd6b6ffd617bbe899d5001919dfd347a — skipping 1 claims
2026-04-01 13:32:03,848 - ProfilingConsumer - WARNING - [REFRESH] Missing contract ff96bcfc169ebe899d50018e98b01664 — skipping 1 claims
2026-04-01 13:32:04,062 - ProfilingConsumer - WARNING - [REFRESH] Missing contract TEST_CONTRACT_001 — skipping 1 claims
2026-04-01 13:32:04,114 - ProfilingConsumer - WARNING - [REFRESH] Missing contract TEST_CONTRACT_002 — skipping 1 claims
2026-04-01 13:32:04,181 - ProfilingConsumer - WARNING - [REFRESH] Missing contract TEST_CONTRACT_003 — skipping 1 claims
2026-04-01 13:32:04,245 - ProfilingConsumer - WARNING - [REFRESH] Missing contract TEST_CONTRACT_004 — skipping 1 claims
2026-04-01 13:32:04,299 - ProfilingConsumer - WARNING - [REFRESH] Missing contract TEST_CONTRACT_005 — skipping 2 claims
2026-04-01 13:36:16,604 - ProfilingConsumer - INFO - ============================================================
2026-04-01 13:36:16,605 - ProfilingConsumer - INFO - PROFILING CONSUMER STATISTICS
2026-04-01 13:36:16,606 - ProfilingConsumer - INFO - ============================================================
2026-04-01 13:36:16,607 - ProfilingConsumer - INFO - Running time: 669s
2026-04-01 13:36:16,607 - ProfilingConsumer - INFO - Messages processed: 18800
2026-04-01 13:36:16,608 - ProfilingConsumer - INFO - Errors: 0
2026-04-01 13:36:16,609 - ProfilingConsumer - INFO - Claim events: 0
2026-04-01 13:36:16,610 - ProfilingConsumer - INFO - Contract events: 7158
2026-04-01 13:36:16,610 - ProfilingConsumer - INFO - Contract Object events: 10978
2026-04-01 13:36:16,611 - ProfilingConsumer - INFO - Inserts: 0
2026-04-01 13:36:16,612 - ProfilingConsumer - INFO - Updates: 216
2026-04-01 13:36:16,612 - ProfilingConsumer - INFO - Deletes: 5
2026-04-01 13:36:16,613 - ProfilingConsumer - INFO - Skipped: 659
2026-04-01 13:36:16,614 - ProfilingConsumer - INFO - ============================================================
2026-04-01 13:38:33,266 - ProfilingConsumer - INFO - ============================================================
2026-04-01 13:38:33,267 - ProfilingConsumer - INFO - PROFILING CONSUMER STATISTICS
2026-04-01 13:38:33,268 - ProfilingConsumer - INFO - ============================================================
2026-04-01 13:38:33,268 - ProfilingConsumer - INFO - Running time: 805s
2026-04-01 13:38:33,269 - ProfilingConsumer - INFO - Messages processed: 22700
2026-04-01 13:38:33,270 - ProfilingConsumer - INFO - Errors: 0
2026-04-01 13:38:33,270 - ProfilingConsumer - INFO - Claim events: 0
2026-04-01 13:38:33,271 - ProfilingConsumer - INFO - Contract events: 7158
2026-04-01 13:38:33,272 - ProfilingConsumer - INFO - Contract Object events: 14878
2026-04-01 13:38:33,273 - ProfilingConsumer - INFO - Inserts: 0
2026-04-01 13:38:33,273 - ProfilingConsumer - INFO - Updates: 441
2026-04-01 13:38:33,274 - ProfilingConsumer - INFO - Deletes: 5
2026-04-01 13:38:33,275 - ProfilingConsumer - INFO - Skipped: 659
2026-04-01 13:38:33,276 - ProfilingConsumer - INFO - ============================================================
2026-04-03 06:31:05,111 - ProfilingConsumer - INFO - Received SIGTERM — initiating graceful shutdown...
2026-04-03 06:31:06,075 - ProfilingConsumer - INFO - Cleaning up resources...
2026-04-03 06:31:06,077 - ProfilingConsumer - INFO - ============================================================
2026-04-03 06:31:06,078 - ProfilingConsumer - INFO - PROFILING CONSUMER STATISTICS
2026-04-03 06:31:06,079 - ProfilingConsumer - INFO - ============================================================
2026-04-03 06:31:06,080 - ProfilingConsumer - INFO - Running time: 147958s
2026-04-03 06:31:06,081 - ProfilingConsumer - INFO - Messages processed: 24244
2026-04-03 06:31:06,082 - ProfilingConsumer - INFO - Errors: 0
2026-04-03 06:31:06,083 - ProfilingConsumer - INFO - Claim events: 0
2026-04-03 06:31:06,084 - ProfilingConsumer - INFO - Contract events: 7158
2026-04-03 06:31:06,085 - ProfilingConsumer - INFO - Contract Object events: 16422
2026-04-03 06:31:06,085 - ProfilingConsumer - INFO - Inserts: 0
2026-04-03 06:31:06,086 - ProfilingConsumer - INFO - Updates: 441
2026-04-03 06:31:06,087 - ProfilingConsumer - INFO - Deletes: 5
2026-04-03 06:31:06,088 - ProfilingConsumer - INFO - Skipped: 659
2026-04-03 06:31:06,089 - ProfilingConsumer - INFO - ============================================================
2026-04-03 06:31:06,098 - ProfilingConsumer - INFO - Kafka consumer closed
2026-04-03 06:31:06,103 - ProfilingConsumer - INFO - Profiling Consumer stopped
2026-04-03 07:03:45,169 - ProfilingConsumer - INFO - Architecture: Debezium → Kafka → This Consumer → profiling_analysis
2026-04-03 07:03:45,171 - ProfilingConsumer - INFO - Mode: Real-time streaming (replaces DB triggers)
2026-04-03 07:03:45,172 - ProfilingConsumer - INFO - ============================================================
2026-04-03 07:03:45,177 - ProfilingConsumer - INFO - STARTING PROFILING CONSUMER
2026-04-03 07:03:45,180 - ProfilingConsumer - INFO - ============================================================
